id sire dam EBV sex
1 0 0   4.01749778 1
2 0 0   -3.26706630 1
3 0 0   5.79042061 1
4 0 0   -6.81575509 1
5 0 0   -10.28722240 1
6 0 0   -15.65135579 1
7 0 0   -6.08548674 1
8 0 0   6.18339618 1
9 0 0   -6.48590280 1
10 0 0  8.99566078 1
11 0 0  -7.46910620 1
12 0 0  -7.58629403 1
13 0 0  -20.62717370 1
14 0 0  0.18954355 1
15 0 0  7.47095035 1
16 0 0  -13.42924612 1
17 0 0  -4.92625123 1
18 0 0  -5.94091833 1
19 0 0  1.67630655 1
20 0 0  5.34665284 1
21 0 0  0.08218475 1
22 0 0  -10.31106470 1
23 0 0  -6.56237195 1
24 0 0  3.37670229 1
25 0 0  -4.75054046 1
26 0 0  -3.28694312 1
27 0 0  -3.13010245 1
28 0 0  -0.44076310 1
29 0 0  -6.86804480 1
30 0 0  -24.07425735 1
31 0 0  4.50842860 1
32 0 0  0.38864986 1
33 0 0  0.35817863 1
34 0 0  -2.27972306 1
35 0 0  -8.11369313 1
36 0 0  -3.26453871 1
37 0 0  -21.54724517 1
38 0 0  -7.85005302 1
39 0 0  -5.54680087 1
40 0 0  1.66710545 1
41 0 0  4.42536337 1
42 0 0  -7.75708565 1
43 0 0  -7.20067990 1
44 0 0  -0.99549983 1
45 0 0  -9.18508196 1
46 0 0  -16.73485484 1
47 0 0  -13.56928630 1
48 0 0  -0.23725734 1
49 0 0  -12.87948254 1
50 0 0  -4.40509092 1
51 0 0  -3.57962825 1
52 0 0  -11.29003859 1
53 0 0  -7.05413037 1
54 0 0  -5.62161633 1
55 0 0  -9.60752329 1
56 0 0  -4.77874600 1
57 0 0  -15.98637834 1
58 0 0  0.39936957 1
59 0 0  -2.05354548 1
60 0 0  -4.29163143 1
61 0 0  -0.27130616 1
62 0 0  -12.11315092 1
63 0 0  -8.49060505 1
64 0 0  6.40039288 1
65 0 0  6.27426801 1
66 0 0  1.43612576 1
67 0 0  -4.23328152 1
68 0 0  -5.68619682 1
69 0 0  2.09538103 1
70 0 0  -1.93151818 1
71 0 0  -1.26909555 1
72 0 0  -7.20495215 1
73 0 0  -4.18663758 1
74 0 0  3.12747547 1
75 0 0  -9.06187748 1
76 0 0  -1.29796221 1
77 0 0  -11.13418239 1
78 0 0  2.19758838 1
79 0 0  -3.72994316 1
80 0 0  -7.59167734 1
81 0 0  -13.33327697 1
82 0 0  2.34590236 1
83 0 0  -4.67356314 1
84 0 0  -1.13032436 1
85 0 0  -4.66143418 1
86 0 0  -5.28763290 1
87 0 0  -4.04327777 1
88 0 0  3.81403921 1
89 0 0  -6.97750081 1
90 0 0  -12.70011356 1
91 0 0  6.84965362 1
92 0 0  -0.69412515 1
93 0 0  7.01381323 1
94 0 0  -1.66518928 1
95 0 0  -6.54180004 1
96 0 0  -3.90350279 1
97 0 0  2.22026003 1
98 0 0  0.97173316 1
99 0 0  -12.75981515 1
100 0 0 -2.02526366 1
101 0 0 -4.80160342 2
102 0 0 -0.34324800 2
103 0 0 0.32971656 2
104 0 0 -2.82734256 2
105 0 0 -1.64736411 2
106 0 0 6.28450767 2
107 0 0 4.63928925 2
108 0 0 -6.56974159 2
109 0 0 4.83481434 2
110 0 0 -1.21456870 2
111 0 0 -3.58934929 2
112 0 0 5.30649638 2
113 0 0 -6.23744955 2
114 0 0 0.70107839 2
115 0 0 -9.45502394 2
116 0 0 -7.77088735 2
117 0 0 0.29017966 2
118 0 0 2.34724729 2
119 0 0 5.51523597 2
120 0 0 -0.76470004 2
121 0 0 7.06164333 2
122 0 0 6.45119876 2
123 0 0 4.75122198 2
124 0 0 -4.15741678 2
125 0 0 3.17331453 2
126 0 0 -6.50386514 2
127 0 0 -5.98479330 2
128 0 0 1.10619261 2
129 0 0 9.55898275 2
130 0 0 -0.94561418 2
131 0 0 -5.31501537 2
132 0 0 -0.75909348 2
133 0 0 6.25942514 2
134 0 0 4.93155137 2
135 0 0 5.32591424 2
136 0 0 2.74645698 2
137 0 0 13.66651674 2
138 0 0 -5.75942104 2
139 0 0 -1.92475169 2
140 0 0 3.21255965 2
141 0 0 -11.69771071 2
142 0 0 7.68233131 2
143 0 0 6.12288565 2
144 0 0 -2.93473771 2
145 0 0 -1.16293082 2
146 0 0 5.63459498 2
147 0 0 -2.60772935 2
148 0 0 -3.85767856 2
149 0 0 -1.13322911 2
150 0 0 0.03069736 2
151 0 0 -6.75875621 2
152 0 0 5.68173146 2
153 0 0 2.41923240 2
154 0 0 3.38008632 2
155 0 0 -0.84047015 2
156 0 0 -6.16180458 2
157 0 0 0.23559282 2
158 0 0 5.81407440 2
159 0 0 -9.11854632 2
160 0 0 5.75864799 2
161 0 0 -0.80289163 2
162 0 0 0.97536735 2
163 0 0 13.51017972 2
164 0 0 -3.87735183 2
165 0 0 -3.09616061 2
166 0 0 -4.30069581 2
167 0 0 3.17419304 2
168 0 0 -6.17745677 2
169 0 0 -2.68521378 2
170 0 0 -2.90824338 2
171 0 0 -3.11013890 2
172 0 0 0.15983232 2
173 0 0 -2.72666431 2
174 0 0 6.26182515 2
175 0 0 4.43958029 2
176 0 0 2.19220733 2
177 0 0 -4.15734963 2
178 0 0 6.50431575 2
179 0 0 15.11638682 2
180 0 0 2.66750041 2
181 0 0 4.73180032 2
182 0 0 -0.15245203 2
183 0 0 8.00829413 2
184 0 0 1.18740259 2
185 0 0 -4.88922335 2
186 0 0 -0.88347096 2
187 0 0 5.65703110 2
188 0 0 3.39569920 2
189 0 0 -8.54940866 2
190 0 0 -4.34840766 2
191 0 0 6.36681163 2
192 0 0 9.10959065 2
193 0 0 -1.42357146 2
194 0 0 1.59777734 2
195 0 0 0.40049742 2
196 0 0 -5.74124436 2
197 0 0 3.66432703 2
198 0 0 1.95524488 2
199 0 0 5.14944186 2
200 0 0 0.11398755 2
201 0 0 1.13892943 2
202 0 0 7.65912539 2
203 0 0 2.47095223 2
204 0 0 3.75019521 2
205 0 0 0.96608584 2
206 0 0 -12.81626744 2
207 0 0 -1.32347465 2
208 0 0 -5.34959933 2
209 0 0 -1.27580622 2
210 0 0 3.51600557 2
211 0 0 -5.35464489 2
212 0 0 -0.20734795 2
213 0 0 -1.35655598 2
214 0 0 -6.98997074 2
215 0 0 1.49147834 2
216 0 0 9.70755185 2
217 0 0 3.26839422 2
218 0 0 11.21845603 2
219 0 0 -2.01335978 2
220 0 0 3.50241138 2
221 0 0 2.79543858 2
222 0 0 1.65614519 2
223 0 0 9.84103842 2
224 0 0 7.62116184 2
225 0 0 -4.03023619 2
226 0 0 8.20934408 2
227 0 0 8.19806964 2
228 0 0 6.95645244 2
229 0 0 -1.45472840 2
230 0 0 -1.84207401 2
231 0 0 -5.41615404 2
232 0 0 5.42032119 2
233 0 0 7.73234573 2
234 0 0 2.93072680 2
235 0 0 -4.77891883 2
236 0 0 -0.61145549 2
237 0 0 -0.19844924 2
238 0 0 3.78914328 2
239 0 0 -3.93782689 2
240 0 0 -10.49941097 2
241 0 0 1.36971124 2
242 0 0 2.40381175 2
243 0 0 -4.26515559 2
244 0 0 5.95435416 2
245 0 0 0.64078263 2
246 0 0 -4.82386689 2
247 0 0 4.06526225 2
248 0 0 -0.55499530 2
249 0 0 1.99042636 2
250 0 0 3.11343004 2
251 0 0 1.35559144 2
252 0 0 -5.37469343 2
253 0 0 9.35438169 2
254 0 0 5.45578875 2
255 0 0 -3.94411862 2
256 0 0 1.45025257 2
257 0 0 -4.35364422 2
258 0 0 5.46074566 2
259 0 0 -1.98361407 2
260 0 0 5.87297936 2
261 0 0 -4.58719286 2
262 0 0 4.74054700 2
263 0 0 0.27850472 2
264 0 0 -2.40029774 2
265 0 0 5.74843492 2
266 0 0 2.09738741 2
267 0 0 2.20926055 2
268 0 0 -0.14249092 2
269 0 0 -3.34762353 2
270 0 0 -11.51107203 2
271 0 0 2.44186843 2
272 0 0 -2.78874893 2
273 0 0 7.35856688 2
274 0 0 1.86414269 2
275 0 0 1.80761921 2
276 0 0 0.27483072 2
277 0 0 -2.15297611 2
278 0 0 -8.58495902 2
279 0 0 0.84253240 2
280 0 0 -1.33486786 2
281 0 0 3.68831874 2
282 0 0 -3.09573931 2
283 0 0 3.60776250 2
284 0 0 4.37981036 2
285 0 0 2.36611518 2
286 0 0 2.09450530 2
287 0 0 -3.06717477 2
288 0 0 2.50094918 2
289 0 0 -6.99420979 2
290 0 0 -8.38831511 2
291 0 0 -1.84676390 2
292 0 0 -4.21117033 2
293 0 0 1.86497653 2
294 0 0 -0.09877362 2
295 0 0 1.34932766 2
296 0 0 3.47731265 2
297 0 0 -0.50643593 2
298 0 0 -9.10727319 2
299 0 0 2.98591241 2
300 0 0 4.70201399 2
301 0 0 3.13152926 2
302 0 0 -6.18157918 2
303 0 0 -0.44952396 2
304 0 0 4.18519691 2
305 0 0 -0.98377229 2
306 0 0 -5.56516199 2
307 0 0 2.60082367 2
308 0 0 5.55800330 2
309 0 0 -0.03111468 2
310 0 0 5.45513137 2
311 0 0 1.24739042 2
312 0 0 -4.92371492 2
313 0 0 4.42460977 2
314 0 0 -9.35645095 2
315 0 0 -7.86942424 2
316 0 0 7.00279283 2
317 0 0 0.46552110 2
318 0 0 -1.73282113 2
319 0 0 -5.65850289 2
320 0 0 1.94557881 2
321 0 0 8.99135602 2
322 0 0 2.52217817 2
323 0 0 -5.70179210 2
324 0 0 -1.98929527 2
325 0 0 1.42168542 2
326 0 0 9.51064157 2
327 0 0 9.64548309 2
328 0 0 1.57968314 2
329 0 0 5.15509717 2
330 0 0 0.12198806 2
331 0 0 -0.02543368 2
332 0 0 -0.30216498 2
333 0 0 -10.03023847 2
334 0 0 6.83449151 2
335 0 0 8.80886528 2
336 0 0 5.88727324 2
337 0 0 -6.37577992 2
338 0 0 -4.87633924 2
339 0 0 -2.07597861 2
340 0 0 5.51086944 2
341 0 0 4.41238935 2
342 0 0 4.74258423 2
343 0 0 -4.82659080 2
344 0 0 -7.67154822 2
345 0 0 -0.53916097 2
346 0 0 1.39033997 2
347 0 0 -5.09307075 2
348 0 0 13.53036219 2
349 0 0 0.79992400 2
350 0 0 1.74156407 2
351 0 0 -0.61166208 2
352 0 0 6.15701957 2
353 0 0 7.58235595 2
354 0 0 12.00782336 2
355 0 0 10.53536741 2
356 0 0 0.47654027 2
357 0 0 -0.45517372 2
358 0 0 3.99302681 2
359 0 0 5.76730774 2
360 0 0 6.27998337 2
361 0 0 4.24247884 2
362 0 0 1.62588298 2
363 0 0 -4.21160147 2
364 0 0 -4.71995299 2
365 0 0 -4.37165842 2
366 0 0 2.68738671 2
367 0 0 3.92681503 2
368 0 0 2.36611893 2
369 0 0 4.17802149 2
370 0 0 -7.04944839 2
371 0 0 1.29857485 2
372 0 0 4.54187277 2
373 0 0 9.04181284 2
374 0 0 -2.88408742 2
375 0 0 -0.55855138 2
376 0 0 -5.34264255 2
377 0 0 4.63214823 2
378 0 0 2.72742006 2
379 0 0 2.89276479 2
380 0 0 -3.16086840 2
381 0 0 -0.11412043 2
382 0 0 6.20693224 2
383 0 0 -0.22855277 2
384 0 0 -0.23630008 2
385 0 0 -7.07164107 2
386 0 0 -7.34125145 2
387 0 0 4.65982880 2
388 0 0 3.47353795 2
389 0 0 3.81499424 2
390 0 0 -3.33678878 2
391 0 0 1.49842996 2
392 0 0 1.37022367 2
393 0 0 1.30312038 2
394 0 0 5.11571226 2
395 0 0 2.65187367 2
396 0 0 5.92032169 2
397 0 0 0.46567462 2
398 0 0 -0.78987113 2
399 0 0 7.58002829 2
400 0 0 3.34193142 2
401 0 0 2.20224097 2
402 0 0 -0.28076216 2
403 0 0 -3.40173368 2
404 0 0 10.03112860 2
405 0 0 7.74413034 2
406 0 0 5.05189915 2
407 0 0 -4.81904423 2
408 0 0 -0.69818026 2
409 0 0 -3.05708862 2
410 0 0 7.61756098 2
411 0 0 0.17413896 2
412 0 0 0.42227128 2
413 0 0 0.95023256 2
414 0 0 -0.15311230 2
415 0 0 4.20013755 2
416 0 0 0.30864743 2
417 0 0 -1.38450257 2
418 0 0 -2.03155304 2
419 0 0 -1.13101021 2
420 0 0 -6.44470613 2
421 0 0 0.30404127 2
422 0 0 5.42398737 2
423 0 0 -4.06142328 2
424 0 0 2.20647365 2
425 0 0 -0.43750918 2
426 0 0 -10.85401103 2
427 0 0 3.88206249 2
428 0 0 1.96102017 2
429 0 0 -1.58599780 2
430 0 0 -5.79159079 2
431 0 0 -2.77409837 2
432 0 0 -1.00898854 2
433 0 0 -0.45059665 2
434 0 0 -1.31167298 2
435 0 0 1.21200744 2
436 0 0 -3.87110285 2
437 0 0 6.91071970 2
438 0 0 -3.02141826 2
439 0 0 -2.42254590 2
440 0 0 0.19784376 2
441 0 0 -0.16659227 2
442 0 0 -4.56831619 2
443 0 0 -0.53440477 2
444 0 0 -7.26218062 2
445 0 0 -3.49968590 2
446 0 0 -0.74672350 2
447 0 0 -2.92891491 2
448 0 0 -1.46495097 2
449 0 0 10.57143137 2
450 0 0 5.62520808 2
451 0 0 -1.89943362 2
452 0 0 3.18149434 2
453 0 0 -6.23002228 2
454 0 0 1.09396808 2
455 0 0 -3.42706719 2
456 0 0 -5.09696738 2
457 0 0 -6.93766845 2
458 0 0 -1.16699740 2
459 0 0 1.19938667 2
460 0 0 5.18749764 2
461 0 0 6.23790028 2
462 0 0 6.36917854 2
463 0 0 8.85463272 2
464 0 0 2.18097248 2
465 0 0 3.79300745 2
466 0 0 -3.86894339 2
467 0 0 9.88868213 2
468 0 0 9.01871662 2
469 0 0 5.90239271 2
470 0 0 0.66200458 2
471 0 0 3.66611459 2
472 0 0 -2.86786812 2
473 0 0 7.24646418 2
474 0 0 0.79419183 2
475 0 0 0.71456510 2
476 0 0 5.62864820 2
477 0 0 -2.86160430 2
478 0 0 2.54979248 2
479 0 0 -1.26951974 2
480 0 0 5.61177307 2
481 0 0 -2.54847315 2
482 0 0 2.13554773 2
483 0 0 0.44266273 2
484 0 0 -3.97910348 2
485 0 0 -0.08111068 2
486 0 0 2.54202828 2
487 0 0 -3.53652523 2
488 0 0 -1.51426493 2
489 0 0 -1.40130010 2
490 0 0 -4.56201200 2
491 0 0 6.94153069 2
492 0 0 0.49472673 2
493 0 0 0.74724594 2
494 0 0 0.09407773 2
495 0 0 -1.00419113 2
496 0 0 4.90335132 2
497 0 0 1.03725121 2
498 0 0 -11.75267475 2
499 0 0 -3.40173398 2
500 0 0 3.10779430 2
501 0 0 3.42627353 2
502 0 0 -4.71477195 2
503 0 0 4.68923957 2
504 0 0 8.35227839 2
505 0 0 -5.03373262 2
506 0 0 0.23753204 2
507 0 0 4.73007905 2
508 0 0 1.07678415 2
509 0 0 -2.29503781 2
510 0 0 2.62614168 2
511 0 0 0.22132457 2
512 0 0 2.07993566 2
513 0 0 -1.26098883 2
514 0 0 -3.28535472 2
515 0 0 4.65243918 2
516 0 0 1.68061751 2
517 0 0 0.11046114 2
518 0 0 -0.39861839 2
519 0 0 9.41213850 2
520 0 0 1.93395990 2
521 0 0 1.11223777 2
522 0 0 -1.02504150 2
523 0 0 -12.85438027 2
524 0 0 -5.18535388 2
525 0 0 2.46072981 2
526 0 0 -4.46530913 2
527 0 0 0.29658470 2
528 0 0 -5.02006271 2
529 0 0 -2.53724327 2
530 0 0 -4.23809328 2
531 0 0 8.52918373 2
532 0 0 -3.00012705 2
533 0 0 -8.22992459 2
534 0 0 2.93380184 2
535 0 0 -2.46093075 2
536 0 0 -2.82936961 2
537 0 0 -2.70246776 2
538 0 0 -4.52144279 2
539 0 0 2.62675177 2
540 0 0 -6.49450092 2
541 0 0 2.59854652 2
542 0 0 -3.06960246 2
543 0 0 -0.61378969 2
544 0 0 1.62573201 2
545 0 0 -11.13467525 2
546 0 0 1.10076181 2
547 0 0 1.66471302 2
548 0 0 -2.65813150 2
549 0 0 2.12717761 2
550 0 0 -2.56381694 2
551 0 0 1.10167836 2
552 0 0 9.47261509 2
553 0 0 5.41931076 2
554 0 0 1.44472906 2
555 0 0 -7.56932394 2
556 0 0 -6.83437373 2
557 0 0 1.39104944 2
558 0 0 1.11107770 2
559 0 0 7.32128608 2
560 0 0 6.42796903 2
561 0 0 1.93051913 2
562 0 0 10.51882211 2
563 0 0 -5.55623388 2
564 0 0 1.71123596 2
565 0 0 -0.37611890 2
566 0 0 -5.09539077 2
567 0 0 -3.55579640 2
568 0 0 -1.68024995 2
569 0 0 5.01102379 2
570 0 0 1.13003570 2
571 0 0 -10.64692506 2
572 0 0 -3.32558431 2
573 0 0 1.09647623 2
574 0 0 -9.04096557 2
575 0 0 2.98098578 2
576 0 0 6.10470756 2
577 0 0 -4.53618029 2
578 0 0 3.12383464 2
579 0 0 -6.15029228 2
580 0 0 0.52921582 2
581 0 0 -1.23348103 2
582 0 0 -10.73397816 2
583 0 0 2.60071342 2
584 0 0 -1.16585682 2
585 0 0 6.21535058 2
586 0 0 -2.05983672 2
587 0 0 3.63380370 2
588 0 0 2.72081273 2
589 0 0 -3.00613216 2
590 0 0 9.03089541 2
591 0 0 3.83950310 2
592 0 0 -5.23955701 2
593 0 0 -0.45781946 2
594 0 0 5.82195152 2
595 0 0 2.10902517 2
596 0 0 1.28468569 2
597 0 0 1.95143941 2
598 0 0 4.93865568 2
599 0 0 -3.24142230 2
600 0 0 10.29621730 2
601 0 0 -2.60963351 2
602 0 0 4.13695729 2
603 0 0 5.20038869 2
604 0 0 -5.96445161 2
605 0 0 -3.56124631 2
606 0 0 5.49937402 2
607 0 0 0.20108792 2
608 0 0 2.64509558 2
609 0 0 2.79248775 2
610 0 0 2.46718948 2
611 0 0 -6.31722539 2
612 0 0 -4.01222368 2
613 0 0 -2.84402862 2
614 0 0 1.40581371 2
615 0 0 -2.54680183 2
616 0 0 -6.15259826 2
617 0 0 1.63614031 2
618 0 0 2.05680443 2
619 0 0 -0.40765022 2
620 0 0 6.96055678 2
621 0 0 13.76693783 2
622 0 0 7.74741062 2
623 0 0 -2.20076996 2
624 0 0 3.36010631 2
625 0 0 1.05210603 2
626 0 0 2.91704090 2
627 0 0 3.63192307 2
628 0 0 1.06658609 2
629 0 0 2.26071509 2
630 0 0 -2.48717036 2
631 0 0 0.51220750 2
632 0 0 -9.39855568 2
633 0 0 7.66032788 2
634 0 0 4.19465543 2
635 0 0 -2.90200403 2
636 0 0 -4.35337678 2
637 0 0 1.65940252 2
638 0 0 1.12572830 2
639 0 0 5.18378075 2
640 0 0 -4.71956483 2
641 0 0 -3.90289140 2
642 0 0 1.40558206 2
643 0 0 3.92375554 2
644 0 0 3.99017757 2
645 0 0 3.54475655 2
646 0 0 -2.54397142 2
647 0 0 -0.86615288 2
648 0 0 -0.77117823 2
649 0 0 -6.36363174 2
650 0 0 5.08129153 2
651 0 0 3.60954787 2
652 0 0 -0.91630543 2
653 0 0 0.17323976 2
654 0 0 8.52746912 2
655 0 0 3.26260365 2
656 0 0 3.14082035 2
657 0 0 0.93028609 2
658 0 0 -0.82813745 2
659 0 0 -1.83866459 2
660 0 0 -2.63702449 2
661 0 0 3.18578165 2
662 0 0 -3.91358463 2
663 0 0 -7.04289283 2
664 0 0 9.40162072 2
665 0 0 7.53154483 2
666 0 0 2.02715064 2
667 0 0 -5.40020498 2
668 0 0 -4.33167248 2
669 0 0 1.36290195 2
670 0 0 1.11933719 2
671 0 0 0.05863724 2
672 0 0 3.63357299 2
673 0 0 0.04738508 2
674 0 0 -4.21729072 2
675 0 0 -1.47919277 2
676 0 0 11.16213429 2
677 0 0 2.20852611 2
678 0 0 12.45280097 2
679 0 0 3.87539219 2
680 0 0 -2.58967860 2
681 0 0 -7.60442043 2
682 0 0 1.01084035 2
683 0 0 -1.31564932 2
684 0 0 -2.98544692 2
685 0 0 4.92476897 2
686 0 0 5.20441679 2
687 0 0 0.07723684 2
688 0 0 6.46243864 2
689 0 0 -0.33014932 2
690 0 0 0.31629193 2
691 0 0 2.02224485 2
692 0 0 11.90758871 2
693 0 0 -4.97993564 2
694 0 0 -0.99685087 2
695 0 0 -6.08916214 2
696 0 0 -2.27720615 2
697 0 0 0.56888979 2
698 0 0 8.66133051 2
699 0 0 -2.09324362 2
700 0 0 -6.33969317 2
701 0 0 2.81956105 2
702 0 0 -1.34617398 2
703 0 0 -2.49697937 2
704 0 0 4.02271894 2
705 0 0 -10.14981895 2
706 0 0 -5.19418739 2
707 0 0 -5.67876052 2
708 0 0 -3.22106427 2
709 0 0 5.81115322 2
710 0 0 2.09930715 2
711 0 0 5.97047684 2
712 0 0 1.17423939 2
713 0 0 -4.54971399 2
714 0 0 0.37522934 2
715 0 0 2.13378784 2
716 0 0 0.85821722 2
717 0 0 -4.65090363 2
718 0 0 -2.94612453 2
719 0 0 1.96327021 2
720 0 0 2.81038502 2
721 0 0 -6.13237043 2
722 0 0 -7.23114163 2
723 0 0 1.62990981 2
724 0 0 -3.14631842 2
725 0 0 -2.61159314 2
726 0 0 5.00406578 2
727 0 0 0.39333546 2
728 0 0 7.17005039 2
729 0 0 1.47931431 2
730 0 0 3.90643743 2
731 0 0 -1.11142846 2
732 0 0 0.86710524 2
733 0 0 -11.46572197 2
734 0 0 -4.40156440 2
735 0 0 5.38401984 2
736 0 0 -1.11022205 2
737 0 0 -1.96232784 2
738 0 0 -1.33877311 2
739 0 0 0.98394902 2
740 0 0 3.81849190 2
741 0 0 7.25204295 2
742 0 0 0.54412608 2
743 0 0 3.84336388 2
744 0 0 -2.64687333 2
745 0 0 -1.85230491 2
746 0 0 10.69914087 2
747 0 0 -3.51832873 2
748 0 0 3.34576906 2
749 0 0 4.91656904 2
750 0 0 5.73986365 2
751 0 0 -6.38836887 2
752 0 0 -9.16379878 2
753 0 0 2.96877653 2
754 0 0 -3.38603515 2
755 0 0 -0.73297787 2
756 0 0 3.97233184 2
757 0 0 1.50151113 2
758 0 0 -0.36347190 2
759 0 0 -7.30252787 2
760 0 0 -0.71823612 2
761 0 0 1.48806760 2
762 0 0 0.55789137 2
763 0 0 0.34641130 2
764 0 0 8.62442906 2
765 0 0 6.40948922 2
766 0 0 2.64591025 2
767 0 0 -2.15686280 2
768 0 0 4.92950801 2
769 0 0 -2.34233506 2
770 0 0 -2.00992045 2
771 0 0 0.96955437 2
772 0 0 6.65691685 2
773 0 0 5.27420190 2
774 0 0 2.46029120 2
775 0 0 9.78669871 2
776 0 0 -4.07131194 2
777 0 0 0.24614571 2
778 0 0 3.04316037 2
779 0 0 -4.17901091 2
780 0 0 -7.63085254 2
781 0 0 0.62158180 2
782 0 0 1.22623797 2
783 0 0 3.28236153 2
784 0 0 2.99261500 2
785 0 0 4.76119442 2
786 0 0 4.06990827 2
787 0 0 -1.77831276 2
788 0 0 -9.23522417 2
789 0 0 3.84768778 2
790 0 0 -3.28248583 2
791 0 0 10.14989197 2
792 0 0 -4.21676021 2
793 0 0 1.62643950 2
794 0 0 -5.33258002 2
795 0 0 2.81826165 2
796 0 0 2.07614696 2
797 0 0 -2.96906592 2
798 0 0 -1.83941345 2
799 0 0 9.65258008 2
800 0 0 -2.97436182 2
801 0 0 1.26184774 2
802 0 0 -4.85556251 2
803 0 0 -8.57864183 2
804 0 0 10.88600750 2
805 0 0 -5.99943477 2
806 0 0 4.11828450 2
807 0 0 -11.81370921 2
808 0 0 -0.74879866 2
809 0 0 -5.21063614 2
810 0 0 2.66372975 2
811 0 0 -1.15280674 2
812 0 0 -0.45270204 2
813 0 0 -3.73934753 2
814 0 0 -10.56306660 2
815 0 0 -8.37037222 2
816 0 0 -1.95122921 2
817 0 0 1.92522462 2
818 0 0 -5.75878305 2
819 0 0 2.29856931 2
820 0 0 -5.61077454 2
821 0 0 -5.33859029 2
822 0 0 -3.84832031 2
823 0 0 -1.86998143 2
824 0 0 -5.82559197 2
825 0 0 0.52680844 2
826 0 0 6.72098226 2
827 0 0 0.05722472 2
828 0 0 -5.35650577 2
829 0 0 10.87260100 2
830 0 0 -8.52100180 2
831 0 0 -3.14392210 2
832 0 0 7.15179425 2
833 0 0 1.80546579 2
834 0 0 -0.34692091 2
835 0 0 -0.91009164 2
836 0 0 -1.57331983 2
837 0 0 4.40984384 2
838 0 0 4.24867094 2
839 0 0 -0.57566121 2
840 0 0 4.59189811 2
841 0 0 -3.18602654 2
842 0 0 1.08494748 2
843 0 0 0.80757957 2
844 0 0 -1.73696494 2
845 0 0 -1.44870913 2
846 0 0 -1.81799459 2
847 0 0 1.34105706 2
848 0 0 -3.34241616 2
849 0 0 9.07751939 2
850 0 0 -2.92982604 2
851 0 0 8.24260979 2
852 0 0 -2.41244024 2
853 0 0 0.06779563 2
854 0 0 1.50714659 2
855 0 0 -4.49038581 2
856 0 0 -3.03703521 2
857 0 0 -3.49524474 2
858 0 0 3.97819503 2
859 0 0 0.53047460 2
860 0 0 0.58617551 2
861 0 0 4.13766096 2
862 0 0 -7.34670187 2
863 0 0 2.63270442 2
864 0 0 -5.08079757 2
865 0 0 7.26074461 2
866 0 0 1.61024381 2
867 0 0 1.38985848 2
868 0 0 2.75872557 2
869 0 0 5.56526635 2
870 0 0 4.88489253 2
871 0 0 -0.52872352 2
872 0 0 -6.29628993 2
873 0 0 -6.54734872 2
874 0 0 -11.20039131 2
875 0 0 -2.15808874 2
876 0 0 3.17457759 2
877 0 0 -1.87764770 2
878 0 0 1.81415250 2
879 0 0 -0.57663878 2
880 0 0 -5.09485184 2
881 0 0 -3.29240322 2
882 0 0 -4.15535990 2
883 0 0 0.71001770 2
884 0 0 7.00072102 2
885 0 0 4.82216131 2
886 0 0 1.12510838 2
887 0 0 0.91557022 2
888 0 0 -8.88351984 2
889 0 0 -7.59432341 2
890 0 0 4.79528062 2
891 0 0 4.81242495 2
892 0 0 4.02600630 2
893 0 0 8.88244244 2
894 0 0 2.40902826 2
895 0 0 2.93650498 2
896 0 0 2.44191964 2
897 0 0 -9.08564545 2
898 0 0 0.03248082 2
899 0 0 2.28179433 2
900 0 0 -0.44093250 2
901 0 0 -0.75759900 2
902 0 0 5.80262229 2
903 0 0 0.65047329 2
904 0 0 -2.27678907 2
905 0 0 0.14325545 2
906 0 0 -7.65665219 2
907 0 0 8.15827007 2
908 0 0 -2.65046438 2
909 0 0 1.37733348 2
910 0 0 -9.76019453 2
911 0 0 0.48892079 2
912 0 0 1.04902369 2
913 0 0 -2.41555873 2
914 0 0 -1.96976838 2
915 0 0 -0.32465456 2
916 0 0 -3.98363851 2
917 0 0 -6.40851152 2
918 0 0 3.16219331 2
919 0 0 4.09845170 2
920 0 0 2.66764148 2
921 0 0 -3.49992951 2
922 0 0 -0.67279573 2
923 0 0 -3.67215768 2
924 0 0 -5.44570748 2
925 0 0 2.90228704 2
926 0 0 -2.16526386 2
927 0 0 -1.40196793 2
928 0 0 -0.67468410 2
929 0 0 7.68749274 2
930 0 0 -0.63587457 2
931 0 0 8.42501932 2
932 0 0 2.94880452 2
933 0 0 2.51139164 2
934 0 0 2.50665313 2
935 0 0 -2.67881512 2
936 0 0 -2.30636265 2
937 0 0 -9.39811443 2
938 0 0 -0.96758061 2
939 0 0 -0.53214737 2
940 0 0 0.23103936 2
941 0 0 4.49168830 2
942 0 0 6.07080176 2
943 0 0 -0.32168084 2
944 0 0 5.12562638 2
945 0 0 9.56976954 2
946 0 0 3.62164648 2
947 0 0 1.68984041 2
948 0 0 -4.37351812 2
949 0 0 -0.18610287 2
950 0 0 -3.41260673 2
951 0 0 -2.64487242 2
952 0 0 -0.15056814 2
953 0 0 4.37414600 2
954 0 0 -1.14577212 2
955 0 0 0.36200433 2
956 0 0 10.90323091 2
957 0 0 0.69008453 2
958 0 0 -0.26863395 2
959 0 0 8.66676395 2
960 0 0 6.72946195 2
961 0 0 2.40836612 2
962 0 0 0.76253927 2
963 0 0 -5.32147565 2
964 0 0 4.56307606 2
965 0 0 4.31146432 2
966 0 0 -1.51119530 2
967 0 0 -1.28742945 2
968 0 0 4.36710430 2
969 0 0 -6.01265614 2
970 0 0 9.48089131 2
971 0 0 -3.41495630 2
972 0 0 3.92799694 2
973 0 0 -6.84205371 2
974 0 0 -2.42957458 2
975 0 0 -6.07807586 2
976 0 0 5.11052918 2
977 0 0 -0.10589457 2
978 0 0 -7.34780983 2
979 0 0 6.46448287 2
980 0 0 7.93148388 2
981 0 0 -5.09123102 2
982 0 0 0.87843718 2
983 0 0 -4.04492926 2
984 0 0 1.51432321 2
985 0 0 -5.16405704 2
986 0 0 0.34267069 2
987 0 0 -8.95588651 2
988 0 0 2.65607382 2
989 0 0 -2.68238174 2
990 0 0 10.38818056 2
991 0 0 2.84609641 2
992 0 0 -7.51789223 2
993 0 0 -6.84033297 2
994 0 0 -4.79412751 2
995 0 0 1.86036775 2
996 0 0 -1.41120068 2
997 0 0 -3.68149023 2
998 0 0 5.53779885 2
999 0 0 6.69608100 2
1000 0 0        -2.11177584 2
1001 0 0        9.03956924 2
1002 0 0        3.22106222 2
1003 0 0        3.64497646 2
1004 0 0        10.86381601 2
1005 0 0        -2.56692858 2
1006 0 0        -5.03425488 2
1007 0 0        -9.60510115 2
1008 0 0        -2.02889751 2
1009 0 0        -4.23812649 2
1010 0 0        8.14275148 2
1011 0 0        -8.45923633 2
1012 0 0        7.99847263 2
1013 0 0        -3.11193076 2
1014 0 0        -2.77360021 2
1015 0 0        1.11127670 2
1016 0 0        -5.31715804 2
1017 0 0        2.00847274 2
1018 0 0        1.69300314 2
1019 0 0        -4.97170277 2
1020 0 0        -0.85014188 2
1021 0 0        2.04100101 2
1022 0 0        5.13776940 2
1023 0 0        2.66156405 2
1024 0 0        1.80864652 2
1025 0 0        4.21490797 2
1026 0 0        -2.60257979 2
1027 0 0        4.65951684 2
1028 0 0        1.72328201 2
1029 0 0        9.23353105 2
1030 0 0        1.71451508 2
1031 0 0        3.17611668 2
1032 0 0        7.10890405 2
1033 0 0        1.32457719 2
1034 0 0        -12.64061123 2
1035 0 0        -6.15028044 2
1036 0 0        6.72916458 2
1037 0 0        2.55321413 2
1038 0 0        3.55411544 2
1039 0 0        3.25712488 2
1040 0 0        0.17258778 2
1041 0 0        -0.85999048 2
1042 0 0        4.47675930 2
1043 0 0        -5.97947181 2
1044 0 0        12.05500533 2
1045 0 0        -2.29484474 2
1046 0 0        4.05110533 2
1047 0 0        -1.77637357 2
1048 0 0        6.12467286 2
1049 0 0        -3.35197554 2
1050 0 0        2.68524273 2
1051 0 0        -4.78200301 2
1052 0 0        -1.99266521 2
1053 0 0        -0.26658622 2
1054 0 0        0.87736904 2
1055 0 0        -5.10008365 2
1056 0 0        0.46010226 2
1057 0 0        -2.58553514 2
1058 0 0        -3.30172001 2
1059 0 0        -1.46291647 2
1060 0 0        -6.63132420 2
1061 0 0        -0.21146915 2
1062 0 0        4.80078289 2
1063 0 0        -4.59415646 2
1064 0 0        2.40842565 2
1065 0 0        -2.68926361 2
1066 0 0        6.64968190 2
1067 0 0        -3.88318970 2
1068 0 0        9.76326713 2
1069 0 0        4.81390110 2
1070 0 0        -1.35146972 2
1071 0 0        -6.12129398 2
1072 0 0        9.36416933 2
1073 0 0        -2.04675263 2
1074 0 0        -0.88587339 2
1075 0 0        7.74565900 2
1076 0 0        3.57864412 2
1077 0 0        -1.25262214 2
1078 0 0        -6.62160311 2
1079 0 0        -6.75010427 2
1080 0 0        -8.81698310 2
1081 0 0        2.30782341 2
1082 0 0        2.26293910 2
1083 0 0        -2.49142633 2
1084 0 0        1.48827703 2
1085 0 0        -2.04145519 2
1086 0 0        5.45057578 2
1087 0 0        -4.17535331 2
1088 0 0        0.95666397 2
1089 0 0        1.16503908 2
1090 0 0        -1.99499637 2
1091 0 0        3.63959765 2
1092 0 0        4.04994439 2
1093 0 0        0.31936151 2
1094 0 0        -8.30991961 2
1095 0 0        6.05063568 2
1096 0 0        3.40094573 2
1097 0 0        -4.98761716 2
1098 0 0        -0.85391026 2
1099 0 0        -6.22628891 2
1100 0 0        -0.04301947 2
1101 6 901      -8.98396685 2
1102 6 901      -5.15616910 1
1103 6 987      -16.02784413 2
1104 6 987      -14.62960944 2
1105 6 1007     -13.98842127 2
1106 6 1007     -12.41862068 2
1107 6 557      -7.98186458 2
1108 6 557      -7.93380387 2
1109 6 716      -11.03203798 1
1110 6 716      -11.50907395 2
1111 6 164      -10.84943745 2
1112 6 164      -11.06002799 1
1113 6 111      -8.36678163 2
1114 6 111      -11.61160669 2
1115 6 640      -9.21711782 1
1116 6 640      -11.85097432 2
1117 6 352      -2.33925445 2
1118 6 352      -7.02992998 2
1119 6 880      -9.88621936 2
1120 6 880      -9.44810150 2
1121 21 276     -2.52074651 2
1122 21 276     0.81556220 2
1123 21 644     -0.47425853 2
1124 21 644     4.15486955 2
1125 21 757     2.28845743 2
1126 21 757     -2.59620652 2
1127 21 625     -0.00091758 2
1128 21 625     1.10111641 1
1129 21 871     0.06285260 2
1130 21 871     -1.13216852 2
1131 21 676     6.38811415 1
1132 21 676     3.49212635 2
1133 21 834     -3.44957148 2
1134 21 834     -0.03227034 1
1135 21 870     3.85873764 1
1136 21 870     3.72009613 2
1137 21 310     -0.03645515 2
1138 21 310     0.41400900 2
1139 21 909     2.71190398 2
1140 21 909     0.66282193 2
1141 26 742     -2.71517889 1
1142 26 742     -4.33757757 1
1143 26 317     -0.03774222 1
1144 26 317     -0.28376690 1
1145 26 651     0.82833100 2
1146 26 651     -0.62288046 2
1147 26 270     -12.65883399 2
1148 26 270     -6.41677070 2
1149 26 588     -3.90624018 2
1150 26 588     1.00841676 1
1151 26 110     -2.63761508 2
1152 26 110     2.19598003 2
1153 26 157     -4.21382604 2
1154 26 157     -4.25464934 2
1155 26 539     0.41539274 1
1156 26 539     -0.07342143 2
1157 26 343     -4.09360078 2
1158 26 343     -5.39877777 2
1159 26 675     -0.37610211 2
1160 26 675     -1.49649682 2
1161 1 936      -1.83864285 1
1162 1 936      -0.52606660 1
1163 1 149      2.71762991 1
1164 1 149      2.66682828 1
1165 1 1044     17.50658592 1
1166 1 1044     9.04499205 1
1167 1 762      3.07626094 2
1168 1 762      -0.78721470 2
1169 1 589      -2.60324737 1
1170 1 589      -2.19158739 2
1171 1 703      0.48744649 1
1172 1 703      0.71057010 2
1173 1 295      2.89256336 2
1174 1 295      1.85109619 1
1175 1 441      1.67501874 2
1176 1 441      3.40017443 1
1177 1 602      2.56334392 1
1178 1 602      5.80183370 2
1179 1 813      -1.88513247 2
1180 1 813      0.37201758 2
1181 79 401     0.89318230 2
1182 79 401     -0.91508156 2
1183 79 480     0.70993632 2
1184 79 480     -0.67392832 2
1185 79 796     -0.91345966 1
1186 79 796     -2.27346821 2
1187 79 940     1.18705468 2
1188 79 940     1.17024364 2
1189 79 991     -5.89687056 2
1190 79 991     0.48605025 1
1191 79 915     -1.33630664 1
1192 79 915     -3.88144023 1
1193 79 967     -5.98166230 1
1194 79 967     -0.25220218 2
1195 79 169     -4.80260241 2
1196 79 169     -2.47375133 2
1197 79 843     0.60887470 1
1198 79 843     -3.63661020 1
1199 79 789     0.78443493 2
1200 79 789     -0.49485987 2
1201 57 963     -13.36315559 2
1202 57 963     -10.35281595 2
1203 57 424     -6.28467190 1
1204 57 424     -8.67256195 2
1205 57 1029    -3.93335148 1
1206 57 1029    -6.13477827 2
1207 57 215     -4.99801565 2
1208 57 215     -6.96411552 1
1209 57 257     -10.93369947 2
1210 57 257     -14.01110209 2
1211 57 1078    -16.21242334 2
1212 57 1078    -13.50794907 2
1213 57 697     -5.31265955 2
1214 57 697     -7.58682567 2
1215 57 1050    -8.64548093 2
1216 57 1050    -11.85040553 2
1217 57 1004    -4.25956961 2
1218 57 1004    -2.08830319 2
1219 57 855     -4.88684850 2
1220 57 855     -10.45762519 2
1221 45 142     -1.80023909 2
1222 45 142     -0.41638724 2
1223 45 894     -3.64402001 2
1224 45 894     -0.93512747 2
1225 45 175     2.33545694 2
1226 45 175     -3.71534348 1
1227 45 341     -2.93703766 2
1228 45 341     -4.54323958 1
1229 45 863     -7.34486600 1
1230 45 863     -6.10074468 1
1231 45 439     -6.08920794 2
1232 45 439     -7.24312060 2
1233 45 907     1.90640024 2
1234 45 907     -4.81942516 2
1235 45 780     -11.96859219 2
1236 45 780     -6.69158973 2
1237 45 587     -3.62282014 2
1238 45 587     -2.22133684 2
1239 45 296     -1.29038982 2
1240 45 296     -6.62823315 2
1241 92 511     -1.04652191 2
1242 92 511     -0.23944828 2
1243 92 327     7.12546437 1
1244 92 327     7.94487347 1
1245 92 217     -3.03944935 2
1246 92 217     -2.82571139 1
1247 92 291     -3.57458216 2
1248 92 291     -1.03216391 2
1249 92 725     -2.20612244 2
1250 92 725     -1.07528143 1
1251 92 160     4.31510826 1
1252 92 160     1.39214335 2
1253 92 322     1.31030928 2
1254 92 322     1.77289316 2
1255 92 847     -0.40516416 2
1256 92 847     -3.20356902 2
1257 92 437     1.56333185 2
1258 92 437     7.68622172 1
1259 92 846     0.45720141 1
1260 92 846     -0.26408579 2
1261 96 1009    -4.38759090 1
1262 96 1009    -6.30404557 2
1263 96 558     -1.39206592 1
1264 96 558     -3.76597710 2
1265 96 710     1.16354692 1
1266 96 710     -3.13011440 2
1267 96 613     -4.69202764 2
1268 96 613     -4.02820377 1
1269 96 621     4.29608335 1
1270 96 621     2.80734446 2
1271 96 945     3.53770392 2
1272 96 945     9.89594564 1
1273 96 181     1.95200099 2
1274 96 181     -3.19129950 2
1275 96 200     -2.59311445 2
1276 96 200     -6.23160888 1
1277 96 421     -0.17328073 1
1278 96 421     -3.21555686 2
1279 96 638     1.68418007 1
1280 96 638     -2.25519498 2
1281 48 892     4.48522321 2
1282 48 892     3.50292035 1
1283 48 611     -7.55283728 2
1284 48 611     -3.01132785 1
1285 48 910     -4.45505872 2
1286 48 910     -6.31166545 2
1287 48 581     0.55531711 2
1288 48 581     -3.16166913 2
1289 48 354     4.39725510 2
1290 48 354     6.57317687 2
1291 48 404     8.47185486 2
1292 48 404     5.05867973 2
1293 48 617     0.48417719 2
1294 48 617     -3.70510904 2
1295 48 214     -0.24649676 2
1296 48 214     -11.19619861 1
1297 48 415     2.24928664 1
1298 48 415     6.05742491 1
1299 48 1064    -0.82565592 1
1300 48 1064    2.51383928 2
1301 37 985     -12.60748656 1
1302 37 985     -16.01689708 2
1303 37 804     -3.29336886 1
1304 37 804     -6.88164601 2
1305 37 585     -8.24876617 2
1306 37 585     -9.08956765 2
1307 37 1054    -12.93959943 2
1308 37 1054    -11.44249636 2
1309 37 165     -15.37897926 2
1310 37 165     -12.99766630 2
1311 37 934     -11.35702092 2
1312 37 934     -11.80648678 2
1313 37 881     -13.49556375 2
1314 37 881     -13.86667919 2
1315 37 130     -11.79344648 2
1316 37 130     -11.28474835 2
1317 37 736     -13.37876291 2
1318 37 736     -9.69367877 2
1319 37 842     -12.78797153 2
1320 37 842     -11.44663788 2
1321 19 392     2.76029237 2
1322 19 392     -0.52035564 2
1323 19 500     1.68856987 1
1324 19 500     2.45105194 1
1325 19 713     -1.80451349 2
1326 19 713     -3.14463725 2
1327 19 584     0.72887533 1
1328 19 584     -1.57629484 2
1329 19 992     -2.85103429 2
1330 19 992     -4.49646588 2
1331 19 754     1.80815187 1
1332 19 754     -2.18393851 2
1333 19 403     -2.81270610 2
1334 19 403     -0.25343113 2
1335 19 955     -4.12906583 1
1336 19 955     4.60418935 2
1337 19 926     -0.62966735 1
1338 19 926     1.48917978 1
1339 19 269     2.79926561 2
1340 19 269     -4.01460938 2
1341 51 447     -5.02531502 1
1342 51 447     -1.70428670 1
1343 51 199     1.32606021 2
1344 51 199     0.04107033 2
1345 51 154     4.14669352 1
1346 51 154     0.39871644 2
1347 51 378     -1.98364709 2
1348 51 378     1.44247956 2
1349 51 900     -3.70393061 2
1350 51 900     -6.86458973 1
1351 51 844     -6.10280193 2
1352 51 844     -3.25804109 2
1353 51 187     8.93022976 1
1354 51 187     -2.69501829 2
1355 51 646     -5.43526002 1
1356 51 646     -8.30949674 2
1357 51 1090    -2.56854416 2
1358 51 1090    -3.33405756 2
1359 51 662     -7.87515206 2
1360 51 662     -1.72670477 2
1361 67 413     -0.59731396 2
1362 67 413     -5.94978394 2
1363 67 237     -5.30832743 2
1364 67 237     -3.56372702 2
1365 67 344     -10.63370056 2
1366 67 344     -2.53535746 1
1367 67 727     -0.57680759 2
1368 67 727     -3.20583118 1
1369 67 418     -4.35119376 2
1370 67 418     -5.50063332 2
1371 67 755     -4.38342863 2
1372 67 755     -2.81281590 1
1373 67 1023    -1.54633021 2
1374 67 1023    0.93808535 1
1375 67 749     4.70872515 2
1376 67 749     -2.79074210 2
1377 67 990     14.11202353 1
1378 67 990     -0.75922878 1
1379 67 950     -2.01530386 2
1380 67 950     -7.84387878 2
1381 71 429     -1.88808707 2
1382 71 429     -0.54227058 2
1383 71 153     4.69565511 2
1384 71 153     2.98402335 1
1385 71 1089    -0.42437930 1
1386 71 1089    -2.16757577 2
1387 71 891     -0.30419027 2
1388 71 891     1.90595387 2
1389 71 709     3.88065814 2
1390 71 709     3.11400764 2
1391 71 961     0.60369178 1
1392 71 961     0.54538791 2
1393 71 133     5.43618124 2
1394 71 133     2.62547532 1
1395 71 761     0.04169141 2
1396 71 761     -1.99802080 1
1397 71 563     -4.93464650 2
1398 71 563     -2.79220654 2
1399 71 568     -0.82850048 2
1400 71 568     -2.33003979 2
1401 87 764     4.70879261 2
1402 87 764     1.69904073 2
1403 87 722     -6.55235120 2
1404 87 722     -10.27125467 2
1405 87 747     -5.48315880 2
1406 87 747     -8.15444638 1
1407 87 530     -3.16259427 2
1408 87 530     -5.38375645 1
1409 87 782     0.52819319 1
1410 87 782     -1.32365599 1
1411 87 382     -0.61191172 1
1412 87 382     0.87244965 1
1413 87 948     -4.30585495 1
1414 87 948     -4.54675017 1
1415 87 243     -5.39070165 2
1416 87 243     -4.05597149 2
1417 87 752     -5.29564759 2
1418 87 752     -7.61499450 2
1419 87 983     -2.92453555 2
1420 87 983     -3.08059774 2
1421 18 653     -3.56770247 1
1422 18 653     -3.12498108 2
1423 18 1030    -3.38365007 2
1424 18 1030    -4.11936606 1
1425 18 866     -3.40559578 2
1426 18 866     -2.90443399 2
1427 18 504     1.72131961 2
1428 18 504     0.95330472 2
1429 18 715     -1.38440053 2
1430 18 715     -5.65423639 2
1431 18 252     -10.02613495 2
1432 18 252     -4.76704320 2
1433 18 682     -3.24606363 2
1434 18 682     0.19610795 2
1435 18 280     -1.95747587 2
1436 18 280     -5.10135632 2
1437 18 515     0.47390611 1
1438 18 515     0.63402491 2
1439 18 498     -12.49098525 2
1440 18 498     -11.12107035 2
1441 3 299      1.74813771 2
1442 3 299      4.50698515 1
1443 3 645      5.84171337 2
1444 3 645      4.65733317 2
1445 3 814      -7.46746585 2
1446 3 814      0.36663021 1
1447 3 139      1.70621274 1
1448 3 139      -0.25851850 1
1449 3 628      7.65544649 2
1450 3 628      4.08492598 2
1451 3 884      8.16072496 2
1452 3 884      5.45095736 2
1453 3 324      4.66861462 2
1454 3 324      1.68733061 2
1455 3 717      -0.62136381 2
1456 3 717      2.64483061 2
1457 3 997      0.17761279 1
1458 3 997      3.62480164 1
1459 3 656      2.61586366 2
1460 3 656      1.95079136 2
1461 7 218      5.76726009 1
1462 7 218      3.83233899 2
1463 7 552      2.09599081 2
1464 7 552      3.34758920 2
1465 7 797      -5.11480545 2
1466 7 797      -3.81912591 1
1467 7 259      -5.51975015 2
1468 7 259      -4.88755721 2
1469 7 304      -2.44937755 1
1470 7 304      2.64969631 1
1471 7 733      -10.65693298 1
1472 7 733      -17.19142814 1
1473 7 298      -9.10690835 2
1474 7 298      -5.08577895 2
1475 7 729      -3.93293465 1
1476 7 729      -0.55407063 1
1477 7 365      -3.37843033 2
1478 7 365      -8.94578007 1
1479 7 750      1.02752000 1
1480 7 750      -3.79036063 2
1481 33 872     -6.14312379 1
1482 33 872     -2.76874172 1
1483 33 766     0.30182595 2
1484 33 766     0.87978086 2
1485 33 745     0.53793938 1
1486 33 745     -5.81262040 2
1487 33 873     -3.61781584 2
1488 33 873     -2.05771964 2
1489 33 975     -3.22636629 1
1490 33 975     -2.75690615 1
1491 33 193     2.81499051 2
1492 33 193     -3.47789958 1
1493 33 468     5.13913354 2
1494 33 468     8.77693645 2
1495 33 307     5.32832228 2
1496 33 307     0.47968915 1
1497 33 185     -6.18149022 1
1498 33 185     -0.96170304 2
1499 33 228     2.30673358 2
1500 33 228     6.57734367 2
1501 39 201     -2.78504332 2
1502 39 201     0.04717286 1
1503 39 204     1.16721150 2
1504 39 204     -3.72357667 2
1505 39 776     -3.11738499 2
1506 39 776     -4.28338165 2
1507 39 1051    -1.94902063 1
1508 39 1051    -7.41937537 2
1509 39 705     -10.85012701 2
1510 39 705     -8.28997694 2
1511 39 277     -7.69613851 2
1512 39 277     -1.36703857 2
1513 39 1011    -8.48320106 2
1514 39 1011    -4.86129175 2
1515 39 1086    -0.20982930 1
1516 39 1086    -2.15135772 1
1517 39 883     -5.10402167 2
1518 39 883     -4.55781659 2
1519 39 1012    6.92818887 2
1520 39 1012    2.24707799 1
1521 14 1060    -1.28565843 2
1522 14 1060    -4.90151420 2
1523 14 113     -5.13931523 2
1524 14 113     -5.75364646 2
1525 14 1082    1.88393404 2
1526 14 1082    1.57434070 2
1527 14 785     0.25709476 1
1528 14 785     1.89168940 1
1529 14 477     1.37187026 2
1530 14 477     -3.62478307 2
1531 14 272     -1.31473170 2
1532 14 272     -4.72257686 2
1533 14 875     -3.44428197 2
1534 14 875     2.16768240 1
1535 14 348     7.69724600 2
1536 14 348     7.20216760 2
1537 14 772     4.53726449 2
1538 14 772     3.73134386 1
1539 14 520     1.10330119 2
1540 14 520     5.18398301 2
1541 31 319     -2.91173384 2
1542 31 319     -1.14718917 2
1543 31 801     -0.41389154 2
1544 31 801     4.62187243 2
1545 31 869     13.13926864 1
1546 31 869     2.67331382 2
1547 31 624     1.59407391 2
1548 31 624     2.00590855 2
1549 31 374     3.13396872 2
1550 31 374     -1.50554177 2
1551 31 544     4.99511709 2
1552 31 544     5.17078849 1
1553 31 357     1.91301169 2
1554 31 357     3.75862613 2
1555 31 127     -0.73544623 1
1556 31 127     -0.93833734 2
1557 31 487     -0.24608859 1
1558 31 487     -0.49626817 2
1559 31 546     3.16015113 2
1560 31 546     4.98457085 2
1561 54 103     -1.57484561 1
1562 54 103     -4.77076392 1
1563 54 706     -13.72211816 2
1564 54 706     -3.54019756 1
1565 54 809     -5.92647454 2
1566 54 809     -6.72268347 2
1567 54 538     -7.54344805 2
1568 54 538     -2.50161659 1
1569 54 954     -4.45469727 1
1570 54 954     -4.48059066 2
1571 54 935     -4.82356608 1
1572 54 935     -3.15240938 1
1573 54 186     -3.46024161 2
1574 54 186     -4.42070635 2
1575 54 370     -4.36027048 2
1576 54 370     -10.44116302 1
1577 54 1067    -4.53861312 2
1578 54 1067    -4.41208361 2
1579 54 805     -5.32420883 2
1580 54 805     -4.45960972 1
1581 55 838     -1.98300136 2
1582 55 838     2.02460223 2
1583 55 631     -7.16102013 2
1584 55 631     -6.34098970 2
1585 55 623     -6.63863303 2
1586 55 623     -3.77965773 2
1587 55 939     -5.85760035 2
1588 55 939     -8.23566522 2
1589 55 573     -6.72498369 2
1590 55 573     -4.40107471 2
1591 55 865     -0.06116798 2
1592 55 865     -1.98597593 2
1593 55 723     -2.74598795 1
1594 55 723     -2.21652187 2
1595 55 1059    -5.69414847 2
1596 55 1059    -6.63693022 2
1597 55 471     -3.92399717 2
1598 55 471     -1.75350548 1
1599 55 535     -6.42345179 1
1600 55 535     -8.63246128 2
1601 28 827     2.38061003 2
1602 28 827     0.00791318 2
1603 28 566     -7.54142652 1
1604 28 566     -0.50042549 1
1605 28 384     -3.00131494 2
1606 28 384     -0.41341646 2
1607 28 455     -4.48105700 2
1608 28 455     0.55429128 2
1609 28 821     -5.69914765 2
1610 28 821     -2.57162375 2
1611 28 481     -2.11222662 1
1612 28 481     0.01362582 2
1613 28 458     1.14474963 1
1614 28 458     -4.20962154 2
1615 28 434     0.33990875 1
1616 28 434     -1.13606735 2
1617 28 917     -4.47703863 2
1618 28 917     -7.36280691 2
1619 28 781     0.26770346 1
1620 28 781     4.16855499 1
1621 98 787     -3.74616773 2
1622 98 787     0.17419173 1
1623 98 655     -0.59316043 1
1624 98 655     5.52459769 2
1625 98 748     3.90475228 2
1626 98 748     1.35994062 2
1627 98 236     -5.02309293 2
1628 98 236     -1.58226507 2
1629 98 502     -2.36177560 1
1630 98 502     0.08232857 2
1631 98 107     3.07175393 2
1632 98 107     3.81329946 2
1633 98 249     -0.06394514 1
1634 98 249     1.76407767 2
1635 98 850     -0.37939215 2
1636 98 850     -1.42313636 2
1637 98 630     -3.40549248 1
1638 98 630     -0.37979475 2
1639 98 986     0.47581770 2
1640 98 986     5.78100427 2
1641 9 393      -6.07158435 2
1642 9 393      -2.89126573 2
1643 9 832      -5.37195687 2
1644 9 832      -0.59243963 2
1645 9 610      0.15388885 2
1646 9 610      -7.13849652 2
1647 9 771      -5.40346005 2
1648 9 771      -1.44950136 2
1649 9 856      -3.85174714 2
1650 9 856      -5.46935192 2
1651 9 311      -3.83121725 2
1652 9 311      -1.05648092 2
1653 9 775      4.91804713 2
1654 9 775      2.36016371 2
1655 9 294      -4.16630706 2
1656 9 294      -5.77530088 2
1657 9 512      -0.39290155 2
1658 9 512      -2.08979785 2
1659 9 125      -2.61426327 2
1660 9 125      1.20635424 2
1661 59 811     -1.24663032 2
1662 59 811     -4.86063308 1
1663 59 1003    3.15669627 1
1664 59 1003    -3.07030429 2
1665 59 372     -0.66781982 2
1666 59 372     4.28839370 2
1667 59 920     0.91240525 1
1668 59 920     -0.71320204 2
1669 59 302     -6.66690437 2
1670 59 302     -5.02708528 1
1671 59 800     -1.28435055 2
1672 59 800     -3.32935105 2
1673 59 328     2.45593764 2
1674 59 328     0.05388528 2
1675 59 886     0.86111209 1
1676 59 886     -5.19081673 1
1677 59 701     1.79316274 2
1678 59 701     -1.24875319 2
1679 59 518     -1.21309991 2
1680 59 518     -3.44395729 2
1681 93 746     4.32299488 2
1682 93 746     8.44823085 2
1683 93 1026    -2.06289493 2
1684 93 1026    1.00445971 2
1685 93 849     7.58592304 1
1686 93 849     11.49239703 2
1687 93 598     7.56853436 2
1688 93 598     10.28754556 2
1689 93 265     8.00979789 2
1690 93 265     5.18902098 2
1691 93 799     9.48846000 2
1692 93 799     7.61504521 1
1693 93 860     4.37869916 2
1694 93 860     3.46608709 2
1695 93 555     -3.39183873 2
1696 93 555     0.90135604 2
1697 93 1088    7.21162017 2
1698 93 1088    0.60680545 2
1699 93 506     4.97932142 1
1700 93 506     6.89487108 2
1701 12 672     -0.73015634 2
1702 12 672     -1.43282199 2
1703 12 959     2.97317274 2
1704 12 959     1.19831581 2
1705 12 726     -3.08432558 2
1706 12 726     -1.24923398 2
1707 12 1035    -9.22134106 2
1708 12 1035    -10.56169891 1
1709 12 953     0.65991374 2
1710 12 953     -3.76646980 2
1711 12 476     -0.10863382 2
1712 12 476     1.61929147 1
1713 12 448     -9.43903723 2
1714 12 448     -8.59341411 2
1715 12 614     -0.66054460 2
1716 12 614     0.20565055 2
1717 12 783     -5.55818246 2
1718 12 783     -2.90033045 2
1719 12 596     -2.83235627 1
1720 12 596     -5.57553955 2
1721 86 685     -0.65504996 2
1722 86 685     2.06618565 2
1723 86 839     -3.71979498 1
1724 86 839     -5.53315362 2
1725 86 1071    -7.32421347 2
1726 86 1071    -6.78528985 2
1727 86 356     -1.66395251 2
1728 86 356     -0.69092422 2
1729 86 170     -2.97745321 1
1730 86 170     -8.42452991 2
1731 86 699     -1.58396330 2
1732 86 699     -4.17571717 2
1733 86 862     -11.58910373 2
1734 86 862     -6.59771819 2
1735 86 634     -0.58355553 2
1736 86 634     2.04571608 2
1737 86 816     -2.70687932 1
1738 86 816     -5.79843602 1
1739 86 1098    -4.57733259 1
1740 86 1098    -1.64971905 1
1741 44 192     0.30071987 2
1742 44 192     8.76668428 2
1743 44 1068    5.09719620 2
1744 44 1068    3.41045475 2
1745 44 138     -7.96889246 2
1746 44 138     -6.70345798 1
1747 44 350     -3.34380819 2
1748 44 350     0.89556376 1
1749 44 868     -0.20371357 2
1750 44 868     3.27495245 1
1751 44 1100    -0.69124437 2
1752 44 1100    -1.33718869 2
1753 44 226     4.74496950 2
1754 44 226     6.02420124 2
1755 44 143     2.39662862 2
1756 44 143     2.10337780 2
1757 44 485     -0.91457523 1
1758 44 485     1.48086916 1
1759 44 408     -0.62261917 2
1760 44 408     -1.12381217 2
1761 52 918     -1.93414774 2
1762 52 918     -2.62227514 1
1763 52 977     -7.79462069 2
1764 52 977     -5.36281203 1
1765 52 639     -3.78742649 2
1766 52 639     -7.04102801 2
1767 52 597     -4.29957306 2
1768 52 597     -3.74503106 2
1769 52 411     -6.20315125 2
1770 52 411     -4.02489963 2
1771 52 1096    -4.90395665 2
1772 52 1096    -6.44191795 2
1773 52 248     -6.16099940 1
1774 52 248     -11.18119506 2
1775 52 297     -4.23987990 1
1776 52 297     -4.65210043 2
1777 52 1063    -7.19976059 2
1778 52 1063    -9.65460745 1
1779 52 329     -1.90381989 2
1780 52 329     -3.03189358 2
1781 36 737     -0.60209359 1
1782 36 737     0.02216898 2
1783 36 271     0.54462982 2
1784 36 271     0.93058607 2
1785 36 924     -5.12912359 1
1786 36 924     -8.18176331 1
1787 36 564     0.16350169 2
1788 36 564     0.66294846 2
1789 36 864     -3.92075615 2
1790 36 864     -8.23754402 2
1791 36 989     -0.05573430 2
1792 36 989     -6.37810060 2
1793 36 105     1.84997341 2
1794 36 105     -6.98271258 2
1795 36 966     -2.01275902 2
1796 36 966     -4.91065853 1
1797 36 1099    -8.53036869 1
1798 36 1099    -5.37416642 1
1799 36 943     -0.51426742 2
1800 36 943     -1.38961026 1
1801 68 266     -0.40256639 2
1802 68 266     1.74169478 2
1803 68 361     -3.19078567 2
1804 68 361     -0.32731361 1
1805 68 330     -5.28980666 2
1806 68 330     -6.52379452 1
1807 68 230     -4.72469333 2
1808 68 230     -4.83438416 2
1809 68 818     -10.87915890 2
1810 68 818     -10.45586530 1
1811 68 255     -5.49778504 2
1812 68 255     -7.93965795 1
1813 68 560     1.60494712 2
1814 68 560     -0.13252529 2
1815 68 497     -3.83940191 2
1816 68 497     -1.43062501 2
1817 68 172     -1.63644460 1
1818 68 172     -4.06745142 1
1819 68 253     7.62843437 2
1820 68 253     4.35192463 2
1821 99 1016    -16.86520186 2
1822 99 1016    -11.29203618 1
1823 99 405     -0.57525326 1
1824 99 405     -0.34314470 2
1825 99 239     -7.07944506 2
1826 99 239     -8.46207910 2
1827 99 851     -0.16899597 2
1828 99 851     -2.77697089 2
1829 99 1079    -10.76829518 2
1830 99 1079    -10.70463449 2
1831 99 524     -13.03912213 2
1832 99 524     -10.53821679 2
1833 99 824     -10.29210900 2
1834 99 824     -12.74292754 2
1835 99 195     -3.20048718 2
1836 99 195     -2.25063889 2
1837 99 993     -14.61267870 2
1838 99 993     -6.72568987 1
1839 99 547     -6.71925075 2
1840 99 547     -5.47537506 2
1841 15 565     2.35109128 1
1842 15 565     1.21140587 1
1843 15 279     4.09661864 2
1844 15 279     2.83541877 2
1845 15 425     5.86160431 2
1846 15 425     0.64545388 1
1847 15 979     8.61377192 1
1848 15 979     8.75304154 2
1849 15 493     3.60444826 2
1850 15 493     5.38678951 1
1851 15 484     -3.80387415 2
1852 15 484     4.13253452 1
1853 15 489     3.18046633 2
1854 15 489     2.04096655 2
1855 15 202     5.36601067 2
1856 15 202     8.57260306 2
1857 15 460     17.05171741 1
1858 15 460     1.23589961 1
1859 15 1013    1.11015897 2
1860 15 1013    0.11848617 2
1861 25 412     -2.53660765 2
1862 25 412     -2.44275735 1
1863 25 306     -7.54588110 2
1864 25 306     -5.06751910 2
1865 25 245     -2.15569248 2
1866 25 245     -3.70671682 2
1867 25 674     -8.89077581 2
1868 25 674     -3.25404706 2
1869 25 1032    3.02522077 2
1870 25 1032    1.44365980 1
1871 25 721     -6.55482622 1
1872 25 721     -2.26025470 2
1873 25 273     1.84838860 2
1874 25 273     2.82579828 1
1875 25 464     -0.57660753 1
1876 25 464     -1.87372772 2
1877 25 109     0.00672196 2
1878 25 109     6.06682911 2
1879 25 407     -4.95825444 1
1880 25 407     -7.73393808 2
1881 62 1085    -10.44730443 1
1882 62 1085    -10.21667819 2
1883 62 159     -16.24060358 2
1884 62 159     -6.90394837 2
1885 62 734     -6.55479400 2
1886 62 734     -5.83935965 1
1887 62 509     -9.27959599 2
1888 62 509     -8.25467863 2
1889 62 567     -13.81224848 2
1890 62 567     -5.01248760 2
1891 62 459     -4.45577384 2
1892 62 459     -6.18852846 2
1893 62 146     -4.07586053 2
1894 62 146     -3.81532438 2
1895 62 451     -5.90439448 1
1896 62 451     -7.93733382 2
1897 62 929     -2.77414025 2
1898 62 929     -1.69786954 2
1899 62 980     -2.37919051 1
1900 62 980     -0.17934063 2
1901 75 728     -1.90175172 2
1902 75 728     -1.15735955 2
1903 75 241     -4.18708279 2
1904 75 241     -5.49845349 2
1905 75 739     -5.09784374 1
1906 75 739     -2.89622436 1
1907 75 525     -7.94985224 2
1908 75 525     -2.65162099 2
1909 75 536     -6.50874622 2
1910 75 536     -7.41633260 2
1911 75 108     -5.34712689 1
1912 75 108     -9.67844856 2
1913 75 235     -7.19533034 2
1914 75 235     -9.48228961 2
1915 75 970     -1.07484129 2
1916 75 970     1.22213382 2
1917 75 225     -11.16422127 2
1918 75 225     -7.70189554 1
1919 75 1057    -4.39829870 2
1920 75 1057    -8.11381046 2
1921 27 491     0.15606153 2
1922 27 491     4.17884910 2
1923 27 246     -0.74471319 2
1924 27 246     -5.04916351 2
1925 27 526     -2.87795270 1
1926 27 526     -5.11672357 2
1927 27 114     -1.06699041 2
1928 27 114     -1.62125307 2
1929 27 176     1.21597308 1
1930 27 176     3.03267538 1
1931 27 220     -2.19904696 2
1932 27 220     -0.18477688 2
1933 27 553     -1.59335406 2
1934 27 553     5.31574977 1
1935 27 188     0.84094013 1
1936 27 188     1.27183133 2
1937 27 769     -4.39806601 2
1938 27 769     -1.83682612 2
1939 27 632     -9.48730711 2
1940 27 632     -10.75916021 2
1941 42 649     -5.44149287 2
1942 42 649     -7.57549597 2
1943 42 660     -2.01862131 2
1944 42 660     -8.54277926 2
1945 42 612     -7.06876639 2
1946 42 612     -5.11023849 1
1947 42 540     -6.42750728 2
1948 42 540     -9.58401261 2
1949 42 932     0.06470398 2
1950 42 932     1.89423034 1
1951 42 189     -10.70583675 2
1952 42 189     -13.34129168 2
1953 42 962     -5.62847192 1
1954 42 962     -4.57308947 2
1955 42 274     -5.48639346 2
1956 42 274     -6.61413337 2
1957 42 768     -5.37213917 1
1958 42 768     -0.10602382 1
1959 42 519     1.74456876 2
1960 42 519     3.04716827 1
1961 74 174     7.98922829 2
1962 74 174     6.16541315 2
1963 74 532     2.31358042 2
1964 74 532     -1.33644776 2
1965 74 714     1.55810370 1
1966 74 714     0.12122624 1
1967 74 600     11.65282065 2
1968 74 600     5.64656745 2
1969 74 857     -4.95358161 2
1970 74 857     2.33689362 2
1971 74 1061    3.22867026 1
1972 74 1061    -5.67951749 2
1973 74 774     2.89193700 1
1974 74 774     0.27970930 1
1975 74 671     4.52020779 2
1976 74 671     -3.23401266 1
1977 74 1075    3.64574845 2
1978 74 1075    8.42703997 2
1979 74 427     5.78468098 2
1980 74 427     2.76244327 2
1981 81 1084    -5.65520079 2
1982 81 1084    -7.93054540 1
1983 81 205     -4.31218243 1
1984 81 205     -11.17199826 2
1985 81 428     -4.97776031 1
1986 81 428     -7.49798508 2
1987 81 542     -6.34257852 1
1988 81 542     -12.54408499 1
1989 81 148     -10.48205991 2
1990 81 148     -9.97198848 2
1991 81 1021    -4.42472239 2
1992 81 1021    -5.43132251 2
1993 81 347     -9.84160934 2
1994 81 347     -10.52437133 2
1995 81 340     -4.05345681 2
1996 81 340     -4.69815966 2
1997 81 923     -8.83736357 2
1998 81 923     -7.51468491 1
1999 81 831     -13.45819489 2
2000 81 831     -7.16918565 2
2001 88 450     7.50212636 2
2002 88 450     3.68390477 2
2003 88 976     4.22768478 2
2004 88 976     4.84305373 1
2005 88 508     2.52988770 2
2006 88 508     3.68540404 2
2007 88 353     7.09542606 1
2008 88 353     11.40740672 2
2009 88 998     4.78220701 2
2010 88 998     9.03193614 2
2011 88 190     -3.24747056 2
2012 88 190     -0.56698592 2
2013 88 669     1.16343539 2
2014 88 669     1.18477969 2
2015 88 1014    -2.08875668 2
2016 88 1014    -1.41399421 1
2017 88 893     7.84123015 2
2018 88 893     5.47806047 1
2019 88 767     1.21044540 2
2020 88 767     -3.56639084 2
2021 22 960     -1.14706918 2
2022 22 960     -6.67249582 1
2023 22 575     -2.51359439 2
2024 22 575     -3.03431690 2
2025 22 591     2.12016908 2
2026 22 591     -2.75760755 2
2027 22 1017    -2.41317544 1
2028 22 1017    -6.58721945 2
2029 22 1027    -4.39482608 2
2030 22 1027    -1.34935848 1
2031 22 815     -9.67931657 1
2032 22 815     -11.58387013 2
2033 22 561     -2.87729536 2
2034 22 561     -4.28133897 2
2035 22 751     -8.86191128 2
2036 22 751     -8.24863272 1
2037 22 210     -9.23199520 2
2038 22 210     -6.14894568 2
2039 22 841     -9.91661964 2
2040 22 841     -6.29784136 2
2041 46 626     -7.27173026 2
2042 46 626     -3.45610407 2
2043 46 830     -14.69098831 2
2044 46 830     -16.94012194 2
2045 46 927     -11.22284998 1
2046 46 927     -7.25993615 1
2047 46 807     -14.85047476 2
2048 46 807     -14.10410684 2
2049 46 969     -15.01797296 1
2050 46 969     -10.95029363 2
2051 46 664     -0.81145303 2
2052 46 664     -2.55416053 2
2053 46 906     -12.94414245 2
2054 46 906     -12.81811386 2
2055 46 435     -8.89158700 1
2056 46 435     -7.58778256 2
2057 46 668     -11.22228233 2
2058 46 668     -14.79776317 2
2059 46 349     -6.58103720 2
2060 46 349     -7.88410960 2
2061 94 275     1.00582279 2
2062 94 275     2.68966355 2
2063 94 657     -0.90736430 2
2064 94 657     -1.06356262 1
2065 94 194     -0.53802954 2
2066 94 194     1.36744882 2
2067 94 244     3.95880281 2
2068 94 244     3.13592390 2
2069 94 798     -0.15569108 2
2070 94 798     -1.37823637 1
2071 94 711     3.81935121 2
2072 94 711     3.82727809 2
2073 94 1006    -6.65899440 2
2074 94 1006    -4.27994913 2
2075 94 292     -5.13444358 2
2076 94 292     -7.25521176 1
2077 94 840     0.90968449 2
2078 94 840     1.15297604 2
2079 94 570     1.94336290 2
2080 94 570     -0.73096857 2
2081 82 1010    10.43587968 2
2082 82 1010    6.95165717 2
2083 82 885     4.86631137 2
2084 82 885     2.77137784 2
2085 82 1053    -2.12913546 2
2086 82 1053    1.37585502 2
2087 82 431     -0.39050554 2
2088 82 431     0.03137223 2
2089 82 887     3.06139699 2
2090 82 887     1.04339055 1
2091 82 316     9.25574181 2
2092 82 316     3.91870791 1
2093 82 582     -1.98793953 1
2094 82 582     -12.32475004 2
2095 82 820     -3.03169030 2
2096 82 820     0.87105297 2
2097 82 680     -0.25501870 2
2098 82 680     -0.59243426 2
2099 82 622     9.71680664 2
2100 82 622     4.87182417 2
2101 8 779      1.09677177 2
2102 8 779      -3.03854212 2
2103 8 132      -0.58929714 2
2104 8 132      2.72099626 1
2105 8 577      2.25165341 1
2106 8 577      0.12014688 2
2107 8 1031     5.59338594 2
2108 8 1031     2.75214757 2
2109 8 410      16.82284685 1
2110 8 410      3.51567080 1
2111 8 129      14.05608965 1
2112 8 129      8.67165775 1
2113 8 905      0.99679537 2
2114 8 905      2.10293301 1
2115 8 180      4.07260298 2
2116 8 180      6.55885341 2
2117 8 931      9.54067820 2
2118 8 931      7.56258187 2
2119 8 1094     -3.31772435 1
2120 8 1094     -5.27387009 2
2121 4 681      -11.05207144 2
2122 4 681      -13.27459509 2
2123 4 952      -3.84907918 1
2124 4 952      -1.97865049 1
2125 4 426      -12.60081018 2
2126 4 426      -12.16300671 2
2127 4 1001     2.25626401 2
2128 4 1001     10.67737002 1
2129 4 724      -4.28835519 2
2130 4 724      -2.11518926 1
2131 4 131      -11.74207966 2
2132 4 131      -6.40352170 1
2133 4 603      -2.32257286 2
2134 4 603      -2.43246271 2
2135 4 778      1.75987479 2
2136 4 778      -7.09167150 1
2137 4 400      -3.07796206 2
2138 4 400      0.55729662 1
2139 4 430      -6.61719262 2
2140 4 430      -8.62296849 2
2141 72 140     -1.10462309 1
2142 72 140     -8.18698898 2
2143 72 731     -5.52105545 2
2144 72 731     -7.69760451 2
2145 72 373     0.05038995 2
2146 72 373     5.01473224 2
2147 72 571     -9.59854936 2
2148 72 571     -9.13063682 2
2149 72 104     -4.64710404 1
2150 72 104     -9.77670295 2
2151 72 150     -3.22863906 2
2152 72 150     -3.49468241 2
2153 72 576     1.94527612 2
2154 72 576     0.21796854 2
2155 72 388     -0.87709678 2
2156 72 388     -3.90719708 2
2157 72 128     -3.92385085 2
2158 72 128     -2.66263983 2
2159 72 896     0.30749037 1
2160 72 896     -0.41884861 2
2161 78 619     -1.57604746 2
2162 78 619     -1.27985126 1
2163 78 301     0.30305742 1
2164 78 301     -1.75597399 2
2165 78 394     9.13934279 1
2166 78 394     2.44686272 2
2167 78 475     2.68810723 2
2168 78 475     1.46744426 1
2169 78 363     -3.83838256 2
2170 78 363     -1.15452787 2
2171 78 982     5.31694337 2
2172 78 982     3.70963348 2
2173 78 574     -2.24212124 2
2174 78 574     -7.02351462 2
2175 78 1046    3.66036225 1
2176 78 1046    7.21186804 2
2177 78 647     -1.92676471 2
2178 78 647     -0.75082806 2
2179 78 972     0.85174083 2
2180 78 972     6.06476668 2
2181 63 335     0.46076524 1
2182 63 335     -1.10865373 2
2183 63 712     -4.14197790 2
2184 63 712     -5.85181883 2
2185 63 338     -9.93012916 2
2186 63 338     -3.36421963 1
2187 63 336     0.07906011 2
2188 63 336     -2.90392494 2
2189 63 609     -4.05416886 1
2190 63 609     -5.11893616 2
2191 63 1062    -5.00644121 2
2192 63 1062    -1.63247901 2
2193 63 211     -13.78682344 2
2194 63 211     -8.79178314 1
2195 63 666     -0.48275694 1
2196 63 666     -2.84741266 2
2197 63 522     -4.92790386 1
2198 63 522     -1.82569938 2
2199 63 812     -5.96649320 1
2200 63 812     -1.68276466 2
2201 11 517     -1.83842481 2
2202 11 517     -4.43041518 1
2203 11 695     -6.28539398 2
2204 11 695     -10.04651032 1
2205 11 852     -2.48365280 2
2206 11 852     -7.78424278 1
2207 11 1038    0.18050084 2
2208 11 1038    -4.62291362 2
2209 11 1043    -7.41894776 2
2210 11 1043    -5.98293804 2
2211 11 483     -2.50728036 2
2212 11 483     -2.38019921 2
2213 11 240     -14.24423514 2
2214 11 240     -11.80747632 2
2215 11 323     -6.19933160 2
2216 11 323     -5.39506125 2
2217 11 359     -0.65312512 2
2218 11 359     -1.55278771 2
2219 11 548     -4.01408960 2
2220 11 548     -6.77241515 1
2221 95 399     1.44501767 2
2222 95 399     0.86830162 2
2223 95 580     -1.45964022 2
2224 95 580     -4.15055971 2
2225 95 362     0.06189760 1
2226 95 362     -4.13141814 2
2227 95 823     -2.14263674 2
2228 95 823     -6.19988771 2
2229 95 903     -0.71210187 1
2230 95 903     -5.82592856 2
2231 95 902     3.48567432 2
2232 95 902     -3.61159266 2
2233 95 173     -3.36251867 2
2234 95 173     -10.18700303 1
2235 95 586     -7.34470509 2
2236 95 586     -5.01868011 2
2237 95 765     -1.07533233 2
2238 95 765     -2.36769782 2
2239 95 456     -10.99315951 2
2240 95 456     -5.44049581 1
2241 40 569     5.01728631 2
2242 40 569     8.80071537 2
2243 40 882     -2.76799593 2
2244 40 882     -1.17264067 2
2245 40 366     4.47178958 1
2246 40 366     -0.08669245 2
2247 40 505     -1.45660923 2
2248 40 505     -4.83967513 2
2249 40 654     7.05904140 1
2250 40 654     4.44486996 1
2251 40 537     -2.03688235 1
2252 40 537     -0.26667399 2
2253 40 877     -3.46159084 2
2254 40 877     -7.47552101 2
2255 40 550     5.51652103 2
2256 40 550     2.07635201 2
2257 40 984     0.95564538 2
2258 40 984     3.84872506 2
2259 40 423     -0.60112485 1
2260 40 423     -4.72934561 2
2261 38 974     -8.39483799 1
2262 38 974     -5.17623642 1
2263 38 232     0.61023220 2
2264 38 232     0.76188833 2
2265 38 790     -3.64526217 2
2266 38 790     -4.57774171 2
2267 38 503     -6.03579691 2
2268 38 503     0.14698677 1
2269 38 707     -11.38349664 2
2270 38 707     -9.09863689 2
2271 38 1076    -0.74931819 2
2272 38 1076    1.27001453 2
2273 38 874     -11.74121993 2
2274 38 874     -10.08493486 1
2275 38 1034    -12.93225193 2
2276 38 1034    -12.70160253 2
2277 38 288     -3.20173935 2
2278 38 288     -2.27758756 2
2279 38 867     -1.94804566 2
2280 38 867     -1.45259185 1
2281 77 501     -4.33079948 2
2282 77 501     -3.74146709 1
2283 77 794     -10.10861194 2
2284 77 794     -13.05552288 2
2285 77 822     -13.29108119 2
2286 77 822     -10.62479538 2
2287 77 221     -6.32219733 2
2288 77 221     -1.13298342 2
2289 77 562     2.07609129 1
2290 77 562     -2.43130075 2
2291 77 454     -6.87052802 2
2292 77 454     -4.45288565 2
2293 77 1015    -4.09083117 1
2294 77 1015    -2.32233978 2
2295 77 635     -4.60866997 2
2296 77 635     -7.59127015 2
2297 77 770     -8.08951950 1
2298 77 770     -5.66923919 1
2299 77 402     -6.46506095 1
2300 77 402     -4.14073025 2
2301 43 474     -3.88988550 2
2302 43 474     -4.50554358 2
2303 43 730     -0.75098971 1
2304 43 730     -2.67580356 1
2305 43 968     -4.40572236 2
2306 43 968     0.01003391 2
2307 43 420     -4.49381251 2
2308 43 420     -7.68459097 2
2309 43 227     3.35036730 2
2310 43 227     4.22943511 1
2311 43 911     -0.92810657 2
2312 43 911     -3.46856197 2
2313 43 309     -3.49501937 2
2314 43 309     -2.21396841 1
2315 43 897     -8.64541308 2
2316 43 897     -10.63570212 1
2317 43 386     -7.41955266 2
2318 43 386     -8.56413607 2
2319 43 828     -7.87148922 2
2320 43 828     -7.47953770 1
2321 61 495     -3.72908061 1
2322 61 495     -3.34406395 2
2323 61 810     0.20176629 2
2324 61 810     -0.65863947 2
2325 61 303     -2.98309859 2
2326 61 303     -1.70590084 2
2327 61 452     4.59881807 2
2328 61 452     -1.35222907 2
2329 61 463     2.03103159 2
2330 61 463     13.27907314 1
2331 61 286     7.60469424 1
2332 61 286     0.76225412 1
2333 61 308     0.21563504 2
2334 61 308     -1.28563813 2
2335 61 106     -0.82739248 2
2336 61 106     3.23026735 1
2337 61 360     1.36211300 2
2338 61 360     5.15807304 2
2339 61 398     -2.25423290 2
2340 61 398     -0.82543917 1
2341 47 784     -6.95585549 1
2342 47 784     -4.38251099 2
2343 47 1066    -3.15070972 2
2344 47 1066    -0.58228344 1
2345 47 826     -3.93203682 2
2346 47 826     -1.86179259 1
2347 47 758     -9.04041538 2
2348 47 758     -4.47836805 2
2349 47 667     -10.85422444 2
2350 47 667     -9.08094263 2
2351 47 414     -8.44159120 2
2352 47 414     -9.07157146 2
2353 47 652     -8.16700901 1
2354 47 652     -9.22507641 2
2355 47 419     -12.77432742 2
2356 47 419     -7.36427769 1
2357 47 604     -11.39333339 1
2358 47 604     -13.37913147 1
2359 47 735     -6.50766926 1
2360 47 735     -3.29841912 2
2361 83 121     3.08449271 2
2362 83 121     0.08507332 2
2363 83 466     -4.41406847 2
2364 83 466     -1.68690355 2
2365 83 102     -2.26839634 1
2366 83 102     -4.26514327 1
2367 83 507     2.61476879 2
2368 83 507     -2.63428842 2
2369 83 700     -9.44345556 2
2370 83 700     -8.53447078 1
2371 83 124     -8.71285589 1
2372 83 124     -9.28165431 1
2373 83 912     -1.16474097 2
2374 83 912     -3.02494784 2
2375 83 641     4.34884235 1
2376 83 641     -6.44431416 1
2377 83 704     0.60910048 2
2378 83 704     0.20453192 2
2379 83 233     1.96590564 2
2380 83 233     1.34006109 2
2381 53 659     -6.70394886 2
2382 53 659     -4.13986961 2
2383 53 332     -7.64318872 2
2384 53 332     -5.71500935 2
2385 53 449     2.64769576 2
2386 53 449     3.98723965 2
2387 53 708     -4.32026239 2
2388 53 708     -5.05987145 2
2389 53 919     -2.30611472 2
2390 53 919     0.49736594 2
2391 53 116     -10.42109568 2
2392 53 116     -10.99802834 1
2393 53 615     -1.99856692 2
2394 53 615     -4.47665215 2
2395 53 490     -4.68566112 2
2396 53 490     -9.57762952 1
2397 53 543     -4.75816646 2
2398 53 543     -1.92319524 1
2399 53 643     -4.41330765 2
2400 53 643     -3.15659955 1
2401 41 315     -1.38181791 2
2402 41 315     -3.54819092 1
2403 41 606     4.10245347 2
2404 41 606     11.15202410 1
2405 41 168     -2.55653510 2
2406 41 168     0.26510963 2
2407 41 858     4.22429709 2
2408 41 858     3.74244990 1
2409 41 1072    9.16310714 2
2410 41 1072    12.43983722 1
2411 41 482     2.66035469 2
2412 41 482     4.67500476 2
2413 41 135     1.31710581 1
2414 41 135     7.07138422 2
2415 41 163     9.89049660 2
2416 41 163     10.03277733 1
2417 41 472     2.32064994 2
2418 41 472     -2.30686012 2
2419 41 167     0.77194869 2
2420 41 167     0.56926222 1
2421 64 369     5.78757281 2
2422 64 369     10.85528485 2
2423 64 994     0.49782188 2
2424 64 994     0.17141699 2
2425 64 161     2.10538326 2
2426 64 161     5.20295186 2
2427 64 1008    1.02644375 2
2428 64 1008    1.94133515 2
2429 64 592     -2.23389933 2
2430 64 592     0.94480338 2
2431 64 559     6.72503998 2
2432 64 559     3.66375900 2
2433 64 395     7.26648139 2
2434 64 395     9.20857889 1
2435 64 1052    4.11100231 2
2436 64 1052    3.40918611 2
2437 64 686     3.76876807 2
2438 64 686     6.76837329 1
2439 64 817     1.40019969 1
2440 64 817     4.32410096 1
2441 50 203     -0.16497168 2
2442 50 203     -2.14068517 2
2443 50 996     -6.04141542 1
2444 50 996     -6.72937299 2
2445 50 890     -1.11367913 2
2446 50 890     1.57537253 2
2447 50 198     -0.75379211 2
2448 50 198     -3.83714794 1
2449 50 492     1.30107737 2
2450 50 492     -2.78299709 2
2451 50 933     -2.00106081 2
2452 50 933     -1.22905974 1
2453 50 854     -3.10932086 2
2454 50 854     -2.69950772 2
2455 50 687     -1.33962576 2
2456 50 687     -2.28510817 2
2457 50 791     3.25158853 2
2458 50 791     6.89213449 2
2459 50 422     5.90268276 2
2460 50 422     5.32814386 2
2461 91 861     7.05014379 2
2462 91 861     5.50168360 2
2463 91 554     1.35090749 2
2464 91 554     1.21175081 2
2465 91 636     2.05624812 2
2466 91 636     2.31784534 2
2467 91 999     8.39531777 2
2468 91 999     10.45452896 2
2469 91 179     16.83495012 1
2470 91 179     11.33785542 2
2471 91 981     0.25933090 2
2472 91 981     -0.06039908 1
2473 91 268     1.15557131 2
2474 91 268     5.30584805 2
2475 91 281     2.26859177 1
2476 91 281     10.61948440 1
2477 91 1018    4.63004600 1
2478 91 1018    4.02903665 2
2479 91 718     -3.06065361 1
2480 91 718     2.89993800 1
2481 17 283     -0.69547605 2
2482 17 283     -0.59920797 2
2483 17 938     -6.00780165 2
2484 17 938     -3.09163053 2
2485 17 479     -5.85775812 2
2486 17 479     -1.97280707 2
2487 17 627     -2.55164324 2
2488 17 627     -1.15902678 2
2489 17 661     -1.28162132 2
2490 17 661     3.37251891 2
2491 17 835     -5.44995527 1
2492 17 835     -0.01922255 2
2493 17 416     -2.97190009 2
2494 17 416     -0.69193867 2
2495 17 207     -5.02739294 2
2496 17 207     -6.07794429 2
2497 17 702     -2.51894161 2
2498 17 702     -4.16299181 2
2499 17 406     2.31016531 1
2500 17 406     -0.00398865 1
2501 20 878     4.50139807 2
2502 20 878     3.86256268 2
2503 20 958     2.70814137 2
2504 20 958     3.42991501 1
2505 20 141     -0.97671299 2
2506 20 141     -3.66571494 2
2507 20 390     1.24707101 1
2508 20 390     -2.43276524 1
2509 20 637     4.44948037 2
2510 20 637     -0.36969802 1
2511 20 916     4.52170762 1
2512 20 916     1.64431495 2
2513 20 469     11.62653992 1
2514 20 469     3.52282081 2
2515 20 510     5.12253646 2
2516 20 510     3.16156922 2
2517 20 231     -3.93466682 2
2518 20 231     1.85029756 1
2519 20 513     2.13013848 2
2520 20 513     1.06175822 1
2521 32 305     -4.19001572 1
2522 32 305     0.14089659 2
2523 32 191     0.68282960 1
2524 32 191     6.13972262 2
2525 32 250     4.14132006 1
2526 32 250     1.70045919 2
2527 32 825     -1.12288796 1
2528 32 825     -4.16708128 2
2529 32 1024    -3.30918035 2
2530 32 1024    0.90308115 2
2531 32 446     7.11276991 2
2532 32 446     1.73202658 1
2533 32 219     0.55016336 1
2534 32 219     -4.98481636 2
2535 32 383     1.21426132 1
2536 32 383     5.85773923 1
2537 32 465     2.79193780 2
2538 32 465     3.22772151 1
2539 32 171     -3.54208366 2
2540 32 171     -1.54605240 1
2541 89 616     -9.12511893 2
2542 89 616     -3.56280344 1
2543 89 457     -11.52421084 2
2544 89 457     -5.02487900 1
2545 89 743     -2.85347130 2
2546 89 743     -0.83688023 1
2547 89 648     -2.88383953 2
2548 89 648     -10.90517264 2
2549 89 1042    0.57722084 2
2550 89 1042    1.37182380 2
2551 89 371     -6.09374996 2
2552 89 371     -6.72384863 1
2553 89 1033    -1.16570417 1
2554 89 1033    -4.85963509 2
2555 89 629     1.43067061 2
2556 89 629     -0.88116737 2
2557 89 988     -1.91614447 1
2558 89 988     -3.99616595 1
2559 89 462     -1.96056214 2
2560 89 462     -0.50691802 2
2561 56 1049    -5.20328738 2
2562 56 1049    -6.77909894 2
2563 56 946     -0.86691817 1
2564 56 946     -0.22623177 2
2565 56 155     -0.81977509 1
2566 56 155     1.13248496 2
2567 56 1097    -8.30728488 2
2568 56 1097    -5.11335239 1
2569 56 222     -10.90408639 2
2570 56 222     -0.20149497 2
2571 56 937     -7.08128514 2
2572 56 937     -8.34645211 2
2573 56 607     -0.17127056 1
2574 56 607     -5.23576064 2
2575 56 216     3.16307060 2
2576 56 216     0.23272860 2
2577 56 1028    -1.81964449 1
2578 56 1028    -4.09228659 2
2579 56 1025    1.39878274 2
2580 56 1025    -4.73705881 2
2581 65 1092    5.38343482 2
2582 65 1092    5.35410870 2
2583 65 957     3.97467450 1
2584 65 957     4.56607838 1
2585 65 282     -2.19745138 2
2586 65 282     -2.25952150 2
2587 65 738     -1.16629046 2
2588 65 738     3.04268830 2
2589 65 453     3.31159602 2
2590 65 453     -3.17691135 1
2591 65 593     1.84301340 2
2592 65 593     0.18271868 2
2593 65 183     11.10160641 2
2594 65 183     7.73490931 2
2595 65 112     11.04318783 1
2596 65 112     4.97569022 2
2597 65 808     1.96424122 1
2598 65 808     7.06743962 2
2599 65 375     1.76295101 2
2600 65 375     1.09464803 1
2601 97 1036    5.37164779 2
2602 97 1036    7.27367773 2
2603 97 965     4.42232715 2
2604 97 965     7.07841033 2
2605 97 693     0.42134485 2
2606 97 693     -4.16345775 2
2607 97 385     -6.51128018 1
2608 97 385     3.42310245 2
2609 97 300     1.68963607 2
2610 97 300     4.27546314 1
2611 97 182     -1.12159895 1
2612 97 182     9.39747418 1
2613 97 251     1.45285499 2
2614 97 251     0.65330709 1
2615 97 533     -7.79640667 2
2616 97 533     -5.47936004 2
2617 97 123     4.64190414 2
2618 97 123     3.88879688 1
2619 97 595     -0.30829867 1
2620 97 595     -0.99533855 2
2621 30 331     -15.12781464 1
2622 30 331     -13.21745255 2
2623 30 118     -11.42065710 2
2624 30 118     -13.64869762 2
2625 30 409     -13.85893029 1
2626 30 409     -14.90924479 2
2627 30 914     -17.35848612 2
2628 30 914     -13.76289513 1
2629 30 368     -16.06119055 1
2630 30 368     -12.28306707 2
2631 30 545     -18.62653609 2
2632 30 545     -21.37208117 2
2633 30 258     -7.88439590 2
2634 30 258     -9.58959750 2
2635 30 470     -13.05545844 1
2636 30 470     -10.83504477 2
2637 30 720     -10.28125057 2
2638 30 720     -8.99942450 1
2639 30 541     -7.79026190 1
2640 30 541     -14.42633921 2
2641 66 478     5.19787317 2
2642 66 478     0.41595256 2
2643 66 642     1.00734435 1
2644 66 642     0.01633691 2
2645 66 224     7.14703609 1
2646 66 224     4.25345533 2
2647 66 321     7.18884353 2
2648 66 321     5.35419453 2
2649 66 1073    -3.39812904 2
2650 66 1073    -4.28456235 2
2651 66 601     1.43504555 1
2652 66 601     -2.97734251 1
2653 66 263     1.16269467 2
2654 66 263     2.31835874 1
2655 66 213     -2.38467909 1
2656 66 213     -1.37312041 2
2657 66 944     3.98249636 2
2658 66 944     5.68367930 2
2659 66 494     -1.18014757 1
2660 66 494     5.15953583 2
2661 5 436      -6.82532764 1
2662 5 436      -6.89602970 2
2663 5 345      -8.50300983 2
2664 5 345      -4.22997312 2
2665 5 795      -4.48484154 2
2666 5 795      -2.62742124 2
2667 5 1070     -3.52848971 2
2668 5 1070     -10.48659459 2
2669 5 777      -2.35753264 2
2670 5 777      -5.68338219 2
2671 5 658      -9.27868500 2
2672 5 658      -5.92985217 2
2673 5 486      -2.11468117 1
2674 5 486      -7.34252735 2
2675 5 1048     -4.38811823 2
2676 5 1048     -0.20697821 2
2677 5 1055     -7.73430769 2
2678 5 1055     -12.50222651 2
2679 5 1058     -5.26811191 1
2680 5 1058     -9.34675563 2
2681 73 930     -5.33320917 1
2682 73 930     -4.43671480 2
2683 73 212     -2.96670568 2
2684 73 212     -3.04185307 2
2685 73 1056    -5.68023528 2
2686 73 1056    -0.47690195 2
2687 73 144     -1.58995252 2
2688 73 144     -6.04451526 2
2689 73 888     -10.20063897 1
2690 73 888     -10.22340044 2
2691 73 964     -0.91602567 2
2692 73 964     2.79531550 1
2693 73 151     -6.91561813 2
2694 73 151     -5.74017153 2
2695 73 445     -5.07411307 2
2696 73 445     -2.16046944 2
2697 73 760     -0.97452043 1
2698 73 760     -0.42861797 2
2699 73 534     4.58486583 2
2700 73 534     0.96779334 2
2701 70 578     0.31482507 2
2702 70 578     0.69167593 2
2703 70 650     3.51717537 1
2704 70 650     1.73051576 1
2705 70 145     0.17342068 1
2706 70 145     -3.23136257 2
2707 70 895     -1.90085218 2
2708 70 895     -0.03229192 2
2709 70 908     -0.28364084 1
2710 70 908     -1.68702349 1
2711 70 158     1.27183182 1
2712 70 158     3.93993968 1
2713 70 971     -1.71384250 2
2714 70 971     -2.58945451 2
2715 70 1002    -1.29888818 2
2716 70 1002    1.72539966 2
2717 70 803     -7.93443558 2
2718 70 803     -4.45110011 2
2719 70 461     3.84932166 1
2720 70 461     4.28209901 1
2721 10 334     11.49639719 2
2722 10 334     7.00928094 2
2723 10 925     4.71074989 1
2724 10 925     6.12036746 2
2725 10 381     1.03409207 2
2726 10 381     6.73489438 2
2727 10 633     7.33653618 1
2728 10 633     18.07337833 1
2729 10 496     7.65305468 2
2730 10 496     12.36071344 1
2731 10 973     3.66169362 2
2732 10 973     -3.85312235 2
2733 10 438     4.49818779 2
2734 10 438     1.30425942 2
2735 10 1005    0.94255314 2
2736 10 1005    3.36061890 2
2737 10 1000    3.59000105 2
2738 10 1000    5.37639875 1
2739 10 1081    7.54743822 2
2740 10 1081    0.88785157 2
2741 84 995     0.71012119 2
2742 84 995     2.54044940 1
2743 84 358     -5.77674107 2
2744 84 358     1.84452655 2
2745 84 694     0.04557075 2
2746 84 694     1.34231351 2
2747 84 1065    -2.35039981 2
2748 84 1065    0.97248410 2
2749 84 956     6.73251476 2
2750 84 956     3.24527706 2
2751 84 326     7.03151122 2
2752 84 326     3.32528703 1
2753 84 677     4.72566734 1
2754 84 677     2.55340795 1
2755 84 572     0.38993826 1
2756 84 572     -5.34960681 2
2757 84 337     -5.37654955 1
2758 84 337     -6.22223358 2
2759 84 833     -4.39072407 2
2760 84 833     0.02215965 1
2761 85 792     -7.25919622 2
2762 85 792     -5.94439281 2
2763 85 473     1.74515748 1
2764 85 473     6.54422644 2
2765 85 744     -8.86260100 2
2766 85 744     -6.92577191 1
2767 85 312     -2.52892629 2
2768 85 312     -6.41012998 1
2769 85 690     -6.48400995 1
2770 85 690     4.24172975 1
2771 85 773     1.63716868 2
2772 85 773     1.01329234 1
2773 85 678     4.24001464 2
2774 85 678     4.13791348 2
2775 85 853     -4.39051931 2
2776 85 853     -1.99725799 2
2777 85 380     -5.30142480 1
2778 85 380     -4.64817672 2
2779 85 206     -9.63813797 2
2780 85 206     -11.57809893 1
2781 13 355     -2.81117122 2
2782 13 355     -3.02717760 2
2783 13 684     -13.02194810 2
2784 13 684     -19.04226684 2
2785 13 261     -14.44949499 2
2786 13 261     -20.00705701 2
2787 13 696     -15.95041246 2
2788 13 696     -13.57484446 2
2789 13 579     -17.42256502 2
2790 13 579     -17.39901923 1
2791 13 117     -9.85471485 2
2792 13 117     -6.63747801 2
2793 13 387     -1.75205719 2
2794 13 387     -6.95514102 2
2795 13 786     -7.94334886 2
2796 13 786     -5.05615804 1
2797 13 314     -17.27938415 1
2798 13 314     -16.98925068 2
2799 13 325     -10.10230873 1
2800 13 325     -9.81165722 2
2801 49 848     -7.90464120 2
2802 49 848     -10.12913950 2
2803 49 101     -5.71144650 2
2804 49 101     -10.58758120 2
2805 49 514     -10.59111783 2
2806 49 514     -10.08686766 1
2807 49 262     -4.84297875 2
2808 49 262     -4.72080358 2
2809 49 698     -0.67396338 2
2810 49 698     0.52361497 2
2811 49 1040    -6.28012248 2
2812 49 1040    -8.65971930 1
2813 49 599     -10.06750794 2
2814 49 599     -10.07684804 2
2815 49 178     -1.76885291 2
2816 49 178     -5.42888576 2
2817 49 756     -8.31661052 2
2818 49 756     -2.82895269 2
2819 49 732     -6.75766786 2
2820 49 732     -5.10935442 2
2821 69 1019    0.56924117 1
2822 69 1019    -3.08461318 2
2823 69 156     -3.52481614 2
2824 69 156     -4.07963508 1
2825 69 119     4.33417216 2
2826 69 119     4.67224403 2
2827 69 692     7.28934501 1
2828 69 692     9.85990217 2
2829 69 197     0.83220309 2
2830 69 197     1.04603768 2
2831 69 913     0.29324864 2
2832 69 913     -5.86955858 2
2833 69 1095    10.80145229 1
2834 69 1095    5.55374133 2
2835 69 287     -0.29248030 2
2836 69 287     -3.62386207 2
2837 69 433     0.48600223 2
2838 69 433     1.23025029 2
2839 69 184     2.48966631 2
2840 69 184     3.67524796 1
2841 2 351      -3.86340249 1
2842 2 351      -5.52356860 2
2843 2 788      -14.24087957 2
2844 2 788      -7.09650913 1
2845 2 397      -2.15940185 2
2846 2 397      4.02821332 2
2847 2 947      -2.93132208 2
2848 2 947      -0.96218806 2
2849 2 845      -5.27727986 2
2850 2 845      -1.37405552 2
2851 2 859      -0.74896520 2
2852 2 859      -4.06241990 2
2853 2 379      3.21009133 2
2854 2 379      -2.27191951 1
2855 2 234      -1.22084289 2
2856 2 234      -2.37669995 2
2857 2 376      -0.95837785 2
2858 2 376      -5.90603870 1
2859 2 209      -0.21484234 2
2860 2 209      1.44308420 2
2861 76 396     4.31288510 2
2862 76 396     1.97667180 2
2863 76 267     1.04573544 1
2864 76 267     4.44700441 2
2865 76 879     0.01144524 2
2866 76 879     -1.50698140 1
2867 76 1022    0.77646284 2
2868 76 1022    0.96910772 2
2869 76 978     -10.74342097 2
2870 76 978     -3.62297624 1
2871 76 238     0.92694856 2
2872 76 238     4.41086923 2
2873 76 549     -4.18017618 1
2874 76 549     0.87034947 1
2875 76 683     -1.54535895 1
2876 76 683     -4.13514250 2
2877 76 689     -1.98192074 2
2878 76 689     -1.99936043 2
2879 76 527     -1.61453167 2
2880 76 527     0.37105083 1
2881 90 136     -6.72267505 1
2882 90 136     -5.82874459 2
2883 90 928     -6.17463051 1
2884 90 928     -8.08156172 2
2885 90 898     -0.86423049 2
2886 90 898     -5.91596978 2
2887 90 320     -0.64191083 2
2888 90 320     -7.52778978 2
2889 90 278     -14.51980477 1
2890 90 278     -13.79573129 2
2891 90 444     -13.95015631 2
2892 90 444     -15.63739505 2
2893 90 942     -5.73954735 2
2894 90 942     -1.56922945 2
2895 90 254     -2.85036118 1
2896 90 254     -0.02689383 2
2897 90 367     -5.76905178 2
2898 90 367     -7.07298789 1
2899 90 377     -0.73021726 2
2900 90 377     -7.35910972 1
2901 100 1080   -7.86859534 1
2902 100 1080   -3.44920452 2
2903 100 196    -3.58625593 1
2904 100 196    -4.89591289 2
2905 100 740    1.61240229 1
2906 100 740    4.42068279 2
2907 100 1083   -6.56867621 2
2908 100 1083   -1.12713455 2
2909 100 389    2.90674620 2
2910 100 389    3.72578353 2
2911 100 688    -2.98407306 2
2912 100 688    5.78646607 2
2913 100 899    0.85323547 1
2914 100 899    -5.70500488 2
2915 100 443    -3.80871581 2
2916 100 443    2.82619365 2
2917 100 247    1.95343741 2
2918 100 247    -1.77786944 2
2919 100 1039   3.17189187 1
2920 100 1039   2.21014895 2
2921 80 1087    -8.89134059 2
2922 80 1087    -8.86235684 2
2923 80 719     -0.44971858 2
2924 80 719     -1.74975297 1
2925 80 876     -0.70899634 1
2926 80 876     -0.16525909 2
2927 80 889     -7.97704438 2
2928 80 889     -9.22267341 1
2929 80 122     -2.07569639 2
2930 80 122     -1.35997898 2
2931 80 528     -7.84975917 2
2932 80 528     -4.12708896 1
2933 80 516     -5.72547940 2
2934 80 516     -1.66162469 2
2935 80 802     -10.02631272 2
2936 80 802     -5.00401225 2
2937 80 829     -2.14642547 1
2938 80 829     6.22926385 2
2939 80 904     -3.07272004 2
2940 80 904     -5.24775432 2
2941 60 741     5.69563042 2
2942 60 741     0.17036350 1
2943 60 663     -7.82776249 1
2944 60 663     -6.26544683 1
2945 60 137     2.16396310 2
2946 60 137     7.38919161 1
2947 60 922     -3.01934129 1
2948 60 922     -3.19363326 2
2949 60 229     -4.78428592 2
2950 60 229     -2.88571915 1
2951 60 620     0.29465553 1
2952 60 620     3.53989290 2
2953 60 120     -3.97618799 2
2954 60 120     -0.79394857 1
2955 60 529     -4.57370862 2
2956 60 529     -7.58156367 2
2957 60 583     -4.34941115 2
2958 60 583     -0.78707204 2
2959 60 590     0.74368129 1
2960 60 590     4.04958559 2
2961 34 753     -2.21700932 2
2962 34 753     5.30442718 2
2963 34 1020    -1.16488478 2
2964 34 1020    -4.44434218 1
2965 34 1041    -1.98638321 2
2966 34 1041    0.36376917 2
2967 34 673     -0.52259945 1
2968 34 673     -4.63942123 2
2969 34 417     -4.18976852 2
2970 34 417     -1.38003912 1
2971 34 1037    0.10367516 2
2972 34 1037    4.22972948 1
2973 34 951     -3.90267961 1
2974 34 951     -1.80494248 2
2975 34 467     -0.92074533 1
2976 34 467     2.82642328 1
2977 34 126     -5.03872106 1
2978 34 126     -6.81465954 1
2979 34 618     -1.70811625 1
2980 34 618     1.17138949 2
2981 24 364     -2.38869998 2
2982 24 364     -3.07418810 2
2983 24 260     18.38332466 1
2984 24 260     9.75591082 1
2985 24 289     -4.57104065 2
2986 24 289     -1.54229234 2
2987 24 1074    -0.44583311 1
2988 24 1074    -0.09757126 2
2989 24 819     -0.49184696 2
2990 24 819     2.17915071 2
2991 24 346     5.31359906 2
2992 24 346     5.34197343 2
2993 24 949     2.10128006 2
2994 24 949     3.13805283 2
2995 24 836     -2.49908959 2
2996 24 836     3.90206337 2
2997 24 1069    1.50454000 1
2998 24 1069    3.84933389 2
2999 24 608     3.28819083 1
3000 24 608     -1.09479089 2
3001 29 594     2.00271245 1
3002 29 594     -2.24465693 2
3003 29 442     -6.73680770 2
3004 29 442     -8.39714669 2
3005 29 152     -1.81347621 2
3006 29 152     -3.12898438 2
3007 29 432     -7.03798123 2
3008 29 432     -6.79931909 1
3009 29 837     -0.56982153 1
3010 29 837     -3.19155573 2
3011 29 208     -8.21476642 1
3012 29 208     -7.63898835 2
3013 29 921     -8.19510243 2
3014 29 921     -5.09242102 2
3015 29 691     -4.24659287 2
3016 29 691     -1.77508068 2
3017 29 223     4.99191358 2
3018 29 223     0.15242433 1
3019 29 285     -3.05480777 2
3020 29 285     0.55089098 2
3021 58 293     -0.69853849 2
3022 58 293     3.16536212 2
3023 58 134     4.94938553 1
3024 58 134     -0.06437567 1
3025 58 670     -1.08369230 2
3026 58 670     1.00366675 2
3027 58 605     -1.33126343 2
3028 58 605     -1.42596372 1
3029 58 1047    -2.18842326 2
3030 58 1047    -1.63880479 2
3031 58 166     -0.50001576 2
3032 58 166     -3.57880698 2
3033 58 440     -1.94977922 2
3034 58 440     0.19286694 2
3035 58 313     3.37722936 1
3036 58 313     -1.61924495 2
3037 58 1045    -2.66386950 2
3038 58 1045    2.55727992 2
3039 58 941     2.42205954 2
3040 58 941     6.55462408 1
3041 16 242     -2.59725446 2
3042 16 242     -8.96628578 2
3043 16 333     -15.87680093 2
3044 16 333     -15.14233984 2
3045 16 551     -5.43825848 1
3046 16 551     -6.36453565 1
3047 16 147     -8.90613670 2
3048 16 147     -6.52540422 1
3049 16 1091    -5.52992768 1
3050 16 1091    -7.75329168 2
3051 16 339     -8.22905825 1
3052 16 339     -5.64979782 2
3053 16 499     -13.93998304 2
3054 16 499     -8.55986776 1
3055 16 264     -5.97257866 2
3056 16 264     -11.56719515 1
3057 16 759     -12.82331826 1
3058 16 759     -10.65132300 2
3059 16 162     -6.10427754 2
3060 16 162     -4.65482205 2
3061 35 521     -2.63534057 2
3062 35 521     -3.92544965 2
3063 35 318     -5.14098251 2
3064 35 318     -8.94312181 2
3065 35 531     -1.34362876 2
3066 35 531     -0.14449005 2
3067 35 115     -9.92470436 1
3068 35 115     -13.14006835 2
3069 35 1077    -0.37161104 2
3070 35 1077    -12.00937618 2
3071 35 488     -8.53558879 2
3072 35 488     -2.54564772 2
3073 35 679     -6.95700755 2
3074 35 679     0.44528481 2
3075 35 793     -5.34574719 2
3076 35 793     0.12173079 2
3077 35 342     -5.35440087 2
3078 35 342     3.49335127 2
3079 35 284     0.65693657 2
3080 35 284     -1.41916870 2
3081 23 290     -6.98110483 1
3082 23 290     -10.40418663 2
3083 23 177     -11.26649956 2
3084 23 177     -3.19819104 2
3085 23 665     4.64359372 2
3086 23 665     -1.62105469 2
3087 23 806     2.15834494 2
3088 23 806     -2.75650879 2
3089 23 256     -0.29749715 2
3090 23 256     -9.59346985 2
3091 23 763     -5.75775205 2
3092 23 763     -4.54441938 2
3093 23 556     -8.12444017 2
3094 23 556     -5.08057004 2
3095 23 1093    0.40318830 2
3096 23 1093    -1.86575804 2
3097 23 523     -11.75376430 2
3098 23 523     -10.02790634 2
3099 23 391     -0.43187815 2
3100 23 391     -1.87008780 2
3101 2475 1752  0.83750483 1
3102 2475 1752  -1.89453322 2
3103 1165 1512  8.99156914 1
3104 1165 1512  10.43989613 2
3105 1973 2043  -5.41169387 2
3106 1973 2043  -6.55626809 1
3107 1461 2586  1.59732487 2
3108 1461 2586  3.57408367 2
3109 1796 2843  -12.78890695 2
3110 1796 2843  -11.83863652 2
3111 1534 2744  4.71749022 2
3112 1534 2744  4.99208281 2
3113 2480 1907  -4.62486581 2
3114 2480 1907  -2.45331700 2
3115 1411 2246  -3.11132623 2
3116 1411 2246  -1.27903011 1
3117 2513 2192  7.50849896 2
3118 2513 2192  6.60397623 2
3119 1599 2810  0.41372930 2
3120 1599 2810  -2.88337337 2
3121 3040 3061  2.04138290 2
3122 3040 3061  0.67631330 2
3123 2111 1754  11.20061124 2
3124 2111 1754  12.40997082 2
3125 2645 1426  1.64045164 1
3126 2645 1426  4.82939852 1
3127 1561 1178  2.81539163 2
3128 1561 1178  2.83194768 2
3129 2833 2980  6.01865621 1
3130 2833 2980  4.70762005 1
3131 3049 1491  1.98358472 2
3132 3049 1491  0.51268676 2
3133 1738 1952  -13.70902028 2
3134 1738 1952  -11.16637564 1
3135 2332 1427  0.47631776 1
3136 2332 1427  1.42932620 2
3137 2723 2617  2.02453517 2
3138 2723 2617  3.13312916 2
3139 1934 2637  -1.70688332 2
3140 1934 2637  -2.35086418 2
3141 1446 2724  3.03231819 2
3142 1446 2724  5.01161224 2
3143 2875 1702  -0.44543438 2
3144 2875 1702  0.48210918 2
3145 2416 2702  3.78532935 1
3146 2416 2702  5.30978424 1
3147 1598 1963  -0.33940247 2
3148 1598 1963  0.13925862 1
3149 2946 1186  0.02541161 2
3150 2946 1186  -0.18105399 2
3151 1748 2158  -4.20366897 2
3152 1748 2158  0.66247201 2
3153 1297 2418  0.89426078 1
3154 1297 2418  -3.10844332 1
3155 1598 1559  2.19354381 1
3156 1598 1559  0.10998739 2
3157 1243 1123  3.13813228 1
3158 1243 1123  3.26461908 2
3159 1142 2562  -7.82908637 2
3160 1142 2562  -5.23532359 2
3161 2404 2044  -8.24207358 2
3162 2404 2044  -1.13280742 2
3163 2475 2167  3.77528787 2
3164 2475 2167  -1.89910342 2
3165 1142 2096  1.20264705 2
3166 1142 2096  -0.17703267 2
3167 2109 1582  14.34705389 2
3168 2109 1582  10.72479571 2
3169 1930 2180  2.26395847 2
3170 1930 2180  5.77160476 2
3171 2511 1172  3.01576227 2
3172 2511 1172  3.92426697 2
3173 2583 2695  -3.59751250 2
3174 2583 2695  2.98295107 2
3175 1345 1912  -0.01101895 2
3176 1345 1912  -3.48994170 2
3177 2289 2008  8.13947403 2
3178 2289 2008  12.98643895 2
3179 1446 2548  -12.36932507 2
3180 1446 2548  -7.15830232 1
3181 1796 1656  -5.98597891 2
3182 1796 1656  -3.58819231 2
3183 1446 2487  1.02076196 1
3184 1446 2487  -4.96242468 1
3185 2873 3096  -2.35464116 2
3186 2873 3096  -4.65574533 2
3187 2873 2275  -11.51047921 2
3188 2873 2275  -7.48888374 2
3189 2410 2519  4.29502191 2
3190 2410 2519  8.01376941 1
3191 1258 1997  -3.47043957 1
3192 1258 1997  2.58501722 2
3193 2738 1199  3.05248573 2
3194 2738 1199  7.19744064 1
3195 2476 2113  5.25774633 2
3196 2476 2113  5.92791205 1
3197 1748 1939  -4.46630987 2
3198 1748 1939  -6.33953848 1
3199 1604 2267  -1.74244448 2
3200 1604 2267  -3.70244749 1
3201 2770 2170  1.06541647 1
3202 2770 2170  2.34309417 2
3203 2149 3015  -2.92175468 1
3204 2149 3015  -8.07670570 2
3205 2476 1526  6.74463774 1
3206 2476 1526  5.75068664 1
3207 2475 1741  -0.15369929 2
3208 2475 1741  0.82319239 1
3209 1297 3097  -9.08505480 2
3210 1297 3097  -8.01490154 2
3211 2110 1695  -3.34675515 2
3212 2110 1695  -1.88250335 2
3213 1988 1495  -1.55030663 2
3214 1988 1495  -4.07646172 2
3215 1950 1794  -2.70200202 1
3216 1950 1794  -1.87290105 2
3217 2942 2468  10.85292323 2
3218 2942 2468  5.07640501 2
3219 1261 2258  0.08726774 2
3220 1261 2258  -0.06754139 2
3221 1988 1909  -12.64583994 1
3222 1988 1909  -10.13353441 2
3223 2730 2948  10.24294945 2
3224 2730 2948  4.59654090 2
3225 2753 2685  -5.11892729 2
3226 2753 2685  -0.79299052 1
3227 2109 1241  8.75726806 2
3228 2109 1241  7.15826286 1
3229 1244 2622  -0.44331447 1
3230 1244 2622  -6.07819826 1
3231 2310 2933  3.05835211 2
3232 2310 2933  -3.56699028 1
3233 1243 2594  6.37110928 2
3234 1243 2594  8.93712419 2
3235 2469 1504  8.16856290 2
3236 2469 1504  3.25272072 2
3237 2375 2349  -0.45267351 1
3238 2375 2349  -4.25480676 1
3239 2110 1788  5.10174453 2
3240 2110 1788  -2.18877893 1
3241 2723 2433  2.71971193 2
3242 2723 2433  7.70443668 2
3243 1973 2271  2.09557385 2
3244 1973 2271  -3.92728049 1
3245 2753 2266  2.69713217 2
3246 2753 2266  -0.77025627 2
3247 1470 1913  -3.68982189 1
3248 1470 1913  -3.50085541 2
3249 2946 2009  8.85261156 2
3250 2946 2009  6.11661946 2
3251 2330 2582  6.84695713 1
3252 2330 2582  12.56662812 1
3253 1164 2032  -4.66579439 2
3254 1164 2032  -0.10641083 2
3255 2513 2865  4.45855068 1
3256 2513 2865  4.63134293 2
3257 2165 1217  1.80844332 1
3258 2165 1217  6.52802796 2
3259 2310 1510  -2.62231750 2
3260 2310 1510  -2.10424351 1
3261 2645 2078  7.50008730 2
3262 2645 2078  2.30446492 2
3263 2469 1343  11.09340551 2
3264 2469 1343  9.25621992 1
3265 2476 2460  8.43406038 2
3266 2476 2460  6.10777428 1
3267 2303 1819  3.62246204 2
3268 2303 1819  3.48299298 2
3269 2875 2254  -7.10419563 2
3270 2875 2254  -8.98404470 2
3271 2303 1584  -2.08352719 2
3272 2303 1584  -6.70196074 1
3273 1205 1980  -5.15755854 2
3274 1205 1980  2.39765675 1
3275 2703 2389  -3.41664001 2
3276 2703 2389  -1.70909088 2
3277 1934 1459  0.85963087 2
3278 1934 1459  2.57114460 2
3279 1515 2798  -5.22310494 1
3280 1515 2798  -10.62209852 1
3281 1345 1189  -2.10400440 1
3282 1345 1189  -6.60625890 2
3283 1620 2143  1.81132339 2
3284 1620 2143  -0.59224876 2
3285 2972 2430  -1.49955970 1
3286 2972 2430  3.06112711 2
3287 1620 1182  -2.08916056 2
3288 1620 1182  0.49427715 1
3289 1857 1124  10.12434499 1
3290 1857 1124  11.13054126 2
3291 1298 2453  1.80346161 1
3292 1298 2453  3.38238939 2
3293 2332 1227  -6.40277688 2
3294 2332 1227  1.00222541 1
3295 1102 1588  -4.55426023 2
3296 1102 1588  -10.20973393 2
3297 2128 2312  4.51900069 2
3298 2128 2312  -0.23488302 2
3299 2651 1105  -3.14039949 2
3300 2651 1105  -3.92568570 2
3301 1740 1833  -6.01117418 2
3302 1740 1833  -9.97755876 2
3303 1205 2484  -3.53816321 2
3304 1205 2484  -3.11478533 2
3305 2330 2647  9.45341736 1
3306 2330 2647  18.25651877 1
3307 1165 2807  7.14545550 2
3308 1165 2807  5.16433687 2
3309 1470 2059  -0.67096007 2
3310 1470 2059  1.21425796 2
3311 1950 1550  -2.65292849 2
3312 1950 1550  -1.32832128 2
3313 1261 2378  -0.77451839 1
3314 1261 2378  -2.85033428 1
3315 1102 1450  -2.09249141 1
3316 1102 1450  5.34100021 1
3317 2799 1792  -9.11033882 2
3318 2799 1792  -9.26791382 1
3319 2723 1944  -1.93913724 2
3320 2723 1944  -1.15802490 2
3321 1261 3013  -6.93232268 2
3322 1261 3013  -8.99182324 2
3323 1857 2001  17.26442877 2
3324 1857 2001  12.75584313 2
3325 1515 2674  -2.64603873 2
3326 1515 2674  -5.83582843 2
3327 1470 1832  -5.50281077 1
3328 1470 1832  -8.04792862 2
3329 2410 2735  4.50555920 1
3330 2410 2735  8.04850040 2
3331 1604 2829  -0.74127011 1
3332 1604 2829  1.18032346 2
3333 2404 1264  1.59386514 2
3334 2404 1264  1.94960140 2
3335 2149 2809  -2.01850109 1
3336 2149 2809  -2.10736997 2
3337 2612 1854  8.60393729 2
3338 2612 1854  5.70084827 2
3339 2770 1132  1.40964862 2
3340 2770 1132  3.16955476 2
3341 2332 2994  0.17185147 2
3342 2332 2994  -0.09897297 2
3343 3049 2545  -9.05694162 2
3344 3049 2545  -1.81798501 2
3345 2651 2432  0.75719395 1
3346 2651 2432  3.90588989 1
3347 2469 2778  6.23104192 2
3348 2469 2778  6.48942053 2
3349 1740 2713  1.40283990 2
3350 1740 2713  -6.56822407 2
3351 2149 1725  -8.42829204 1
3352 2149 1725  -5.37565292 2
3353 1279 2183  -1.78343645 2
3354 1279 2183  0.39697801 1
3355 1142 2083  -2.81614683 2
3356 1142 2083  -1.53631366 2
3357 2480 2555  1.42574244 2
3358 2480 2555  9.80009231 2
3359 1598 1917  -6.46890586 2
3360 1598 1917  -10.15654697 2
3361 1353 1333  0.38021669 1
3362 1353 1333  2.74784014 1
3363 2703 2699  14.36496231 1
3364 2703 2699  4.33261377 2
3365 3040 2921  0.64588575 1
3366 3040 2921  -3.90380762 2
3367 1470 2082  10.09816174 2
3368 1470 2082  1.61994542 2
3369 1165 1181  7.32578291 1
3370 1165 1181  6.27099221 2
3371 2469 2255  16.98066561 2
3372 2469 2255  11.98230958 2
3373 2452 1630  -2.04604821 2
3374 2452 1630  0.38256574 2
3375 2303 1565  -2.35716195 2
3376 2303 1565  -4.27827827 1
3377 2434 2089  4.43846511 2
3378 2434 2089  6.19482514 2
3379 2983 1107  4.77654950 1
3380 2983 1107  6.45311043 1
3381 1243 1579  0.95513089 1
3382 1243 1579  4.46163909 2
3383 1599 1826  -7.91128000 2
3384 1599 1826  -8.97154440 1
3385 2645 1336  7.07600963 1
3386 2645 1336  4.97286001 2
3387 1534 1151  -2.21274312 2
3388 1534 1151  -0.73366137 2
3389 2833 1292  7.61546075 2
3390 2833 1292  4.84396010 2
3391 1613 2151  1.72860603 2
3392 1613 2151  -1.37237748 2
3393 1748 2265  -1.98775422 1
3394 1748 2265  -0.48411226 1
3395 2128 1581  7.26963829 2
3396 2128 1581  3.52924487 2
3397 2475 2672  -0.39523504 2
3398 2475 2672  -0.48556243 1
3399 2469 2549  10.82431566 1
3400 2469 2549  15.10889078 1
3401 2728 1898  8.11569133 1
3402 2728 1898  13.64784026 2
3403 1748 2313  -0.82443202 2
3404 1748 2313  -4.70352652 2
3405 1411 1371  -5.20854399 2
3406 1411 1371  -4.02219842 2
3407 1297 2071  5.46140129 1
3408 1297 2071  9.77227936 2
3409 2946 1650  -0.41031087 2
3410 2946 1650  1.20391624 2
3411 2612 2176  10.52485547 2
3412 2612 2176  11.57294606 2
3413 2375 2068  2.84354715 2
3414 2375 2068  5.58626067 1
3415 2469 2663  4.95062418 2
3416 2469 2663  0.00652795 2
3417 2104 2580  -2.63046982 2
3418 2104 2580  -3.53628799 2
3419 2128 1707  -1.09137946 2
3420 2128 1707  0.05434542 2
3421 1796 2115  -0.55799421 2
3422 1796 2115  0.96303335 1
3423 2404 2373  2.33205417 2
3424 2404 2373  4.48189900 2
3425 1545 1287  0.17120962 2
3426 1545 1287  13.00727998 1
3427 1740 2547  -3.49707671 2
3428 1740 2547  -3.15335115 1
3429 2110 2463  -1.63936365 1
3430 2110 2463  1.49013524 1
3431 1205 1433  -4.41318605 2
3432 1205 1433  3.94333615 1
3433 1177 2120  -6.54054238 2
3434 1177 2120  -4.65715850 2
3435 1205 2231  0.28674270 2
3436 1205 2231  0.24942924 2
3437 1740 1767  -1.92360164 1
3438 1740 1767  -1.47466582 1
3439 1604 3084  0.15875846 2
3440 1604 3084  -0.77181322 2
3441 1796 1921  -1.80208823 2
3442 1796 1921  -9.09956702 2
3443 1298 1612  3.06035427 1
3444 1298 1612  1.22991347 1
3445 2111 2155  9.86177745 1
3446 2111 2155  6.86523092 1
3447 2738 2224  2.16544638 1
3448 2738 2224  2.17545937 2
3449 2310 3078  2.31757745 2
3450 2310 3078  7.75943804 2
3451 2833 2161  2.50640383 2
3452 2833 2161  4.42450060 2
3453 1598 2897  -0.50231702 2
3454 1598 2897  -7.31050467 2
3455 2330 2260  4.99860918 1
3456 2330 2260  4.37573800 2
3457 1279 2222  -2.60485077 2
3458 1279 2222  3.42943945 1
3459 1738 1361  -4.97868458 2
3460 1738 1361  -2.24378929 2
3461 1177 1139  2.25561483 2
3462 1177 1139  3.95607516 2
3463 1205 2107  2.30166758 2
3464 1205 2107  -1.65550548 2
3465 3049 2080  -5.55923457 2
3466 3049 2080  -1.08458822 2
3467 1781 2537  -0.07474300 1
3468 1781 2537  -2.90510851 2
3469 1620 2414  2.73276202 1
3470 1620 2414  9.10430955 2
3471 1461 1438  3.07076948 2
3472 1461 1438  6.96756507 2
3473 2769 1494  2.32334067 2
3474 2769 1494  -0.18326348 2
3475 2128 1590  2.79981070 1
3476 2128 1590  5.70146682 2
3477 2536 2436  3.20721490 2
3478 2536 2436  1.98880170 1
3479 2738 3043  -8.29089142 2
3480 2738 3043  -4.46039791 2
3481 1296 1137  -5.90425940 2
3482 1296 1137  -4.17189671 1
3483 1384 2489  5.30810375 2
3484 1384 2489  2.59866431 2
3485 2303 2588  1.03073800 2
3486 2303 2588  -0.58955193 2
3487 2109 2242  14.98993227 2
3488 2109 2242  14.44884220 2
3489 1561 1232  -4.03587751 1
3490 1561 1232  -3.61007009 2
3491 1244 1851  -3.19304449 2
3492 1244 1851  -3.69641138 2
3493 1748 1382  0.59623605 2
3494 1748 1382  0.27884710 1
3495 1599 2193  -8.88454197 2
3496 1599 2193  -15.21574540 1
3497 3049 2248  -9.64609600 2
3498 3049 2248  -3.78951109 2
3499 2984 2684  4.68119537 2
3500 2984 2684  7.74503901 2
3501 1244 1454  7.18586639 2
3502 1244 1454  4.52151765 1
3503 2769 2177  -4.83626191 2
3504 2769 2177  -7.70617501 1
3505 1973 1404  -2.47668356 2
3506 1973 1404  -8.54714896 2
3507 2513 2717  4.70198901 2
3508 2513 2717  0.19437274 2
3509 2540 1943  -3.12527692 1
3510 2540 1943  1.07567645 2
3511 1930 2683  -6.03759813 2
3512 1930 2683  2.67156382 2
3513 2651 2291  -4.71864604 2
3514 2651 2291  -4.68497235 2
3515 1205 1488  -0.09729050 2
3516 1205 1488  -5.23948739 2
3517 1258 2226  -0.33245422 1
3518 1258 2226  0.81399805 1
3519 1613 2856  -1.68268810 1
3520 1613 2856  -1.28404170 2
3521 1279 2052  -3.55352933 2
3522 1279 2052  0.56234736 1
3523 2540 2935  -8.47145626 2
3524 2540 2935  -8.46919983 2
3525 1243 2063  -0.44198694 2
3526 1243 2063  2.74116871 2
3527 1384 2285  -5.80708131 2
3528 1384 2285  -8.79989801 2
3529 2536 2281  0.30587012 2
3530 2536 2281  2.75612274 2
3531 1858 2838  3.38462207 2
3532 1858 2838  -2.01077732 1
3533 1446 1923  8.80817929 1
3534 1446 1923  -1.22595261 2
3535 2303 1170  -1.06891005 1
3536 2303 1170  -0.81553586 2
3537 1446 2214  -5.47646129 2
3538 1446 2214  -9.00266228 1
3539 2540 1522  -6.38649759 1
3540 2540 1522  -2.85655309 1
3541 2723 3076  1.65484719 2
3542 2723 3076  2.79026860 2
3543 1377 2658  13.45852825 2
3544 1377 2658  9.71354203 2
3545 2730 1673  9.58102503 2
3546 2730 1673  6.22067335 2
3547 2332 2904  -1.81034126 2
3548 2332 2904  -3.68649534 2
3549 1857 1705  8.26220202 2
3550 1857 1705  6.93785623 2
3551 1298 2657  1.18444876 1
3552 1298 2657  6.28129732 2
3553 1746 1453  -0.59791665 2
3554 1746 1453  -3.19346104 2
3555 2583 1703  2.21041625 1
3556 2583 1703  6.46510000 2
3557 2651 2886  -0.76260129 2
3558 2651 2886  -1.64629121 1
3559 2128 1556  3.81023862 2
3560 2128 1556  2.11087024 2
3561 2104 2129  -4.62264130 2
3562 2104 2129  0.45508453 2
3563 1353 2656  7.25753233 2
3564 1353 2656  3.17797932 2
3565 2331 2653  3.00656172 1
3566 2331 2653  3.69504515 2
3567 3040 2171  4.57582449 2
3568 3040 2171  6.20206274 1
3569 2753 2962  5.16560058 2
3570 2753 2962  11.23551740 1
3571 2469 1395  6.16978843 2
3572 2469 1395  10.11871896 2
3573 1746 1465  -5.71908091 2
3574 1746 1465  -10.09573828 2
3575 2728 2750  10.49616232 2
3576 2728 2750  5.99736457 1
3577 2452 1425  -2.37904244 2
3578 2452 1425  -3.70288945 1
3579 1781 1271  2.18830800 2
3580 1781 1271  -0.14602434 2
3581 2536 2985  1.98921689 1
3582 2536 2985  -5.40622894 2
3583 1748 1735  2.42284058 2
3584 1748 1735  -1.04295416 2
3585 2404 1688  10.69061533 2
3586 2404 1688  13.21845895 2
3587 2536 2458  9.30761789 2
3588 2536 2458  2.26965998 2
3589 2410 1607  6.18645276 1
3590 2410 1607  2.62831132 1
3591 2703 2084  2.96945547 2
3592 2703 2084  3.01722603 2
3593 2303 2815  -0.87396999 2
3594 2303 2815  -0.16747342 2
3595 2410 2095  1.68968873 1
3596 2410 2095  15.98057536 1
3597 2728 1829  4.67687450 2
3598 2728 1829  4.31321103 1
3599 2416 2892  -6.62953517 2
3600 2416 2892  -4.47697994 2
3601 2942 2791  -3.71064628 2
3602 2942 2791  -9.80057917 2
3603 2511 3071  -3.41337976 2
3604 2511 3071  -1.88980278 2
3605 2469 2955  6.74965152 2
3606 2469 2955  5.40191042 2
3607 1272 1647  3.21088328 2
3608 1272 1647  -4.46568168 2
3609 1228 1456  0.09465167 2
3610 1228 1456  1.94451340 2
3611 2796 2501  -1.77185305 2
3612 2796 2501  1.82428928 2
3613 1817 2153  -2.01524375 1
3614 1817 2153  -1.37921278 2
3615 1177 1864  -0.14966919 2
3616 1177 1864  -0.05206943 2
3617 2434 2550  5.14490991 2
3618 2434 2550  6.04833804 2
3619 1973 2350  0.37174284 2
3620 1973 2350  -4.66894935 2
3621 3049 1524  -2.45605244 1
3622 3049 1524  -5.68133454 2
3623 1384 3032  -0.54933089 2
3624 1384 3032  -0.47805935 2
3625 1228 2417  -7.02631592 1
3626 1228 2417  0.47107435 2
3627 3040 2899  1.72344059 2
3628 3040 2899  4.27352009 1
3629 2416 2223  4.76517181 2
3630 2416 2223  3.03337545 1
3631 2738 1511  -5.51001227 2
3632 2738 1511  -1.15023047 1
3633 2416 1776  -0.14908044 1
3634 2416 1776  10.12586219 1
3635 1279 1835  1.18171648 2
3636 1279 1835  0.61719819 2
3637 2753 2427  0.29308941 2
3638 2753 2427  1.38266883 1
3639 1298 1811  0.12268450 2
3640 1298 1811  -2.50519438 2
3641 2332 2794  -4.55329980 1
3642 2332 2794  -1.01055704 2
3643 1934 2352  -5.43299661 1
3644 1934 2352  -3.80407042 2
3645 1243 2747  -0.53820600 2
3646 1243 2747  6.83322386 2
3647 1781 2632  -10.10579679 2
3648 1781 2632  -12.49882526 1
3649 2128 2235  1.47477436 2
3650 2128 2235  3.70194455 2
3651 2480 1330  -2.35516889 2
3652 2480 1330  2.05698088 2
3653 1461 2871  1.39981351 2
3654 1461 2871  3.45333230 2
3655 2703 2616  -0.97641550 2
3656 2703 2616  -2.13687211 2
3657 3040 2447  3.81133090 2
3658 3040 2447  5.16559889 1
3659 2475 1914  -0.79095261 2
3660 2475 1914  -5.86010358 1
3661 2511 2474  5.33469161 2
3662 2511 2474  7.96324785 2
3663 1781 3090  -3.96857440 2
3664 1781 3090  -9.90329146 2
3665 1272 2938  8.80729868 2
3666 1272 2938  14.25249832 2
3667 1279 3058  -7.82506932 2
3668 1279 3058  -0.26233011 2
3669 1620 2996  12.54410463 1
3670 1620 2996  2.26947134 2
3671 1142 2732  -5.76336272 2
3672 1142 2732  -7.57094530 1
3673 1177 2756  -4.43668002 1
3674 1177 2756  1.09953649 2
3675 2770 2483  -1.79155421 2
3676 2770 2483  -2.17648541 2
3677 1470 1872  -0.36903141 2
3678 1470 1872  3.53046492 2
3679 1244 1896  3.70403539 2
3680 1244 1896  -0.05758337 2
3681 2310 2666  1.75176893 2
3682 2310 2666  1.77247082 2
3683 1817 1910  -6.37612262 1
3684 1817 1910  -3.68100498 1
3685 2375 2407  1.33307871 2
3686 2375 2407  4.23985858 2
3687 2434 2319  1.34477357 1
3688 2434 2319  1.63261693 2
3689 1796 2762  -7.93011493 2
3690 1796 2762  -5.22340269 1
3691 1746 1242  -7.30981594 1
3692 1746 1242  -2.21272520 2
3693 2289 2860  1.73133702 2
3694 2289 2860  0.92293068 2
3695 1345 2604  4.79316907 2
3696 1345 2604  6.84229906 1
3697 1384 1444  6.06689431 2
3698 1384 1444  3.13267614 1
3699 2770 1827  2.15464975 1
3700 2770 1827  -0.15422191 2
3701 2730 2931  -1.01566318 2
3702 2730 2931  4.83214053 2
3703 2511 1365  -5.36773393 2
3704 2511 1365  -1.45232240 2
3705 1515 1836  2.60983232 1
3706 1515 1836  3.47073685 2
3707 1796 2834  -1.35130560 2
3708 1796 2834  0.51228293 2
3709 2289 3047  -4.62085425 1
3710 2289 3047  -7.45944455 2
3711 2480 2902  -3.07269574 2
3712 2480 2902  -0.25613472 1
3713 2873 1889  -12.86211009 2
3714 2873 1889  -12.26794955 2
3715 2331 2127  3.45692740 2
3716 2331 2127  4.70847005 2
3717 3040 2283  -1.58961887 2
3718 3040 2283  -5.69015253 2
3719 1973 2559  1.19617240 1
3720 1973 2559  0.66514209 2
3721 2110 1114  -4.42754820 2
3722 2110 1114  -4.09997119 2
3723 1272 1760  4.22853417 2
3724 1272 1760  6.34027496 2
3725 2723 1902  5.85957626 2
3726 2723 1902  -0.23587690 1
3727 1950 1710  -2.82643276 1
3728 1950 1710  2.21060059 2
3729 2833 2571  1.72834501 2
3730 2833 2571  0.83209990 2
3731 1611 1418  -8.82319270 1
3732 1611 1418  -5.62546224 2
3733 1470 1867  -5.47668379 2
3734 1470 1867  -4.18466361 2
3735 1243 2006  5.73687762 2
3736 1243 2006  5.31239465 2
3737 2330 1220  0.86482717 1
3738 2330 1220  1.97318862 2
3739 1411 2247  4.46193491 2
3740 1411 2247  -1.86327758 2
3741 2651 1563  -12.70213272 2
3742 2651 1563  -6.27814340 2
3743 2723 1680  2.51560548 2
3744 2723 1680  -3.31390159 1
3745 2728 1659  15.13776707 2
3746 2728 1659  5.42674480 1
3747 2332 2496  -3.12515039 2
3748 2332 2496  -4.55470319 1
3749 2165 1574  2.57820450 2
3750 2165 1574  2.90062511 2
3751 2104 2982  -2.98326953 2
3752 2104 2982  -2.41983253 2
3753 1561 2409  3.96991089 2
3754 1561 2409  4.10222825 2
3755 1858 1747  -2.48974298 1
3756 1858 1747  -5.10126624 2
3757 2310 1445  -5.62045234 2
3758 2310 1445  -2.02682917 2
3759 1279 2160  1.29658223 2
3760 1279 2160  3.36753682 2
3761 2110 1168  2.62941005 1
3762 2110 1168  -1.50905088 2
3763 1384 2423  -2.58912052 2
3764 1384 2423  2.37502928 1
3765 1561 2269  -5.31399506 1
3766 1561 2269  -10.30249113 2
3767 2612 2033  3.25464357 2
3768 2612 2033  2.00430428 1
3769 1740 3020  6.29980296 2
3770 1740 3020  -5.08496478 2
3771 2595 1653  8.83884516 2
3772 2595 1653  9.39723905 2
3773 1461 2097  1.60822046 2
3774 1461 2097  7.12039518 2
3775 1740 1110  -4.96232943 2
3776 1740 1110  -8.10868375 1
3777 2109 2818  13.04152407 1
3778 2109 2818  7.87308878 1
3779 2875 2988  -1.33540558 1
3780 2875 2988  -1.60935737 2
3781 2703 1290  1.27331323 1
3782 2703 1290  5.59066944 2
3783 1988 2602  -0.39022782 1
3784 1988 2602  -2.72357183 2
3785 1165 2455  8.83999471 2
3786 1165 2455  10.84571012 2
3787 1858 2054  -7.05394275 1
3788 1858 2054  -6.72529186 2
3789 1298 1802  4.35482912 2
3790 1298 1802  7.59029460 2
3791 2769 3070  -8.61330116 2
3792 2769 3070  -13.59869742 2
3793 1243 3006  -0.11887262 1
3794 1243 3006  0.31432440 2
3795 1345 1761  0.98109955 2
3796 1345 1761  -1.11229235 2
3797 1515 2039  -8.35301989 1
3798 1515 2039  -7.86407967 2
3799 2375 2419  3.75842005 2
3800 2375 2419  5.62823013 2
3801 1446 1730  -5.01107298 1
3802 1446 1730  -5.21025691 1
3803 1272 2154  5.41935826 2
3804 1272 2154  7.38176704 1
3805 1258 1359  -1.59334416 2
3806 1258 1359  -2.14623618 2
3807 2410 2761  0.68667008 2
3808 2410 2761  1.45244501 2
3809 2476 1455  4.80649523 2
3810 2476 1455  3.24331030 1
3811 2375 1655  0.06766470 2
3812 2375 1655  -1.92419559 2
3813 1545 2198  7.68107791 2
3814 1545 2198  7.11443160 1
3815 1177 1462  5.36121731 2
3816 1177 1462  3.83733019 1
3817 2972 1626  2.91578449 2
3818 2972 1626  -0.00079520 2
3819 1470 2608  1.93438524 2
3820 1470 2608  9.11212485 1
3821 1461 1658  1.40618898 2
3822 1461 1658  -0.47448093 2
3823 1515 2445  0.77127538 2
3824 1515 2445  -4.83301250 2
3825 1384 1532  0.49067234 2
3826 1384 1532  -3.10932484 2
3827 1279 1597  -3.11986941 2
3828 1279 1597  -1.17703724 2
3829 1296 2682  -10.08198407 2
3830 1296 2682  -9.21716226 2
3831 2738 1691  11.32901449 2
3832 2738 1691  8.10896797 1
3833 1515 2221  -0.01907308 2
3834 1515 2221  1.54104388 2
3835 1796 1891  -4.38776349 2
3836 1796 1891  -7.49614002 1
3837 2595 1386  5.93401507 2
3838 2595 1386  -1.02809487 2
3839 1781 1285  -5.41479720 2
3840 1781 1285  -0.35002557 1
3841 2875 2011  -3.99553821 2
3842 2875 2011  -2.71128594 2
3843 2331 1148  -3.83745784 2
3844 2331 1148  -0.12234593 2
3845 2416 1763  -0.01155523 2
3846 2416 1763  4.81643956 1
3847 1934 1784  3.86910791 2
3848 1934 1784  -1.69883355 2
3849 1258 2623  -3.27412456 2
3850 1258 2623  -0.84907796 2
3851 2375 1634  6.66569776 2
3852 2375 1634  2.60829791 2
3853 2303 2399  -3.40139853 1
3854 2303 2399  -4.53428683 2
3855 2942 2383  -6.92372569 2
3856 2942 2383  -8.71465169 2
3857 1930 2795  -2.49949120 2
3858 1930 2795  0.50761843 2
3859 2946 1549  7.75739700 2
3860 2946 1549  5.85842649 2
3861 2165 2826  4.80940050 2
3862 2165 2826  8.56724043 2
3863 2770 2782  0.24680138 2
3864 2770 2782  4.84528860 2
3865 2770 2412  8.12726200 2
3866 2770 2412  8.35735398 1
3867 1604 1367  -1.82145731 2
3868 1604 1367  1.41067088 1
3869 1748 2828  9.35466509 2
3870 1748 2828  6.62754024 1
3871 2149 2887  -2.05622981 2
3872 2149 2887  2.89567955 2
3873 2128 1267  4.41862060 2
3874 2128 1267  0.81506316 2
3875 1296 2861  -3.69337276 1
3876 1296 2861  -0.75493560 1
3877 1857 1894  6.88831602 2
3878 1857 1894  7.08110965 2
3879 1746 1684  -3.67486423 2
3880 1746 1684  -6.29044520 2
3881 1930 1383  5.40080341 2
3882 1930 1383  3.14046645 1
3883 2330 2626  1.67708403 2
3884 2330 2626  -2.39668724 2
3885 2738 2237  0.28285009 1
3886 2738 2237  1.62454544 2
3887 1377 2896  8.13770945 1
3888 1377 2896  5.92742973 2
3889 1604 1389  1.90721152 2
3890 1604 1389  0.12329386 1
3891 2289 2847  -2.37760068 2
3892 2289 2847  -1.89824918 1
3893 1345 2025  5.29135689 2
3894 1345 2025  5.44206139 2
3895 1746 2823  -8.67099982 1
3896 1746 2823  -5.24343001 1
3897 1515 2929  -1.64433628 2
3898 1515 2929  -0.25396202 2
3899 1748 2292  -4.67684862 2
3900 1748 2292  -4.15268745 2
3901 2540 1540  2.46719550 1
3902 2540 1540  4.05119201 2
3903 2873 1108  -5.85477580 2
3904 2873 1108  -9.65809947 2
3905 1817 2802  -6.19153590 1
3906 1817 2802  -7.38003474 1
3907 3040 3073  -2.90450951 2
3908 3040 3073  1.30263427 2
3909 1746 2936  -8.49396220 1
3910 1746 2936  -3.11931937 2
3911 1244 1694  6.22430447 1
3912 1244 1694  7.76501595 1
3913 1534 2286  -4.23478697 2
3914 1534 2286  -9.04347638 2
3915 2730 1734  1.68568130 2
3916 2730 1734  0.11390664 2
3917 2480 2784  -11.71619780 2
3918 2480 2784  -9.25836760 2
3919 1950 2288  0.94862571 2
3920 1950 2288  3.25526027 2
3921 1613 2327  3.72169092 1
3922 1613 2327  2.26112640 2
3923 2110 1865  -0.49853529 2
3924 2110 1865  2.62110705 2
3925 2536 1275  -0.38929405 2
3926 2536 1275  1.03033727 2
3927 2165 2916  10.99644892 1
3928 2165 2916  6.23413888 2
3929 1470 1646  -5.32516202 1
3930 1470 1646  -5.97000962 1
3931 1177 1428  -2.13417875 2
3932 1177 1428  0.30043107 1
3933 1858 2444  -6.57564808 1
3934 1858 2444  -1.52946906 2
3935 3049 1728  -7.95657446 2
3936 3049 1728  0.27955593 2
3937 3049 2174  -5.36672847 2
3938 3049 2174  -10.07365096 2
3939 1598 2751  2.57495028 1
3940 1598 2751  4.24908664 2
3941 2149 1586  -5.40745747 1
3942 2149 1586  -5.95769764 2
3943 2942 2915  -2.62197332 1
3944 2942 2915  -3.68437737 2
3945 1297 1805  1.11629892 2
3946 1297 1805  -2.79320653 1
3947 2595 1160  11.35795751 2
3948 2595 1160  3.65358241 2
3949 2331 1513  -0.79644741 2
3950 2331 1513  1.41087157 1
3951 1930 1717  -2.44339968 2
3952 1930 1717  -4.65047355 2
3953 2753 2207  5.60018245 2
3954 2753 2207  4.93271205 2
3955 2513 2907  3.65405472 1
3956 2513 2907  -0.46443230 2
3957 1781 1393  -1.44802423 2
3958 1781 1393  3.36636752 2
3959 2983 1640  18.32554547 1
3960 2983 1640  18.32897446 1
3961 2651 1722  -0.46469464 2
3962 2651 1722  3.67264259 2
3963 2330 1803  4.47416563 1
3964 2330 1803  5.51403164 2
3965 1142 2539  -4.42277989 1
3966 1142 2539  -3.28591546 2
3967 2796 2641  -0.03558308 2
3968 2796 2641  1.47034960 1
3969 2452 2587  -1.25056962 2
3970 2452 2587  -2.68746272 2
3971 1142 1187  -0.57170587 2
3972 1142 1187  -0.13591109 1
3973 1738 1600  -9.13377976 2
3974 1738 1600  -7.37047446 2
3975 1858 1892  -0.60476997 2
3976 1858 1892  -4.05098904 2
3977 1243 2150  1.14039582 2
3978 1243 2150  -3.50475313 1
3979 2799 2737  -0.64237132 2
3980 2799 2737  -1.34268075 2
3981 1164 2145  0.72224545 1
3982 1164 2145  0.06418349 1
3983 2942 2648  1.82847333 2
3984 2942 2648  2.72151169 2
3985 1738 2140  -11.09592396 2
3986 1738 2140  -9.11349393 2
3987 1620 2380  3.63569328 2
3988 1620 2380  2.52955958 2
3989 2310 2941  6.17462050 2
3990 2310 2941  8.45444758 1
3991 2769 2345  -11.35262368 2
3992 2769 2345  -3.04176135 2
3993 2875 2173  -1.95615014 2
3994 2875 2173  2.10220283 2
3995 2799 2743  -10.05371123 1
3996 2799 2743  -10.35648073 2
3997 2770 3029  -0.93554132 2
3998 2770 3029  1.90560289 2
3999 2972 2060  -4.76221307 1
4000 2972 2060  0.72958394 1
4001 2645 1256  2.54214802 1
4002 2645 1256  2.61900294 1
4003 2475 1815  -0.12611100 2
4004 2475 1815  1.97768360 2
4005 1272 2733  3.92004365 2
4006 1272 2733  8.69441919 2
4007 1781 2992  1.69670017 2
4008 1781 2992  5.90154945 2
4009 2104 2857  5.12235024 2
4010 2104 2857  5.32141657 2
4011 1345 2397  1.45368758 2
4012 1345 2397  0.68835261 2
4013 1164 2783  -4.54146128 2
4014 1164 2783  -5.25960225 1
4015 2651 1733  -3.74599847 2
4016 2651 1733  -7.44264012 2
4017 1561 2374  -4.16948294 2
4018 1561 2374  -0.59285866 2
4019 1598 2644  -3.84631024 2
4020 1598 2644  -2.10744166 1
4021 2946 1665  2.76975002 2
4022 2946 1665  3.51026314 1
4023 2289 2449  -0.37365235 1
4024 2289 2449  5.19758624 2
4025 1934 2993  2.79107568 2
4026 1934 2993  4.92972766 1
4027 1142 1721  -1.68684864 1
4028 1142 1721  -3.87989332 2
4029 3040 1638  4.43892465 1
4030 3040 1638  4.95228849 2
4031 1228 2995  -4.78961451 2
4032 1228 2995  -8.01040660 2
4033 2416 1713  0.39268233 2
4034 2416 1713  -1.17289277 2
4035 1205 2969  -7.95137170 2
4036 1205 2969  -5.43279619 2
4037 1611 1460  0.09579912 1
4038 1611 1460  -3.42856219 2
4039 2983 2660  13.92808931 1
4040 2983 2660  11.54173550 1
4041 1738 1200  -2.99541725 2
4042 1738 1200  -1.49408515 2
4043 1534 1392  -0.55287786 2
4044 1534 1392  2.59304069 2
4045 2875 1334  -0.53765922 2
4046 2875 1334  -1.36727274 1
4047 2109 2191  4.79407527 2
4048 2109 2191  4.30109634 2
4049 2330 1239  6.63490061 2
4050 2330 1239  7.14070207 1
4051 2595 2026  5.84660298 1
4052 2595 2026  2.97853216 2
4053 2875 2646  4.04997886 1
4054 2875 2646  -5.26021339 1
4055 2946 2505  -0.08585473 1
4056 2946 2505  10.05551410 1
4057 2728 2911  0.93669240 2
4058 2728 2911  7.86369456 2
4059 2984 1947  4.90468325 2
4060 2984 1947  -3.28472657 2
4061 1613 2075  -3.46959271 1
4062 1613 2075  -5.48367622 2
4063 2540 2200  0.80315174 2
4064 2540 2200  -0.66618794 1
4065 1545 2811  1.12883815 1
4066 1545 2811  2.44504855 2
4067 1377 1346  8.40222789 2
4068 1377 1346  12.36422633 2
4069 2416 2700  6.33669924 2
4070 2416 2700  3.49609364 1
4071 1545 2287  3.85677454 2
4072 1545 2287  2.32503038 1
4073 2511 3026  3.48818223 2
4074 2511 3026  2.31455092 1
4075 2983 1152  8.08535653 2
4076 2983 1152  14.24868902 2
4077 1411 1340  -2.29258491 2
4078 1411 1340  -5.09572635 2
4079 2833 1356  -1.94488707 2
4080 2833 1356  3.91073854 2
4081 2111 2135  9.61300648 1
4082 2111 2135  5.97293846 2
4083 1228 1821  -11.73166644 2
4084 1228 1821  -12.23138979 2
4085 1345 2146  6.48522686 1
4086 1345 2146  9.69227926 2
4087 1296 2786  -17.70160380 2
4088 1296 2786  -23.61052103 2
4089 2165 2718  -1.75865180 2
4090 2165 2718  0.41282405 2
4091 1604 2698  2.30817199 2
4092 1604 2698  -2.26800898 2
4093 2769 2680  -7.89905359 2
4094 2769 2680  -10.18317138 1
4095 1545 2426  17.22733426 1
4096 1545 2426  4.76165360 2
4097 2513 1961  12.99401525 2
4098 2513 1961  9.59361626 2
4099 2128 1954  1.98441758 2
4100 2128 1954  3.75017445 1
4101 1598 1370  0.21324467 2
4102 1598 1370  -3.79392952 2
4103 2410 1122  6.24700237 2
4104 2410 1122  11.63739835 2
4105 1228 1789  -4.54670311 2
4106 1228 1789  -5.41768875 1
4107 1177 2047  -6.76240613 2
4108 1177 2047  -7.27473757 2
4109 2796 2077  -0.74167777 1
4110 2796 2077  -1.25203198 2
4111 2110 3068  -5.23082020 1
4112 2110 3068  -6.26814040 2
4113 2109 1484  8.27508523 2
4114 2109 1484  6.69030645 2
4115 2875 1146  0.05183778 2
4116 2875 1146  -1.36619703 1
4117 1261 2263  -0.56493102 2
4118 1261 2263  -3.85664345 2
4119 2404 2939  7.93993669 2
4120 2404 2939  5.66886301 2
4121 2730 2118  9.23585464 1
4122 2730 2118  11.92466030 2
4123 2452 2295  -5.70694178 2
4124 2452 2295  -2.86811190 2
4125 2753 2592  3.44333762 2
4126 2753 2592  -1.45869124 2
4127 2476 2910  4.88070606 2
4128 2476 2910  11.79997399 2
4129 1973 2236  -6.40701190 1
4130 1973 2236  -1.76541392 2
4131 1515 1932  2.86310812 2
4132 1515 1932  -6.78356823 2
4133 2799 1214  -10.18647955 2
4134 2799 1214  -8.12848573 2
4135 1796 2462  7.73956198 1
4136 1796 2462  -2.52362542 2
4137 2375 2852  3.04983067 2
4138 2375 2852  -0.56582651 2
4139 2480 1317  -7.71524032 1
4140 2480 1317  -6.72823840 2
4141 1950 1194  -1.96791529 2
4142 1950 1194  3.71233421 2
4143 2651 2687  1.18684591 2
4144 2651 2687  -1.76553950 1
4145 1244 1554  1.27615397 2
4146 1244 1554  10.80361997 2
4147 2983 1975  12.64103365 1
4148 2983 1975  7.26188005 2
4149 1243 1769  -0.00428953 2
4150 1243 1769  2.50469828 2
4151 1205 2028  -5.19956115 2
4152 1205 2028  -10.66734886 2
4153 2728 2156  2.40270290 2
4154 2728 2156  7.69831793 2
4155 2738 1546  2.91218754 2
4156 2738 1546  3.46577497 2
4157 1297 2906  5.94939393 2
4158 1297 2906  3.20355968 2
4159 2375 2395  0.42377064 2
4160 2375 2395  2.68788739 1
4161 1534 3022  3.11908440 1
4162 1534 3022  6.04092460 2
4163 2149 2890  -4.63236149 2
4164 2149 2890  -9.75249089 1
4165 1817 2649  0.57889009 2
4166 1817 2649  -3.25413550 2
4167 1258 2172  2.88674066 2
4168 1258 2172  11.79031215 2
4169 1353 2323  5.84467457 2
4170 1353 2323  4.39971660 2
4171 2416 2820  3.11083076 2
4172 2416 2820  8.80430751 1
4173 2833 2708  3.56019071 1
4174 2833 2708  8.01423333 2
4175 2738 2832  -1.67295227 2
4176 2738 2832  -1.82866378 1
4177 3049 1972  -10.08887824 2
4178 3049 1972  -8.77966072 2
4179 1858 2574  -1.53829238 2
4180 1858 2574  -0.81421263 1
4181 2873 2333  -1.85494572 2
4182 2873 2333  -3.61737689 1
4183 2728 2589  11.49887959 2
4184 2728 2589  16.96216888 2
4185 1561 2636  -8.98269875 2
4186 1561 2636  -5.50742956 1
4187 1411 2665  -3.64703138 2
4188 1411 2665  -3.75651141 2
4189 1611 1772  -7.50902404 2
4190 1611 1772  -4.92829657 1
4191 1781 1709  4.09706422 2
4192 1781 1709  1.18266353 2
4193 1738 1589  -6.28077900 2
4194 1738 1589  -8.66387237 2
4195 1165 3085  9.56199873 2
4196 1165 3085  19.83874485 1
4197 1738 3099  1.94591622 1
4198 1738 3099  -6.32361846 2
4199 2946 1714  -0.34362727 2
4200 2946 1714  -2.92154569 2
4201 1353 2918  5.16060824 2
4202 1353 2918  1.53132476 1
4203 2753 1270  3.47329132 1
4204 2753 1270  1.53613523 2
4205 1297 2591  1.61047986 2
4206 1297 2591  -0.53891100 1
4207 2452 1369  3.27538585 2
4208 2452 1369  -3.65311872 2
4209 2583 2620  3.70097172 1
4210 2583 2620  2.68938273 2
4211 2540 1362  -5.74175609 1
4212 2540 1362  -7.81595382 2
4213 2331 1449  9.59098665 2
4214 2331 1449  8.27975351 2
4215 2536 2849  3.87402791 2
4216 2536 2849  0.11980311 1
4217 1611 2178  -2.04616645 2
4218 1611 2178  0.88131797 2
4219 1930 2425  3.19409951 2
4220 1930 2425  0.89621948 2
4221 1298 1701  0.91170914 2
4222 1298 1701  8.54517964 2
4223 1611 2581  2.14986613 1
4224 1611 2581  2.06076219 1
4225 1613 2781  -0.70642111 2
4226 1613 2781  -1.64371227 2
4227 1988 2534  -5.23892742 1
4228 1988 2534  -14.20128409 2
4229 1950 1979  5.45828726 1
4230 1950 1979  1.30277777 2
4231 2109 1897  9.00990555 2
4232 2109 1897  5.18123666 2
4233 2703 1955  -0.60042776 1
4234 2703 1955  -1.01900785 2
4235 1353 1627  -0.30773744 1
4236 1353 1627  2.42828347 2
4237 2730 1463  6.52342442 2
4238 2730 1463  5.81556302 2
4239 1102 1430  -5.78371993 1
4240 1102 1430  -7.68900147 2
4241 2972 1127  1.31872826 2
4242 2972 1127  0.00492185 2
4243 2984 2764  8.42878838 1
4244 2984 2764  9.60578455 2
4245 2331 1837  -3.32394485 1
4246 2331 1837  -5.47671991 2
4247 2303 1863  -7.10043618 2
4248 2303 1863  -2.47772690 1
4249 1746 1716  -3.16863545 1
4250 1746 1716  -1.80679396 2
4251 1561 2758  -5.32800197 1
4252 1561 2758  -4.86723902 2
4253 2770 1167  2.53505626 2
4254 2770 1167  4.36564706 2
4255 2972 2688  -3.59486629 2
4256 2972 2688  -1.49488976 2
4257 2511 1486  -0.41707984 2
4258 2511 1486  -6.04755770 2
4259 2796 1302  -12.34372099 2
4260 2796 1302  -12.27859335 2
4261 1384 2403  1.13377692 2
4262 1384 2403  6.86789232 2
4263 2730 1117  4.98075398 2
4264 2730 1117  7.26182756 2
4265 1740 1474  -2.51103366 2
4266 1740 1474  -5.40121370 2
4267 1545 2188  1.59468163 2
4268 1545 2188  6.81966115 2
4269 1515 2108  1.36985276 2
4270 1515 2108  -0.60711513 1
4271 2475 1602  -3.58625112 2
4272 2475 1602  -1.06372598 2
4273 2796 1224  1.56659559 2
4274 2796 1224  -6.15088188 2
4275 1165 1288  9.66171338 1
4276 1165 1288  8.87998711 1
4277 1102 1294  -8.13790609 2
4278 1102 1294  -4.15348037 2
4279 1950 3021  3.60246275 1
4280 1950 3021  0.95204339 2
4281 1857 2691  7.23471019 2
4282 1857 2691  7.31994725 2
4283 1411 2596  4.29760458 2
4284 1411 2596  5.47154032 2
4285 2645 1260  4.28893963 1
4286 2645 1260  1.77046439 2
4287 2873 3086  -3.94590955 2
4288 2873 3086  -4.33919423 2
4289 2480 2668  -6.06382625 2
4290 2480 2668  -5.03045096 1
4291 2799 1506  -6.19333120 1
4292 2799 1506  -6.01773828 2
4293 1461 2745  2.11325595 2
4294 1461 2745  5.56321592 2
4295 2310 2631  -8.11515756 2
4296 2310 2631  -5.32171356 2
4297 2595 2424  4.53885154 2
4298 2595 2424  7.65268829 2
4299 1973 1440  -1.02001833 2
4300 1973 1440  -7.12858177 2
4301 2796 2037  -9.98806668 1
4302 2796 2037  -4.85410593 2
4303 2728 1878  10.59683636 2
4304 2728 1878  19.88563570 1
4305 2536 1984  -6.98921085 2
4306 2536 1984  0.40094072 2
4307 2540 1245  -0.09924071 2
4308 2540 1245  -4.40799710 1
4309 1258 1500  10.58291810 2
4310 1258 1500  9.20121950 1
4311 1165 1320  1.35721039 2
4312 1165 1320  0.97365038 2
4313 1384 1771  -3.26367523 2
4314 1384 1771  -1.45375979 2
4315 1817 2069  2.22216409 2
4316 1817 2069  -6.01069833 2
4317 1411 1956  -3.72607387 1
4318 1411 1956  -6.53794460 2
4319 2416 1206  -0.21160180 1
4320 2416 1206  2.29798157 2
4321 2540 2486  -2.72785301 2
4322 2540 2486  -0.87184540 1
4323 1613 1121  -0.79981220 1
4324 1613 1121  -1.56655330 2
4325 1345 2775  -1.42060949 2
4326 1345 2775  0.65088194 1
4327 1353 3060  3.12389412 2
4328 1353 3060  3.54816703 1
4329 2149 3074  -0.69813286 1
4330 2149 3074  -1.25852317 2
4331 2595 2394  8.32908879 2
4332 2595 2394  0.85774860 2
4333 2469 2134  7.42793062 1
4334 2469 2134  4.64287169 2
4335 2972 1539  3.16290697 2
4336 2972 1539  1.49863256 1
4337 2480 2057  -2.42365712 1
4338 2480 2057  -3.59483850 2
4339 2330 1848  10.90751943 1
4340 2330 1848  7.38767134 2
4341 2310 2290  0.46839919 2
4342 2310 2290  -1.62687151 2
4343 2111 1443  8.70921685 2
4344 2111 1443  14.54426255 1
4345 2110 1780  0.35156322 2
4346 2110 1780  0.46208527 2
4347 1261 2706  -6.09649299 1
4348 1261 2706  -2.78996159 2
4349 1746 3088  -2.67649537 2
4350 1746 3088  -7.98117019 2
4351 2104 1237  -1.99907439 2
4352 2104 1237  -1.25973044 2
4353 2769 1931  -7.24820023 2
4354 2769 1931  -4.03329404 2
4355 2984 1999  -4.67494268 2
4356 2984 1999  -0.68330980 1
4357 1165 2010  11.95527002 2
4358 1165 2010  20.69816241 2
4359 1599 1809  -10.64603680 1
4360 1599 1809  -10.41350554 2
4361 2404 1922  7.25877327 1
4362 2404 1922  14.75872826 2
4363 2983 1544  13.02540877 2
4364 2983 1544  12.70880590 1
4365 2583 2169  -4.79450607 2
4366 2583 2169  -4.87296406 1
4367 1461 1517  -3.20078297 2
4368 1461 1517  1.74978319 2
4369 2703 2495  -0.79913304 2
4370 2703 2495  -0.66375084 2
4371 1177 1304  -7.49906354 2
4372 1177 1304  1.81810133 2
4373 2513 1904  2.85927562 2
4374 2513 1904  4.08252438 2
4375 1142 2707  -3.80983741 1
4376 1142 2707  -2.44036341 1
4377 1297 2746  1.55720965 1
4378 1297 2746  0.66744719 2
4379 2595 1732  3.79200382 2
4380 2595 1732  4.30530789 1
4381 1534 1360  1.30684436 2
4382 1534 1360  0.54126833 2
4383 2984 2885  15.49381113 1
4384 2984 2885  5.40219897 1
4385 1817 1587  -4.40484140 2
4386 1817 1587  -2.82688952 1
4387 1738 1305  -4.11577006 2
4388 1738 1305  -2.89480395 2
4389 2111 2368  2.28772050 1
4390 2111 2368  3.78360837 2
4391 2799 1736  -2.39048658 2
4392 2799 1736  -6.52890307 2
4393 1470 2121  -5.53836173 1
4394 1470 2121  -7.60530226 2
4395 1738 1743  -2.48638451 2
4396 1738 1743  2.62872804 2
4397 2946 1936  4.57773263 1
4398 2946 1936  6.02942003 2
4399 1244 2909  7.67325229 2
4400 1244 2909  6.85846400 1
4401 2946 1799  0.79032635 1
4402 2946 1799  3.96382143 2
4403 2730 1313  -0.69725711 2
4404 2730 1313  -2.01512186 2
4405 1857 1416  7.42640282 2
4406 1857 1416  8.74379601 2
4407 2331 1986  -4.52729919 2
4408 2331 1986  -0.05834537 2
4409 1796 2494  -0.93792995 2
4410 1796 2494  -2.03528557 2
4411 2165 2506  1.81182162 2
4412 2165 2506  8.60096872 1
4413 2476 3041  5.82280162 2
4414 2476 3041  5.51795068 2
4415 2769 1595  -6.14200431 2
4416 2769 1595  -7.65862713 2
4417 2289 2012  3.65138599 2
4418 2289 2012  -3.96882827 2
4419 1817 1689  2.72262065 2
4420 1817 1689  3.10324593 2
4421 1205 1964  -3.79023695 2
4422 1205 1964  -4.39980586 2
4423 2332 2099  7.45795907 2
4424 2332 2099  9.29846661 2
4425 1164 2322  -2.29177293 2
4426 1164 2322  -1.01978423 2
4427 2723 2543  -5.17261287 2
4428 2723 2543  -2.56236867 1
4429 2796 2326  -5.78971046 1
4430 2796 2326  -6.36871154 2
4431 2738 2116  5.59487111 2
4432 2738 2116  4.03114857 1
4433 2104 2966  -0.71409260 2
4434 2104 2966  1.62026326 2
4435 1446 2351  -6.37620440 2
4436 1446 2351  -7.05130306 2
4437 1377 3017  9.91079271 2
4438 1377 3017  11.24981298 2
4439 2645 1989  -0.09207995 2
4440 2645 1989  -2.99677707 2
4441 1258 1281  10.87437229 2
4442 1258 1281  6.80185205 2
4443 1748 2100  2.32706598 2
4444 1748 2100  0.69340807 1
4445 1165 1291  10.53912058 1
4446 1165 1291  19.00355662 1
4447 1298 2272  6.17103269 2
4448 1298 2272  1.14701865 2
4449 1411 2509  -0.67747477 2
4450 1411 2509  1.41807356 2
4451 1102 2185  -9.86185355 2
4452 1102 2185  -11.63450518 1
4453 1534 1698  -2.01884510 1
4454 1534 1698  3.95358128 2
4455 1377 1273  7.04975966 2
4456 1377 1273  11.06496545 1
4457 1599 2926  -3.37947373 2
4458 1599 2926  -3.13779007 2
4459 1934 2998  12.43155998 2
4460 1934 2998  3.52277115 2
4461 2612 1431  -4.05101707 2
4462 2612 1431  -3.51374570 2
4463 1164 1888  -1.30154099 2
4464 1164 1888  -1.49973622 2
4465 1950 2003  2.34008432 2
4466 1950 2003  0.09792376 2
4467 2769 2974  -1.81307767 2
4468 2769 2974  -3.71227566 2
4469 2796 2133  -6.58116462 2
4470 2796 2133  -1.17471873 2
4471 2984 1322  2.15991364 2
4472 2984 1322  0.35435876 2
4473 1353 3025  7.36800096 1
4474 1353 3025  4.69897776 2
4475 2165 2053  -3.80642771 2
4476 2165 2053  -3.94453547 2
4477 1377 3077  -0.42324811 2
4478 1377 3077  5.62253163 2
4479 1599 2212  -4.27108589 2
4480 1599 2212  -8.35529308 1
4481 1545 1179  5.95584797 1
4482 1545 1179  8.85355517 2
4483 2434 1184  1.20935857 2
4484 2434 1184  2.20746744 1
4485 2513 3014  0.24355796 2
4486 2513 3014  4.29425176 2
4487 1272 1937  2.85280833 2
4488 1272 1937  1.57271465 2
4489 2723 1877  4.66079414 2
4490 2723 1877  0.80222456 2
4491 2111 1575  7.40818900 2
4492 2111 1575  8.39996741 2
4493 2410 1814  8.06974769 2
4494 2410 1814  5.53727861 2
4495 1258 2256  5.34787213 2
4496 1258 2256  4.50210405 2
4497 1515 1347  -4.30472180 2
4498 1515 1347  -0.88459887 2
4499 1446 2862  0.25937865 2
4500 1446 2862  3.67854857 1
4501 2769 1364  -6.17117978 1
4502 2769 1364  -4.44508916 2
4503 2111 1452  8.07469851 1
4504 2111 1452  10.21938613 2
4505 1296 2576  -0.34586349 2
4506 1296 2576  -7.43725802 2
4507 2728 1779  11.32359765 2
4508 2728 1779  8.52250682 2
4509 1858 2690  -3.72900557 2
4510 1858 2690  -8.50482042 2
4511 2404 2422  12.71836310 1
4512 2404 2422  12.62390162 2
4513 1599 1328  -5.56278960 1
4514 1599 1328  -5.81039506 2
4515 2476 2785  -3.56304302 1
4516 2476 2785  -2.42266025 2
4517 1611 2725  -3.09399617 1
4518 1611 2725  1.90362653 2
4519 2480 2094  -5.74182271 1
4520 2480 2094  -7.01576969 2
4521 2612 1390  4.89180114 2
4522 2612 1390  9.68584405 2
4523 1296 1493  -4.40345900 2
4524 1296 1493  -6.49508849 2
4525 2475 2317  -2.35130438 2
4526 2475 2317  -3.46902168 2
4527 2434 1153  2.49103247 2
4528 2434 1153  -0.36456064 2
4529 1279 1820  2.77121185 2
4530 1279 1820  4.54199925 2
4531 2645 2825  8.05806397 1
4532 2645 2825  6.26845218 2
4533 1177 3059  -1.21607009 2
4534 1177 3059  -0.69929691 1
4535 2972 2864  4.22392122 2
4536 2972 2864  7.57642622 2
4537 2753 1621  0.33537793 1
4538 2753 1621  2.16848449 2
4539 2104 1312  -7.92399530 2
4540 2104 1312  -5.43326679 2
4541 1296 2789  -12.03656150 2
4542 1296 2789  -19.16337478 1
4543 1142 2144  -10.99487377 2
4544 1142 2144  -4.58855723 1
4545 1345 2830  -1.21737251 2
4546 1345 2830  3.11729929 2
4547 2984 1508  3.15235563 2
4548 2984 1508  -2.49096656 2
4549 2612 2238  2.47396781 2
4550 2612 2238  2.63425375 2
4551 2511 2042  1.08194177 2
4552 2511 2042  1.55227916 2
4553 2513 2729  10.24603584 2
4554 2513 2729  8.66861786 1
4555 1604 1951  -4.91100427 2
4556 1604 1951  -7.52940061 2
4557 2111 3083  -4.78591663 1
4558 2111 3083  3.45440692 1
4559 1297 1816  -3.71838029 2
4560 1297 1816  -1.04547780 1
4561 1377 2877  6.03521282 2
4562 1377 2877  6.38526972 2
4563 2375 2040  -2.76790516 2
4564 2375 2040  -2.50793723 2
4565 1297 2722  2.90163136 2
4566 1297 2722  0.94627784 2
4567 1857 1325  9.70873469 1
4568 1857 1325  5.93415206 2
4569 2149 1234  -7.39657250 2
4570 2149 1234  -7.32169317 1
4571 2475 2859  -0.06795596 2
4572 2475 2859  2.64016261 2
4573 2128 1225  12.61867532 2
4574 2128 1225  8.92040526 1
4575 2303 2800  -4.91702211 2
4576 2303 2800  -3.67026852 2
4577 2984 1940  -5.75456515 2
4578 2984 1940  1.00141462 1
4579 1604 2014  -0.10987409 2
4580 1604 2014  -1.71187773 2
4581 2434 1398  1.80436910 2
4582 2434 1398  7.16238091 1
4583 2310 1928  1.94407475 2
4584 2310 1928  1.38302793 2
4585 1988 2529  -15.19665151 2
4586 1988 2529  -11.08999727 1
4587 1272 2696  3.42374247 1
4588 1272 2696  6.05235013 2
4589 1950 1977  3.32997664 2
4590 1950 1977  2.13239609 1
4591 2645 1429  0.84896387 2
4592 2645 1429  1.13570557 2
4593 1598 1278  -2.23066798 2
4594 1598 1278  -3.36245958 2
4595 2289 1149  1.24341023 2
4596 2289 1149  -3.38287942 2
4597 2983 3100  10.45719816 2
4598 2983 3100  7.75401110 1
4599 2332 2270  -6.50346114 2
4600 2332 2270  -7.36171277 2
4601 1446 1686  6.74484345 2
4602 1446 1686  9.58376503 2
4603 2410 2106  5.14385068 2
4604 2410 2106  4.32883858 2
4605 1620 2301  -0.43039474 2
4606 1620 2301  -2.01447352 2
4607 1613 1222  0.70110700 2
4608 1613 1222  -2.20351731 1
4609 1611 1884  -4.39354205 1
4610 1611 1884  -3.80659038 2
4611 1244 2441  2.61038512 2
4612 1244 2441  3.43575849 2
4613 2331 1248  12.25153639 2
4614 2331 1248  5.01628550 2
4615 2873 1855  -1.20241645 2
4616 2873 1855  -1.34414622 2
4617 1545 1991  11.01849247 1
4618 1545 1991  5.65053240 1
4619 1377 2853  11.32307909 2
4620 1377 2853  8.86655125 2
4621 1934 1519  14.50589563 1
4622 1934 1519  3.51408591 1
4623 1857 1793  11.97841076 1
4624 1857 1793  12.11618082 2
4625 1561 2184  -6.02622831 2
4626 1561 2184  -1.94196044 2
4627 2583 3072  2.48804235 2
4628 2583 3072  0.81138887 2
4629 2799 1379  -6.58209038 2
4630 2799 1379  -5.95022473 2
4631 2511 2793  -1.67568333 2
4632 2511 2793  2.68099614 2
4633 2476 1830  2.22595891 2
4634 2476 1830  0.39029202 1
4635 1461 2498  -1.40699097 2
4636 1461 2498  0.63243756 2
4637 2583 1419  -0.49225146 1
4638 2583 1419  1.96141380 2
4639 1470 2490  3.91920704 2
4640 1470 2490  4.06343572 2
4641 1261 1351  -8.57825701 2
4642 1261 1351  -8.89601874 2
4643 1930 2335  -1.40715456 1
4644 1930 2335  4.45427624 2
4645 1858 1868  -0.85441776 2
4646 1858 1868  -1.25915396 2
4647 2434 1293  8.42142533 2
4648 2434 1293  9.79668561 2
4649 1738 2914  -9.69465291 2
4650 1738 2914  -9.97421500 2
4651 1261 1401  3.51439431 1
4652 1261 1401  -0.14970279 2
4653 1930 1866  1.00044754 1
4654 1930 1866  -3.17201232 2
4655 1534 1210  -9.43305425 2
4656 1534 1210  -7.00224642 2
4657 2330 2721  16.63881821 2
4658 2330 2721  10.80639105 2
4659 2511 1236  -0.23301122 1
4660 2511 1236  -5.11540502 2
4661 2583 2213  -6.35677856 1
4662 2583 2213  -8.52237508 1
4663 2942 3087  -0.57143322 2
4664 2942 3087  1.44231196 2
4665 1345 2020  0.21047901 2
4666 1345 2020  -0.31241048 2
4667 2796 3052  0.47967380 2
4668 2796 3052  -8.88775305 2
4669 2942 1942  -5.92791104 2
4670 2942 1942  -0.35494422 2
4671 1164 1948  -7.31378555 2
4672 1164 1948  -4.18705268 2
4673 2738 2308  -1.84720635 2
4674 2738 2308  0.29737685 2
4675 1411 1700  0.63979647 1
4676 1411 1700  5.98456341 2
4677 2410 1609  1.02024085 2
4678 2410 1609  -0.19483737 2
4679 1973 2461  5.39823458 2
4680 1973 2461  4.05063346 2
4681 1461 1718  2.96199304 2
4682 1461 1718  1.46601216 2
4683 2149 1542  -3.67236676 2
4684 2149 1542  -4.13276879 1
4685 2111 2131  0.08126358 2
4686 2111 2131  4.00558980 2
4687 2476 1326  4.17781078 2
4688 2476 1326  1.76726137 1
4689 2612 1375  12.39670169 2
4690 2612 1375  6.42640618 2
4691 1598 2034  -2.50968662 2
4692 1598 2034  -2.44336093 2
4693 1611 2051  -1.85221989 2
4694 1611 2051  -0.88627718 2
4695 2946 2701  5.01835624 1
4696 2946 2701  2.29694728 2
4697 2375 2381  0.49977580 2
4698 2375 2381  0.06960076 1
4699 1740 2575  -0.90766798 2
4700 1740 2575  -0.29868971 2
4701 2942 1664  -5.56440048 1
4702 2942 1664  -1.57418261 2
4703 1545 2949  1.22695291 2
4704 1545 2949  4.12554376 2
4705 2583 1283  -4.92306205 2
4706 2583 1283  -1.55468233 2
4707 1298 1529  2.34277634 2
4708 1298 1529  4.69183467 1
4709 2753 2324  0.08146212 1
4710 2753 2324  2.40885330 2
4711 2875 1683  -1.22138525 2
4712 2875 1683  -3.97903992 2
4713 1746 2329  -3.20224940 1
4714 1746 2329  -1.59561403 2
4715 1604 2305  -4.23310550 1
4716 1604 2305  -0.59093290 2
4717 2452 2228  -2.97901666 1
4718 2452 2228  -3.87104920 1
4719 1930 3037  4.03352093 1
4720 1930 3037  0.28305372 2
4721 1446 2598  6.20791646 2
4722 1446 2598  5.97221920 1
4723 2513 3003  1.28912396 1
4724 2513 3003  -0.57453840 2
4725 1142 2122  -12.76675292 2
4726 1142 2122  -10.19614280 2
4727 2612 2934  3.60921938 2
4728 2612 2934  0.45166479 1
4729 1934 1503  7.44218416 2
4730 1934 1503  5.18715903 1
4731 2404 1652  2.15969789 2
4732 2404 1652  4.16046083 2
4733 1244 1221  3.78667436 2
4734 1244 1221  4.12608111 1
4735 1620 2337  -0.30267865 2
4736 1620 2337  5.54535644 2
4737 2833 2015  4.63864791 2
4738 2833 2015  6.68802717 1
4739 2452 2971  -3.62704386 2
4740 2452 2971  -0.10115993 2
4741 2833 2081  10.73067007 1
4742 2833 2081  21.77466108 1
4743 1165 1744  10.22426624 2
4744 1165 1744  7.15916524 2
4745 2289 2952  1.24816964 2
4746 2289 2952  4.36892130 2
4747 1279 3075  -5.32849441 2
4748 1279 3075  -1.72400393 2
4749 2452 2325  -2.18263308 2
4750 2452 2325  -7.39931316 2
4751 1740 2411  -3.89524583 2
4752 1740 2411  2.71815297 2
4753 2540 1423  -3.50039303 2
4754 2540 1423  -0.87928167 2
4755 1377 2601  9.62157861 2
4756 1377 2601  8.72278008 2
4757 1620 2087  4.20544451 1
4758 1620 2087  -1.09961608 2
4759 1934 1751  1.58515134 2
4760 1934 1751  3.10076088 1
4761 1298 1706  1.82213700 1
4762 1298 1706  -0.95269893 1
4763 1613 1397  -0.17981002 2
4764 1613 1397  -4.67755331 2
4765 2111 1635  5.51296403 2
4766 2111 1635  7.59166855 2
4767 1857 2846  15.10006115 2
4768 1857 2846  8.52896213 2
4769 1258 2927  -2.05946138 2
4770 1258 2927  -1.54659410 1
4771 1261 1840  -2.93540719 2
4772 1261 1840  -9.34619443 2
4773 1228 2956  -12.39120950 2
4774 1228 2956  -4.32072321 2
4775 2404 2074  4.15703051 2
4776 2404 2074  3.59770655 1
4777 1244 3098  -3.44762788 1
4778 1244 3098  0.67496203 2
4779 2703 1332  0.13444718 1
4780 2703 1332  -1.04566089 2
4781 1272 2603  9.57562104 1
4782 1272 2603  7.47385576 1
4783 2723 2363  -0.53487243 2
4784 2723 2363  0.94549631 2
4785 2303 1441  1.31244106 2
4786 2303 1441  -3.02129328 1
4787 1988 3069  -7.41324344 1
4788 1988 3069  -9.95745365 2
4789 1296 1314  -14.95607010 2
4790 1296 1314  -10.53323285 1
4791 2452 1666  4.93208869 2
4792 2452 1666  2.19360329 2
4793 1272 3095  8.15826607 2
4794 1272 3095  4.14460713 1
4795 2331 2478  5.79727655 2
4796 2331 2478  7.48124715 2
4797 2942 1759  2.66173978 2
4798 2942 1759  -0.68755782 2
4799 1748 2492  -0.20636019 1
4800 1748 2492  3.08197183 2
4801 1164 2767  0.86852027 2
4802 1164 2767  -1.20846721 1
4803 2983 1920  4.15913930 2
4804 2983 1920  6.55310178 2
4805 2332 2062  2.98771737 2
4806 2332 2062  3.05282153 2
4807 1973 1583  -1.62635200 1
4808 1973 1583  -3.27500352 1
4809 1228 2056  -8.89952170 1
4810 1228 2056  -2.60549484 2
4811 3049 2166  0.45189481 1
4812 3049 2166  0.29886103 2
4813 2416 1518  -0.94489371 2
4814 2416 1518  -0.19324792 2
4815 3040 3010  -1.87809793 2
4816 3040 3010  3.00290462 2
4817 2730 2142  0.64879486 2
4818 2730 2142  0.03020111 2
4819 2645 3079  5.87168835 2
4820 2645 3079  6.15176919 2
4821 2104 2908  -0.78124206 2
4822 2104 2908  3.72003749 1
4823 2289 1648  0.87366978 1
4824 2289 1648  1.91247671 2
4825 1857 2524  13.91004759 2
4826 1857 2524  10.07251788 1
4827 1620 2343  -3.48848942 2
4828 1620 2343  0.96059819 1
4829 1461 1547  0.09241271 2
4830 1461 1547  3.82043468 2
4831 2723 1380  -2.13367770 2
4832 2723 1380  -4.25562912 1
4833 1164 2239  -5.54163305 2
4834 1164 2239  -4.72264906 2
4835 2149 1274  -9.15614891 2
4836 2149 1274  -5.04251336 1
4837 2595 1363  2.11104773 2
4838 2595 1363  2.70204440 2
4839 1988 1216  -14.34656019 2
4840 1988 1216  -12.14771207 2
4841 2289 2514  -3.16569153 2
4842 2289 2514  6.49027976 1
4843 2796 1813  -2.47102926 2
4844 2796 1813  -1.56293716 1
4845 2875 1591  0.08600771 2
4846 2875 1591  -1.44665069 2
4847 2434 1933  2.43794041 2
4848 2434 1933  6.06664537 2
4849 1796 1126  -3.78510904 2
4850 1796 1126  -8.84356956 2
4851 1613 1967  6.86958046 2
4852 1613 1967  11.96589836 1
4853 1781 1697  6.39797958 2
4854 1781 1697  2.72226411 2
4855 1102 3002  -3.74626946 2
4856 1102 3002  -7.65710991 2
4857 3040 1551  10.35177401 2
4858 3040 1551  4.09451372 1
4859 1353 2566  6.96036898 2
4860 1353 2566  7.51819496 2
4861 1261 2309  2.95295567 2
4862 1261 2309  -0.80196894 1
4863 1598 2302  -5.33903197 2
4864 1598 2302  -6.11274480 1
4865 2310 2774  0.38697607 2
4866 2310 2774  4.26305609 2
4867 2536 1610  0.62737387 1
4868 2536 1610  3.96578717 2
4869 2110 1742  6.27982437 2
4870 2110 1742  9.91899840 1
4871 2434 2803  5.09986720 2
4872 2434 2803  4.36782752 2
4873 1296 1307  -14.88537731 2
4874 1296 1307  -15.86896713 2
4875 2799 2164  -10.03879238 2
4876 2799 2164  -3.45084225 2
4877 1858 1651  -3.89812859 2
4878 1858 1651  -1.62817487 1
4879 1604 1523  -5.36817665 2
4880 1604 1523  -4.42047046 2
4881 2983 2920  15.58634950 2
4882 2983 2920  11.59617249 2
4883 1243 1578  0.16565419 2
4884 1243 1578  2.48188694 2
4885 1599 1959  -4.13429569 1
4886 1599 1959  -2.95325461 1
4887 1746 2851  -1.58656833 2
4888 1746 2851  -5.51311723 2
4889 1620 2386  5.02305413 2
4890 1620 2386  1.56252082 1
4891 2703 3065  1.43556888 2
4892 2703 3065  -2.23607976 2
4893 1988 1566  -11.26378789 2
4894 1988 1566  -8.58343629 2
4895 2645 2569  -7.67922825 2
4896 2645 2569  -3.62993831 2
4897 1534 2038  -0.87157473 2
4898 1534 2038  -3.40487687 2
4899 2833 1103  -1.81706343 1
4900 2833 1103  0.24768856 2
4901 2983 1319  1.45271363 1
4902 2983 1319  0.52463200 1
4903 1102 2792  6.85565363 1
4904 1102 2792  -7.15465055 1
4905 2595 1844  6.43345032 1
4906 2595 1844  7.81263265 2
4907 2536 2294  2.18884044 1
4908 2536 2294  3.43791552 2
4909 2873 3019  -6.01176928 2
4910 2873 3019  1.85883978 2
4911 2475 3000  -4.53907446 2
4912 2475 3000  0.75022691 2
4913 1164 1339  4.64792879 2
4914 1164 1339  3.94309853 1
4915 2769 1876  -7.78549314 1
4916 2769 1876  -5.03218516 2
4917 1258 2216  2.03548724 2
4918 1258 2216  -0.94839176 2
4919 2104 1344  1.15742481 1
4920 2104 1344  -0.06129532 2
4921 1817 2531  3.78804369 2
4922 1817 2531  5.39271817 2
4923 2612 1219  7.48611036 2
4924 2612 1219  6.02527998 2
4925 2612 2361  8.35181694 2
4926 2612 2361  5.63525420 2
4927 1599 3038  -0.17533154 2
4928 1599 3038  0.17295397 2
4929 2873 2801  -4.38005076 2
4930 2873 2801  -9.63268325 2
4931 1102 1790  -4.69411358 2
4932 1102 1790  -9.78061852 2
4933 1599 1253  -7.55723365 2
4934 1599 1253  0.63980389 1
4935 2770 1831  -4.46275194 2
4936 2770 1831  -7.54285588 1
4937 1353 1927  4.53843448 2
4938 1353 1927  1.29827149 1
4939 2595 1711  3.91967474 2
4940 2595 1711  4.40023341 2
4941 1613 2488  0.40083791 2
4942 1613 2488  -0.53744243 2
4943 2332 1480  -6.55691472 2
4944 2332 1480  0.55187804 2
4945 1740 1628  -6.21893448 2
4946 1740 1628  2.21172724 2
4947 1611 1903  -6.75005402 2
4948 1611 1903  -2.28690550 2
4949 2404 2139  0.99067607 2
4950 2404 2139  -0.16474841 1
4951 1102 3091  -4.27753501 1
4952 1102 3091  -8.86721244 2
4953 1384 1521  1.74034149 2
4954 1384 1521  0.28451206 2
4955 1817 1843  -1.93884433 2
4956 1817 1843  1.55747910 2
4957 1377 1890  8.84508940 1
4958 1377 1890  4.02916963 2
4959 2540 1159  -2.16574267 2
4960 2540 1159  -0.97475456 2
4961 2728 2605  10.88269998 2
4962 2728 2605  10.44237265 2
4963 1102 1807  -3.41469707 2
4964 1102 1807  -4.20106579 2
4965 1296 1240  -11.93280473 2
4966 1296 1240  -8.94276528 1
4967 2799 2102  -13.21659823 2
4968 2799 2102  -6.78220070 2
4969 2165 1129  9.13040149 1
4970 2165 1129  4.02201140 2
4971 2480 1422  2.65144200 2
4972 2480 1422  -1.19667808 2
4973 1973 1949  6.24545337 1
4974 1973 1949  1.47572572 2
4975 2109 1104  -2.68342523 2
4976 2109 1104  0.75906726 1
4977 1817 1774  -7.75038625 2
4978 1817 1774  -4.54158264 2
4979 1297 2502  6.25610355 2
4980 1297 2502  4.55215325 1
4981 2972 2339  1.58114182 2
4982 2972 2339  9.17512190 2
4983 2109 2088  8.62970029 1
4984 2109 2088  10.50323582 1
4985 1384 1175  2.13523825 2
4986 1384 1175  4.21472776 2
4987 1561 1690  -1.34732678 2
4988 1561 1690  -0.62086228 2
4989 2651 1138  2.55340565 2
4990 2651 1138  1.46944809 1
4991 1988 1873  -6.33508835 2
4992 1988 1873  -6.56488785 1
4993 2331 2367  10.01745764 2
4994 2331 2367  6.61502471 1
4995 3049 2627  -11.93666222 2
4996 3049 2627  -14.84092035 2
4997 1545 1968  13.84609749 2
4998 1545 1968  6.24829152 2
4999 2799 2355  -12.52922219 2
5000 2799 2355  -11.59045371 2
5001 1988 2233  -8.49003960 2
5002 1988 2233  -5.32973011 2
5003 2165 2377  5.35081698 2
5004 2165 2377  5.62144751 1
5005 2109 3016  10.28945682 1
5006 2109 3016  9.47394827 2
5007 1228 2273  -8.77606421 2
5008 1228 2273  -8.72192503 1
5009 2511 3039  0.02336499 2
5010 2511 3039  6.06688341 2
5011 2703 2662  4.18369966 2
5012 2703 2662  -4.88411270 2
5013 2770 2912  6.52402329 1
5014 2770 2912  8.80931748 1
5015 2513 1254  7.63184983 1
5016 2513 1254  3.86507693 2
5017 2128 1295  6.85872066 2
5018 2128 1295  6.20454032 1
5019 2753 1531  4.25197401 2
5020 2753 1531  0.35280108 2
5021 2165 1671  1.37187538 2
5022 2165 1671  3.01143375 2
5023 1930 2872  5.16908385 2
5024 1930 2872  6.00529427 2
5025 2110 2328  -1.06828306 2
5026 2110 2328  1.19811012 2
5027 1950 3063  -0.73187967 1
5028 1950 3063  -1.13940315 1
5029 1781 2244  -2.35017074 2
5030 1781 2244  1.21510254 2
5031 1279 2981  -1.21709388 2
5032 1279 2981  -1.78338811 2
5033 2984 2726  8.20857368 1
5034 2984 2726  9.40443969 2
5035 1272 1839  1.85956545 1
5036 1272 1839  -1.94375335 2
5037 1228 2922  -7.00581449 2
5038 1228 2922  -7.20966754 2
5039 1205 1280  -2.84240628 2
5040 1205 1280  -5.23702075 1
5041 1934 1309  -10.15259180 2
5042 1934 1309  -6.69685195 2
5043 1164 2893  -3.10641482 1
5044 1164 2893  -3.24453947 1
5045 2651 2991  4.03106545 2
5046 2651 2991  3.80918355 2
5047 1534 2232  1.21746876 1
5048 1534 2232  -3.16241895 1
5049 1298 2311  3.42498997 1
5050 1298 2311  2.97635768 2
5051 2972 2465  0.59888065 2
5052 2972 2465  3.60968260 1
5053 1353 1978  8.54185994 1
5054 1353 1978  8.97325879 1
5055 1228 1860  -2.01830625 2
5056 1228 1860  -0.11473665 2
5057 1411 2253  -2.15173435 2
5058 1411 2253  -4.72373282 2
5059 2873 2201  -1.53130987 2
5060 2873 2201  -1.06735924 2
5061 2984 2930  4.01834510 2
5062 2984 2930  4.94518675 2
5063 2730 1585  0.51666267 2
5064 2730 1585  5.27361594 1
5065 2469 3027  4.83956949 2
5066 2469 3027  10.25935687 1
5067 2942 1624  6.36759066 2
5068 2942 1624  1.54577982 2
5069 2434 1681  -0.84242046 2
5070 2434 1681  5.65106996 2
5071 1858 2387  -4.21441731 2
5072 1858 2387  0.24318459 1
5073 2583 2836  -0.69206190 1
5074 2583 2836  1.65709212 2
5075 2330 2342  3.89312783 2
5076 2330 2342  6.22643269 1
5077 1561 2940  -2.13091620 2
5078 1561 2940  -7.63421512 2
5079 2972 2593  7.03185017 2
5080 2972 2593  8.09059470 2
5081 2452 2277  -6.35988188 2
5082 2452 2277  -4.03436934 1
5083 1611 2819  -4.32951965 1
5084 1611 2819  -7.29311875 2
5085 2476 2459  12.48997949 2
5086 2476 2459  6.45175783 2
5087 2104 1642  1.13689798 1
5088 2104 1642  -0.05203942 2
5089 2833 2624  -2.77944699 2
5090 2833 2624  -2.49558220 2
5091 2583 2091  8.09485186 2
5092 2583 2091  8.54568261 2
5093 1177 1969  -2.29923191 2
5094 1177 1969  -2.37966991 1
5095 2536 2117  11.71464657 2
5096 2536 2117  14.33408564 2
5097 2410 2850  5.31084320 2
5098 2410 2850  6.98967669 2
5099 1261 1201  -8.42509512 1
5100 1261 1201  -12.34125742 1
5101 3400 4262  14.71850600 2
5102 3400 4262  14.68137699 2
5103 4366 4451  -9.15481869 1
5104 4366 4451  -12.65768144 2
5105 3911 3483  11.11301747 1
5106 3911 3483  5.01931216 2
5107 4554 3987  10.62201105 1
5108 4554 3987  5.87626118 2
5109 3400 4314  7.16687168 2
5110 3400 4314  3.58872773 2
5111 3279 3586  2.63625438 2
5112 3279 3586  1.12720920 1
5113 3939 4033  1.51863927 1
5114 3939 4033  3.70094923 1
5115 3820 4792  1.45161964 2
5116 3820 4792  10.98621378 2
5117 3596 5067  13.30091377 2
5118 3596 5067  11.49173992 1
5119 4366 4871  2.80934786 1
5120 4366 4871  0.17336998 2
5121 5018 4619  9.44083934 1
5122 5018 4619  9.83408984 2
5123 4473 3913  1.38107980 1
5124 4473 3913  2.92681750 2
5125 5014 4527  4.84051575 2
5126 5014 4527  4.79091051 2
5127 3866 4965  -1.56001655 2
5128 3866 4965  -2.00237118 2
5129 4708 4268  9.89270012 1
5130 4708 4268  5.56898028 2
5131 3698 4680  -0.46775654 2
5132 3698 4680  3.86115460 2
5133 3960 3231  18.11113271 2
5134 3960 3231  9.93178857 2
5135 3399 4977  2.03802929 2
5136 3399 4977  1.50564402 2
5137 3426 4355  4.35278543 2
5138 3426 4355  4.60197991 2
5139 4969 4142  8.12144304 2
5140 4969 4142  8.04334823 2
5141 5066 4657  13.66806678 2
5142 5066 4657  15.29698569 2
5143 3533 4122  15.62210436 1
5144 3533 4122  15.56084570 2
5145 4558 3245  6.10831903 2
5146 4558 3245  7.87551548 2
5147 3306 4274  6.35696916 1
5148 3306 4274  5.81607855 2
5149 4473 4379  3.20905631 1
5150 4473 4379  4.43194305 1
5151 3698 4289  -3.40597593 2
5152 3698 4289  -4.45166294 2
5153 3570 3873  9.21525867 1
5154 3570 3873  6.73689014 2
5155 3911 3323  12.10563298 1
5156 3911 3323  12.60287158 2
5157 3228 4841  -2.32082237 1
5158 3228 4841  2.90169958 1
5159 3252 4438  14.15453361 1
5160 3252 4438  13.95465102 2
5161 3306 3867  7.20958867 2
5162 3306 3867  6.35266522 1
5163 3777 3733  5.49309595 2
5164 3777 3733  3.92535959 1
5165 4852 3477  7.62725459 2
5166 4852 3477  6.55726801 2
5167 3252 3224  8.98146504 2
5168 3252 3224  8.45525012 2
5169 4973 3704  1.69117409 2
5170 4973 3704  3.04024278 2
5171 3279 3254  -0.60756218 2
5172 3279 3254  -1.97628579 2
5173 4304 3287  8.74319978 2
5174 4304 3287  9.79228446 1
5175 4279 4084  -3.16935160 2
5176 4279 4084  -2.27332601 2
5177 4842 3108  1.40269653 2
5178 4842 3108  6.39374613 2
5179 3400 5000  2.08509389 1
5180 3400 5000  -0.07824272 1
5181 3596 4168  23.90919344 1
5182 3596 4168  11.89192963 2
5183 4554 3187  -7.67319826 2
5184 4554 3187  -2.85808804 1
5185 4366 5050  -0.05942036 2
5186 4366 5050  1.25982959 2
5187 4135 4477  0.65782286 2
5188 4135 4477  4.97127407 1
5189 4328 3615  4.08266146 1
5190 4328 3615  2.10139749 1
5191 3698 3171  1.11564614 2
5192 3698 3171  -1.79408467 1
5193 4870 3637  2.32023915 2
5194 4870 3637  1.97983493 1
5195 3705 3774  3.17420561 1
5196 3705 3774  6.22727833 2
5197 4056 3908  -2.32682977 2
5198 4056 3908  10.01513255 2
5199 3565 3591  4.52654220 2
5200 3565 3591  2.52095739 1
5201 4022 3372  7.16529828 2
5202 4022 3372  5.19056172 2
5203 3230 4155  -0.12017573 2
5204 3230 4155  -0.70628841 2
5205 4781 4524  -0.65106385 2
5206 4781 4524  3.00088789 2
5207 4366 3270  -9.50623936 1
5208 4366 3270  -8.79129649 2
5209 3522 4181  2.22555059 2
5210 3522 4181  -6.30325440 2
5211 4456 3566  8.40336495 1
5212 4456 3566  8.80289007 1
5213 3705 5011  4.30638736 1
5214 3705 5011  5.18652253 1
5215 3432 4645  -1.02389906 2
5216 3432 4645  -0.09908697 2
5217 3570 4839  -1.32191762 1
5218 3570 4839  1.08993441 1
5219 4197 4593  0.07121130 2
5220 4197 4593  -3.02084236 2
5221 5066 3803  5.00083885 2
5222 5066 3803  9.13264526 1
5223 4481 4705  0.16199783 2
5224 4481 4705  3.63056405 2
5225 4741 4891  3.44630022 2
5226 4741 4891  8.90130374 1
5227 3522 3396  4.64501669 2
5228 3522 3396  -1.48694198 2
5229 3252 3676  4.66564235 2
5230 3252 3676  2.88959844 2
5231 4135 4315  7.51341130 2
5232 4135 4315  7.87278392 1
5233 4022 4269  0.25827999 2
5234 4022 4269  4.72288024 2
5235 3911 3139  0.40113955 1
5236 3911 3139  4.54373106 2
5237 4852 3997  6.09273350 2
5238 4852 3997  3.52437385 1
5239 4029 4856  0.00837114 2
5240 4029 4856  -3.16139020 2
5241 4708 4284  9.21433566 2
5242 4708 4284  5.68039360 2
5243 4095 3666  17.98948738 2
5244 4095 3666  19.78560478 2
5245 4056 4345  1.08820055 1
5246 4056 4345  8.71540710 2
5247 4223 3382  5.22841872 1
5248 4223 3382  4.36943271 2
5249 4172 4370  5.06467966 2
5250 4172 4370  4.35877475 1
5251 3939 5016  1.41353743 1
5252 3939 5016  1.79068640 1
5253 4197 4325  1.42746351 2
5254 4197 4325  4.00193497 2
5255 3793 4183  5.78905249 1
5256 3793 4183  6.47930636 2
5257 3432 4633  1.98323604 1
5258 3432 4633  3.48170753 2
5259 5066 4888  1.81547055 1
5260 5066 4888  0.01481866 2
5261 4147 3557  9.00381008 2
5262 4147 3557  5.26266615 2
5263 4196 4460  13.94376437 2
5264 4196 4460  10.23659178 2
5265 3522 4660  -1.32874960 1
5266 3522 4660  -6.23773189 2
5267 4574 4222  9.44755988 2
5268 4574 4222  12.95856293 1
5269 3990 4221  5.43037412 2
5270 3990 4221  0.28284625 2
5271 4344 3883  11.43144122 2
5272 4344 3883  9.73133707 2
5273 3400 3117  13.36930362 2
5274 3400 3117  12.83375991 1
5275 4741 3234  11.57919597 1
5276 4741 3234  8.84249473 1
5277 3426 3293  4.89905230 2
5278 3426 3293  1.25157190 2
5279 3576 3425  0.14294537 2
5280 3576 3425  1.83604709 2
5281 4582 4666  1.36207248 2
5282 4582 4666  2.02067305 2
5283 3200 3304  -3.54184847 2
5284 3200 3304  1.36104627 2
5285 4651 4845  0.95468080 1
5286 4651 4845  4.21369316 2
5287 3252 4179  6.45014095 2
5288 3252 4179  1.19777183 1
5289 4164 3671  -6.96212719 2
5290 4164 3671  -7.69604261 1
5291 4708 3510  4.94695267 2
5292 4708 3510  4.69407828 2
5293 4558 4548  1.49582022 2
5294 4558 4548  -0.28271898 2
5295 3230 3723  -1.25753571 2
5296 3230 3723  -0.95762154 1
5297 4279 3675  2.97722882 2
5298 4279 3675  -0.30573450 2
5299 3698 3371  6.50950343 1
5300 3698 3371  20.15008079 1
5301 3911 3166  0.52855220 2
5302 3911 3166  4.52550356 2
5303 4344 4575  6.57599660 1
5304 4344 4575  3.60812877 2
5305 3927 4431  10.45083979 2
5306 3927 4431  8.49987545 2
5307 5035 5034  9.73363680 2
5308 5035 5034  5.49452420 2
5309 3576 4341  2.05728094 2
5310 3576 4341  3.72165633 2
5311 3399 4369  4.77995398 1
5312 3399 4369  3.76508295 2
5313 4100 3242  5.36505474 1
5314 4100 3242  5.98190349 1
5315 4328 4750  -6.83770300 2
5316 4328 4750  -2.62881420 2
5317 3252 3528  3.35704334 1
5318 3252 3528  0.85680315 2
5319 3960 4683  7.74842125 2
5320 3960 4683  7.46036222 2
5321 3399 3105  -2.17210503 2
5322 3399 3105  4.39460336 2
5323 5018 3607  1.26434850 2
5324 5018 3607  6.30460815 2
5325 4095 4455  7.96370477 2
5326 4095 4455  10.59426514 2
5327 4147 3785  11.34423408 2
5328 4147 3785  9.93333381 2
5329 3252 3734  5.16657615 2
5330 3252 3734  1.45859018 2
5331 4473 4008  7.13558048 2
5332 4473 4008  6.48193863 1
5333 4973 4545  2.29066948 2
5334 4973 4545  0.27884298 2
5335 4473 4981  2.02994716 2
5336 4473 4981  5.31493091 2
5337 4383 4004  8.98697525 2
5338 4383 4004  10.70709388 2
5339 4164 4865  -5.29801032 2
5340 4164 4865  -7.88170873 2
5341 4095 4898  7.55294820 2
5342 4095 4898  4.12497058 2
5343 4039 3192  8.07956383 2
5344 4039 3192  8.22453742 2
5345 3432 3164  -0.68803829 1
5346 3432 3164  -3.53139674 2
5347 3200 3756  -3.74075527 2
5348 3200 3756  -9.17382400 2
5349 4135 4030  9.05745428 2
5350 4135 4030  4.03807580 1
5351 4554 5045  6.79720266 1
5352 4554 5045  7.43789319 1
5353 3921 5069  -3.49003505 1
5354 3921 5069  2.44940570 2
5355 3576 4305  -4.35590069 2
5356 3576 4305  -2.43112546 2
5357 4412 3110  -1.60581212 2
5358 4412 3110  1.55356473 2
5359 3777 4601  10.45933798 1
5360 3777 4601  10.43508263 2
5361 4905 4288  -0.98597362 2
5362 4905 4288  -3.93724762 2
5363 4366 4959  -3.90048253 2
5364 4366 4959  -4.35880489 1
5365 3445 4392  0.41355914 1
5366 3445 4392  0.75682015 1
5367 4582 4191  7.00613379 2
5368 4582 4191  6.45676277 2
5369 4366 4562  -1.02153255 2
5370 4366 4562  0.84510984 2
5371 4172 3989  4.83708188 2
5372 4172 3989  8.57211839 2
5373 3570 3258  10.56368373 2
5374 3570 3258  6.96629106 2
5375 3200 3124  2.33336914 2
5376 3200 3124  6.32634971 2
5377 4973 3910  -0.00171023 1
5378 4973 3910  0.51452237 1
5379 4022 4367  -2.62739638 2
5380 4022 4367  -1.12699879 2
5381 4147 3466  4.31840687 2
5382 4147 3466  7.48291609 2
5383 3698 3988  1.74416552 1
5384 3698 3988  4.21750890 2
5385 4328 3356  2.29916028 2
5386 4328 3356  1.78132120 2
5387 4304 4462  8.93369403 1
5388 4304 4462  5.05486338 2
5389 3911 3156  0.19061233 2
5390 3911 3156  2.18934082 2
5391 4196 4997  23.05802710 2
5392 4196 4997  16.14330303 2
5393 4328 4579  3.04179653 2
5394 4328 4579  3.20413497 1
5395 3426 4350  -1.58550730 2
5396 3426 4350  0.01877851 2
5397 3228 4193  -0.08872377 1
5398 3228 4193  1.27736065 2
5399 3522 4877  -0.24828991 1
5400 3522 4877  -4.27797638 1
5401 3816 3149  2.53579313 1
5402 3816 3149  -2.74366658 2
5403 3621 3859  1.80673994 2
5404 3621 3859  3.46939891 2
5405 3698 3635  0.97990774 2
5406 3698 3635  4.75533221 1
5407 4056 4512  9.37495802 2
5408 4056 4512  9.08095329 2
5409 4484 3374  1.74841227 2
5410 4484 3374  1.36448933 2
5411 4617 3571  8.87446752 2
5412 4617 3571  9.70624281 2
5413 5005 4016  -1.61323264 2
5414 5005 4016  4.14587521 1
5415 5014 4077  1.92328620 2
5416 5014 4077  2.38018419 2
5417 4741 4131  10.26963037 2
5418 4741 4131  2.31302216 2
5419 4651 3472  5.20802436 2
5420 4651 3472  1.85262042 1
5421 4328 4600  -0.55587128 2
5422 4328 4600  -3.52923761 2
5423 3565 4371  -4.84755840 2
5424 3565 4371  -5.97203218 2
5425 4852 4349  3.97143859 2
5426 4852 4349  7.27795176 2
5427 3279 3298  1.39196041 1
5428 3279 3298  -4.77973447 2
5429 5018 4252  -0.09904974 1
5430 5018 4252  1.35626632 1
5431 4164 3526  -7.10049664 2
5432 4164 3526  -0.90114782 2
5433 4196 4068  17.04713553 2
5434 4196 4068  16.56854656 2
5435 4623 3334  9.13385438 1
5436 4623 3334  7.32900794 2
5437 3669 4706  0.43356555 2
5438 3669 4706  8.16086531 2
5439 4275 3662  13.00072390 2
5440 4275 3662  9.01696128 2
5441 3205 4153  0.67340303 1
5442 3205 4153  4.00987507 2
5443 3921 4676  2.71001908 2
5444 3921 4676  5.62695289 2
5445 4554 3940  8.98164750 1
5446 4554 3940  6.74545893 2
5447 3306 3923  9.11718749 2
5448 3306 3923  8.19747444 2
5449 3927 4277  -4.01591167 2
5450 3927 4277  -1.31472494 2
5451 4554 4743  8.46755161 1
5452 4554 4743  10.31588884 2
5453 4708 4036  -6.45220880 2
5454 4708 4036  2.54923364 1
5455 3959 4671  5.01301729 2
5456 3959 4671  1.35718104 2
5457 4279 4488  0.09591798 2
5458 4279 4488  1.24142441 2
5459 3963 3202  6.87538557 2
5460 3963 3202  3.81513331 1
5461 3990 3143  4.39266412 2
5462 3990 3143  2.71332033 2
5463 3960 4303  12.36042515 2
5464 3960 4303  12.91513964 2
5465 3576 3700  1.35739329 1
5466 3576 3700  4.81542512 1
5467 4147 4908  12.75711033 2
5468 4147 4908  5.36864886 2
5469 4623 4626  7.73871897 1
5470 4623 4626  0.67374523 2
5471 4473 4639  9.31003463 2
5472 4473 4639  1.74706017 2
5473 4842 3826  2.11467259 2
5474 4842 3826  2.66286084 2
5475 3576 3261  5.43361136 2
5476 3576 3261  6.72207606 2
5477 5005 4166  5.50463885 2
5478 5005 4166  5.61904706 2
5479 4969 4474  9.16161316 2
5480 4969 4474  8.23041894 2
5481 3596 3167  18.47586004 2
5482 3596 3167  20.31945762 1
5483 3959 3111  17.83687431 1
5484 3959 3111  11.01788691 2
5485 4708 4563  -2.38728647 1
5486 4708 4563  0.91408823 2
5487 4383 4273  10.37682026 2
5488 4383 4273  10.95108365 2
5489 4279 4293  -0.60939627 2
5490 4279 4293  2.75934419 2
5491 5018 4831  0.47359145 2
5492 5018 4831  2.30917180 2
5493 4905 4007  4.90983512 2
5494 4905 4007  6.63090083 1
5495 3445 4573  15.93230090 1
5496 3445 4573  11.51965435 1
5497 3777 5085  14.51391238 2
5498 3777 5085  11.97900306 1
5499 3927 3212  4.24551759 2
5500 3927 3212  4.71974252 2
5501 4172 3344  4.27820212 2
5502 4172 3344  6.49232829 1
5503 4822 3514  -2.39576512 2
5504 4822 3514  0.09934037 1
5505 4903 4766  7.04754122 2
5506 4903 4766  5.60304107 1
5507 3576 3406  -0.24643675 2
5508 3576 3406  1.37804268 2
5509 5035 4704  -1.00563880 2
5510 5035 4704  6.36772028 1
5511 4623 3556  11.47044835 1
5512 4623 3556  9.69971201 2
5513 4344 3740  5.02857769 2
5514 4344 3740  6.13906740 2
5515 3816 4038  -1.12162276 2
5516 3816 4038  2.96572238 2
5517 3596 4365  3.88619632 2
5518 3596 4365  1.53121576 2
5519 4852 3138  7.17764926 2
5520 4852 3138  1.97475136 2
5521 3669 4505  9.40318999 1
5522 3669 4505  8.10959500 2
5523 3228 4171  5.07722252 1
5524 3228 4171  2.11259087 1
5525 3793 4535  2.98247877 1
5526 3793 4535  0.30814413 2
5527 3230 3506  -11.92707199 2
5528 3230 3506  -10.90574961 2
5529 3279 3367  6.05697869 2
5530 3279 3367  3.31182984 1
5531 3960 3739  13.29910072 1
5532 3960 3739  12.29750433 2
5533 3555 4592  0.08411464 2
5534 3555 4592  -1.23391388 2
5535 3533 3738  6.37713530 2
5536 3533 3738  5.34122302 1
5537 4147 4152  -1.54225113 2
5538 4147 4152  0.19630563 2
5539 4558 4668  -2.41061737 2
5540 4558 4668  -7.99119266 2
5541 4651 3600  -2.47768681 2
5542 4651 3600  -1.00530341 2
5543 4446 3492  6.37739038 2
5544 4446 3492  2.09624192 2
5545 4197 4498  -0.25353911 1
5546 4197 4498  -3.79519097 2
5547 4554 3349  7.72679386 2
5548 4554 3349  2.10054185 1
5549 4661 3914  -11.11478922 2
5550 4661 3914  -11.17339616 2
5551 4567 3753  9.58346580 2
5552 4567 3753  6.24570733 2
5553 5066 3947  15.15450722 1
5554 5066 3947  13.94913029 2
5555 3194 4916  6.62831884 1
5556 3194 4916  -3.24370927 2
5557 3866 4368  7.27861489 1
5558 3866 4368  5.20820322 2
5559 4197 3976  0.80569184 1
5560 4197 3976  2.15924810 2
5561 3990 3176  1.57226996 2
5562 3990 3176  0.97378999 2
5563 4567 4648  9.40496130 1
5564 4567 4648  10.49953381 2
5565 5018 3170  7.73662640 2
5566 5018 3170  1.79438910 1
5567 3963 3631  -0.74288784 2
5568 3963 3631  -2.26164541 2
5569 3316 4403  3.53916112 2
5570 3316 4403  2.72232083 2
5571 3432 3584  1.95922900 2
5572 3432 3584  2.57608021 1
5573 4223 4156  4.82532843 2
5574 4223 4156  1.22664699 1
5575 4172 3370  8.71291113 2
5576 4172 3370  6.44478046 2
5577 4621 4818  6.97861451 2
5578 4621 4818  1.91926458 1
5579 3669 3336  7.98556203 2
5580 3669 3336  1.16484834 2
5581 3363 4895  4.05250218 1
5582 3363 4895  3.78126999 2
5583 4741 3521  3.72548682 1
5584 4741 3521  -0.11384011 2
5585 3399 4357  10.28099007 2
5586 3399 4357  10.30579458 2
5587 4905 3903  -1.45758454 2
5588 4905 3903  -1.79011249 2
5589 4623 3259  1.25403089 2
5590 4623 3259  7.28508786 2
5591 3669 3994  9.01738555 1
5592 3669 3994  7.20499865 2
5593 3194 3564  2.75981682 2
5594 3194 3564  0.82493409 1
5595 4366 4404  -2.39110630 2
5596 4366 4404  -8.68015529 2
5597 4412 3516  0.56412341 1
5598 4412 3516  4.31912273 2
5599 4446 3109  5.81728398 2
5600 4446 3109  3.57443351 2
5601 4095 4764  7.30203811 1
5602 4095 4764  8.01592700 1
5603 4279 3222  -4.71924832 1
5604 4279 3222  -2.07122119 1
5605 4903 4362  9.65646301 2
5606 4903 4362  9.13073431 1
5607 4621 4716  9.12987575 1
5608 4621 4716  8.40835315 2
5609 3777 5010  9.04990351 2
5610 3777 5010  10.24391649 1
5611 4617 4421  0.78440067 2
5612 4617 4421  0.47093246 2
5613 4022 3473  3.51674916 2
5614 4022 3473  1.60128160 1
5615 4621 3340  9.90962694 1
5616 4621 3340  7.04379045 2
5617 5054 4946  5.36666323 1
5618 5054 4946  6.40746348 2
5619 4022 4932  -5.36982700 2
5620 4022 4932  -4.85923739 2
5621 4446 3730  9.96419333 2
5622 4446 3730  11.24491118 1
5623 4456 4667  6.51072768 2
5624 4456 4667  6.02780284 2
5625 4582 4342  3.11080742 2
5626 4582 4342  4.56311862 2
5627 3960 3889  10.07352092 2
5628 3960 3889  9.64736322 2
5629 4456 3790  7.50573034 2
5630 4456 3790  10.81577040 2
5631 4719 3831  15.23232130 1
5632 4719 3831  5.01013850 1
5633 5054 3337  7.80402528 2
5634 5054 3337  10.06692977 1
5635 3576 4482  3.61947695 2
5636 3576 4482  5.81606436 1
5637 4366 4253  -3.80499653 2
5638 4366 4253  -4.09019334 2
5639 3194 4104  11.74913859 2
5640 3194 4104  10.77145209 2
5641 4328 4638  2.35505116 2
5642 4328 4638  -1.07156240 2
5643 4095 4700  12.10882186 1
5644 4095 4700  8.74212975 2
5645 3820 3824  -1.00429804 2
5646 3820 3824  3.12186693 2
5647 3634 4755  14.28776998 1
5648 3634 4755  6.45207680 2
5649 4383 4985  10.18179822 2
5650 4383 4985  10.72352326 1
5651 3400 3554  9.33961125 2
5652 3400 3554  1.80393134 2
5653 4742 4726  8.81811642 2
5654 4742 4726  5.98894415 2
5655 3400 3645  9.47321459 2
5656 3400 3645  2.55543044 2
5657 3426 3439  3.82984618 2
5658 3426 3439  15.02335169 2
5659 4742 3307  14.42308964 2
5660 4742 3307  21.01476784 1
5661 4446 5063  10.28359105 2
5662 4446 5063  10.24234261 2
5663 5054 3758  4.27658711 1
5664 5054 3758  4.37128400 1
5665 5014 4089  -3.15843351 2
5666 5014 4089  5.64989016 1
5667 4870 4044  2.46742292 2
5668 4870 4044  11.45356019 1
5669 4905 3216  -0.32610364 2
5670 4905 3216  5.14821096 2
5671 3846 3358  13.73092112 2
5672 3846 3358  11.14527464 1
5673 4304 3808  8.37940195 2
5674 4304 3808  8.71495232 2
5675 3445 4887  4.05552602 1
5676 3445 4887  3.91661871 2
5677 4100 4813  0.28703877 2
5678 4100 4813  -3.03687925 2
5679 4621 3408  13.26661050 1
5680 4621 3408  18.97540046 1
5681 3939 4177  -6.68424788 1
5682 3939 4177  -8.60146004 2
5683 4651 4286  -1.65606998 1
5684 4651 4286  2.66816914 1
5685 4196 4346  12.10681215 2
5686 4196 4346  8.01910533 2
5687 4741 4956  4.95030819 2
5688 4741 4956  7.53235630 1
5689 4903 4791  6.71901000 2
5690 4903 4791  10.06748650 1
5691 3399 3375  3.90085889 2
5692 3399 3375  6.93393192 2
5693 5054 3465  1.67520138 1
5694 5054 3465  0.28265933 2
5695 3555 3500  6.64527660 2
5696 3555 3500  4.42314750 2
5697 4574 4261  6.59041711 1
5698 4574 4261  4.67740940 2
5699 3990 3144  1.14652075 1
5700 3990 3144  6.17440740 2
5701 3190 4165  9.27362554 2
5702 3190 4165  4.10794113 2
5703 3205 5096  11.43341001 2
5704 3205 5096  11.91406430 2
5705 4567 4585  -4.70564672 2
5706 4567 4585  -8.49329639 1
5707 4623 3926  5.66351741 2
5708 4623 3926  7.87908643 1
5709 4969 5097  4.85013545 2
5710 4969 5097  7.91039239 2
5711 4708 4032  -6.72248286 2
5712 4708 4032  -5.96414796 2
5713 3939 4613  9.79684168 2
5714 3939 4613  8.41414269 1
5715 5014 3137  4.58465815 1
5716 5014 3137  4.32517862 1
5717 4484 4821  -4.51876027 2
5718 4484 4821  -0.95644876 1
5719 3816 3403  -0.66855616 2
5720 3816 3403  -0.51120933 2
5721 4781 4649  3.17871635 2
5722 4781 4649  0.88849645 2
5723 4135 4012  4.02595897 2
5724 4135 4012  3.66093381 2
5725 3228 4982  10.83902970 2
5726 3228 4982  7.68103127 2
5727 3306 4335  12.99484609 2
5728 3306 4335  13.14472889 2
5729 4969 4881  11.48964419 1
5730 4969 4881  22.35200254 1
5731 3846 4390  5.13214123 1
5732 3846 4390  0.67317476 1
5733 4412 4783  4.06219729 2
5734 4412 4783  4.86306448 2
5735 3190 4295  0.54871121 2
5736 3190 4295  0.03132254 2
5737 3228 4123  0.79707190 1
5738 3228 4123  -0.61912338 1
5739 3194 4430  -4.65124970 2
5740 3194 4430  0.06898188 1
5741 4022 4507  5.67738819 2
5742 4022 4507  10.72875065 1
5743 3200 4636  -4.29568450 1
5744 3200 4636  -3.87120327 1
5745 3634 4158  8.83740668 2
5746 3634 4158  9.91293661 1
5747 4903 4848  8.16353890 2
5748 4903 4848  4.93116782 1
5749 3921 3497  -5.48932443 2
5750 3921 3497  -2.66645634 1
5751 4029 4736  3.77439393 2
5752 4029 4736  7.93529138 1
5753 3963 4655  -5.39069827 2
5754 3963 4655  -0.34567653 1
5755 4574 4472  2.88405853 2
5756 4574 4472  3.44471063 2
5757 3570 3114  3.90192068 1
5758 3570 3114  6.50530151 2
5759 3565 4060  -4.61012092 2
5760 3565 4060  -1.97559034 2
5761 4196 3295  13.27483057 2
5762 4196 3295  8.50081522 1
5763 3846 3729  2.53550621 2
5764 3846 3729  0.93266757 2
5765 3445 4240  0.36423121 2
5766 3445 4240  4.73110110 2
5767 4617 3602  -1.45041625 2
5768 4617 3602  0.11980529 1
5769 3669 3769  13.59747561 2
5770 3669 3769  13.50231724 2
5771 3190 4773  0.35619730 2
5772 3190 4773  -7.28688889 2
5773 3820 4543  -1.44103423 2
5774 3820 4543  -4.95814795 1
5775 3658 4860  9.58769148 2
5776 3658 4860  6.28718854 1
5777 3363 4491  9.10764684 1
5778 3363 4491  11.47827708 2
5779 4039 3488  24.96698818 1
5780 4039 3488  10.82579398 1
5781 4446 3743  9.64957127 2
5782 4446 3743  16.74946906 2
5783 3533 4686  7.89768212 2
5784 3533 4686  6.10525584 2
5785 4719 4521  6.47419906 2
5786 4719 4521  5.73693182 2
5787 4304 4454  9.17669451 2
5788 4304 4454  16.08647160 2
5789 3669 3856  -0.97491799 2
5790 3669 3856  -3.46076141 2
5791 4957 3951  8.42297898 1
5792 4957 3951  3.50521636 2
5793 3316 4533  -0.66664399 2
5794 3316 4533  -3.00458971 2
5795 4164 3667  -9.63606407 1
5796 4164 3667  -13.49655977 2
5797 3363 4993  21.22006419 1
5798 3363 4993  12.08636866 2
5799 3194 4737  6.73584962 1
5800 3194 4737  10.92083976 1
5801 4484 3300  0.80198809 2
5802 4484 3300  -2.65494725 2
5803 4279 4254  4.84145622 2
5804 4279 4254  2.22309652 1
5805 4484 3413  0.78565603 2
5806 4484 3413  4.72536095 1
5807 3426 4424  13.29778762 2
5808 3426 4424  12.55230314 2
5809 4957 4576  4.67815343 2
5810 4957 4576  -0.64142460 2
5811 4039 3642  8.64765311 2
5812 4039 3642  6.52049679 2
5813 4328 4465  3.02851046 1
5814 4328 4465  1.78819443 2
5815 3565 4930  -1.74256640 1
5816 3565 4930  -5.71546180 2
5817 4022 4282  5.75417359 1
5818 4022 4282  1.43878178 1
5819 4481 4010  5.41523793 2
5820 4481 4010  7.41553964 2
5821 4197 5055  -4.83889999 2
5822 4197 5055  5.33583122 1
5823 4279 3147  -0.46846804 2
5824 4279 3147  3.97092441 2
5825 4582 3716  6.61024483 2
5826 4582 3716  10.19098870 2
5827 3205 4395  1.38330937 2
5828 3205 4395  1.08604400 2
5829 4574 4724  3.46014118 2
5830 4574 4724  5.22287160 2
5831 3959 3686  10.45076308 2
5832 3959 3686  15.08670863 2
5833 4481 4763  3.14381951 2
5834 4481 4763  0.47597223 2
5835 3658 4532  1.59716651 2
5836 3658 4532  3.72286019 2
5837 3194 3348  6.90182794 2
5838 3194 3348  3.89425650 2
5839 3190 4025  7.64847236 1
5840 3190 4025  3.38575479 2
5841 3184 3342  -5.45895544 1
5842 3184 3342  -2.08800576 2
5843 3816 4449  0.77768922 2
5844 3816 4449  -0.72114682 2
5845 5005 4213  11.91931677 2
5846 5005 4213  9.69545997 1
5847 4567 3616  5.25703214 2
5848 4567 3616  3.10006848 1
5849 4661 3449  -1.97771762 2
5850 4661 3449  -4.45701559 2
5851 4481 3451  3.94344004 1
5852 4481 3451  2.22514592 2
5853 3705 5017  5.69882161 1
5854 3705 5017  2.22942042 1
5855 3927 4584  8.64605628 1
5856 3927 4584  4.94794431 2
5857 5018 4237  4.47499313 2
5858 5018 4237  6.43986757 2
5859 3658 3159  -5.39157911 2
5860 3658 3159  -1.64135470 1
5861 4661 4316  -7.28123578 2
5862 4661 4316  -7.38092724 1
5863 4651 3821  3.69180600 1
5864 4651 3821  2.85826685 2
5865 3184 3433  -11.93446773 2
5866 3184 3433  -9.27248404 2
5867 3959 3935  2.13764757 1
5868 3959 3935  -2.12113781 2
5869 4383 4665  2.31289146 2
5870 4383 4665  8.63368844 2
5871 3400 3133  0.51207069 2
5872 3400 3133  1.07457881 2
5873 4039 4910  10.51713803 1
5874 4039 4910  8.01653925 1
5875 4039 5078  -4.00101709 2
5876 4039 5078  3.15481556 2
5877 3927 3418  -2.59663448 2
5878 3927 3418  5.46743545 2
5879 4383 4853  10.51258168 2
5880 4383 4853  15.45724384 2
5881 4822 4450  5.02866920 1
5882 4822 4450  5.63107426 1
5883 3445 3328  -1.53914615 2
5884 3445 3328  -1.73815535 2
5885 4456 4872  9.72732663 2
5886 4456 4872  8.46254591 1
5887 3316 5056  5.74236177 2
5888 3316 5056  4.58057909 2
5889 4022 3587  7.97549326 2
5890 4022 3587  8.53668039 1
5891 4661 3931  -5.26578984 2
5892 4661 3931  -6.35679206 2
5893 5054 3112  6.52490646 2
5894 5054 3112  6.17065173 1
5895 3669 5051  6.59684346 2
5896 3669 5051  5.72668255 2
5897 4456 3884  5.10673485 2
5898 4456 3884  4.95569331 2
5899 4870 3552  8.64553556 2
5900 4870 3552  8.27928669 2
5901 5066 3944  -0.03278189 1
5902 5066 3944  -1.30774671 2
5903 3306 4088  -5.43589095 2
5904 3306 4088  -6.15325981 2
5905 4147 4551  2.75238123 2
5906 4147 4551  5.68628362 2
5907 4742 3749  12.40199970 2
5908 4742 3749  12.84926063 2
5909 4039 4759  7.23652593 1
5910 4039 4759  7.96184869 2
5911 4029 4998  2.70726153 2
5912 4029 4998  3.53465153 2
5913 5035 4921  1.31915691 2
5914 5035 4921  3.07245827 2
5915 4661 4987  -3.83807561 2
5916 4661 4987  -2.99864497 2
5917 3252 4589  10.46683905 2
5918 3252 4589  7.52493496 2
5919 4822 3189  5.16351655 2
5920 4822 3189  3.02734879 1
5921 3960 3355  6.02310940 2
5922 3960 3355  1.94733383 2
5923 4621 3782  8.63346864 2
5924 4621 3782  8.00266667 1
5925 4275 4296  -1.88738259 1
5926 4275 4296  5.18018424 1
5927 4473 3249  8.25726756 2
5928 4473 3249  9.90775952 2
5929 3777 4591  3.88820471 1
5930 3777 4591  6.27460703 2
5931 4661 3102  -4.46155047 2
5932 4661 3102  -8.40072394 1
5933 4328 4729  0.79814063 2
5934 4328 4729  8.27530887 2
5935 3565 4897  2.09031283 1
5936 3565 4897  3.37188239 2
5937 3555 4751  -2.44417523 2
5938 3555 4751  -1.32174069 1
5939 4481 4597  5.35679702 2
5940 4481 4597  10.80444369 1
5941 5035 3471  4.88672142 2
5942 5035 3471  2.49483284 2
5943 4623 3592  3.77051549 1
5944 4623 3592  5.70474210 2
5945 4056 4413  4.90134505 2
5946 4056 4413  10.70003726 2
5947 4708 4492  7.25315225 2
5948 4708 4492  7.46982083 1
5949 4135 4382  4.10956457 1
5950 4135 4382  3.44832813 2
5951 3400 4470  6.63480838 2
5952 3400 4470  9.52217545 1
5953 4742 4425  7.72381585 1
5954 4742 4425  6.92694057 2
5955 4870 5081  2.16930781 1
5956 4870 5081  0.13563273 2
5957 3228 3302  -3.16409370 2
5958 3228 3302  -4.73425728 2
5959 3658 4840  -2.37732087 2
5960 3658 4840  -1.73985410 2
5961 4742 4978  8.11326358 2
5962 4742 4978  11.02881359 1
5963 3990 3548  4.65054407 2
5964 3990 3548  2.26945025 1
5965 4484 4313  -3.88771655 2
5966 4484 4313  -5.05719787 2
5967 3555 4466  3.67296087 2
5968 3555 4466  -2.12550409 1
5969 3190 3623  2.24395236 2
5970 3190 3623  4.27862517 1
5971 4304 4568  12.45294809 1
5972 4304 4568  11.09448056 2
5973 3911 4516  -0.52393239 2
5974 3911 4516  5.10735628 2
5975 3194 3104  11.04291027 1
5976 3194 3104  9.42152139 2
5977 3533 4941  2.04002062 1
5978 3533 4941  2.71294808 2
5979 3960 4599  5.60896195 2
5980 3960 4599  8.84612662 2
5981 4135 3702  6.99550776 2
5982 4135 3702  10.07730209 2
5983 3939 3854  1.04493883 2
5984 3939 3854  -2.81505826 2
5985 4275 4923  10.12221612 1
5986 4275 4923  10.53204872 2
5987 5014 4900  11.68468542 2
5988 5014 4900  5.34471063 2
5989 4164 4854  -2.94502490 2
5990 4164 4854  -5.71098941 2
5991 4275 3799  3.81351048 2
5992 4275 3799  6.18503439 1
5993 4095 3919  11.30469574 2
5994 4095 3919  11.25838562 1
5995 4412 4487  7.53239792 2
5996 4412 4487  4.93517208 1
5997 4481 4615  1.36094249 2
5998 4481 4615  -1.69355320 2
5999 4554 4712  3.85555060 2
6000 4554 4712  -3.24530112 1
6001 3426 5057  3.20573634 1
6002 3426 5057  -1.59077996 1
6003 3816 4408  2.73362416 2
6004 3816 4408  -0.42355819 2
6005 3596 4124  7.40728506 2
6006 3596 4124  9.86315724 2
6007 4623 3971  9.23878740 2
6008 4623 3971  5.73810977 2
6009 3306 5060  14.53992408 1
6010 3306 5060  9.99399762 2
6011 3634 4795  6.50797334 2
6012 3634 4795  14.55606109 2
6013 4147 3800  9.69944892 2
6014 4147 3800  8.80148067 2
6015 4903 5009  -1.57792583 2
6016 4903 5009  2.63948456 1
6017 4172 4540  0.47110737 2
6018 4172 4540  -0.59181446 2
6019 4029 3177  7.31995390 2
6020 4029 3177  6.12613392 2
6021 3184 3197  -3.59475594 2
6022 3184 3197  -4.60240376 2
6023 4567 4459  11.93193844 2
6024 4567 4459  17.80077918 2
6025 3432 3619  3.38972003 2
6026 3432 3619  3.36166036 2
6027 4870 4208  4.17252072 2
6028 4870 4208  2.17717865 2
6029 5005 3834  6.17855477 1
6030 5005 3834  8.05763593 2
6031 4275 3395  8.30740653 2
6032 4275 3395  8.05450360 2
6033 5005 4571  -1.20523561 1
6034 5005 4571  5.39756659 2
6035 3698 4447  4.33606819 2
6036 3698 4447  7.99523480 2
6037 4852 4629  6.03244067 2
6038 4852 4629  2.46981759 1
6039 4554 3392  5.80795446 2
6040 4554 3392  -4.55334059 2
6041 4842 3735  6.99760677 2
6042 4842 3735  4.43059515 2
6043 5014 3378  7.05939221 2
6044 5014 3378  8.58873173 1
6045 3705 4080  5.66174866 1
6046 3705 4080  2.46170590 2
6047 3596 4381  9.09000820 2
6048 3596 4381  10.42196359 2
6049 4328 5077  -0.83900198 2
6050 4328 5077  0.92553729 1
6051 3793 3703  -12.15937016 2
6052 3793 3703  -1.92549993 2
6053 3533 3674  4.00510724 1
6054 3533 3674  4.36586876 2
6055 3866 4771  0.98186718 1
6056 3866 4771  3.54373864 1
6057 4742 4824  11.34640143 2
6058 4742 4824  13.80058220 2
6059 3846 4644  4.32374634 2
6060 3846 4644  7.25106045 2
6061 4742 4163  8.76923129 2
6062 4742 4163  15.70375701 2
6063 3190 3757  2.17989821 2
6064 3190 3757  0.03740183 1
6065 3669 4372  14.58773735 1
6066 3669 4372  7.39277891 1
6067 3205 5062  6.98616334 2
6068 3205 5062  4.34646657 2
6069 4567 3851  9.24053380 1
6070 4567 3851  10.47939964 2
6071 4446 3405  7.67856457 1
6072 4446 3405  7.47588090 2
6073 4582 3332  2.28079970 1
6074 4582 3332  4.46681750 1
6075 4473 4514  3.09630311 2
6076 4473 4514  1.76470744 2
6077 3793 4603  -1.85433565 2
6078 3793 4603  6.51750543 2
6079 4781 4995  -1.34016511 2
6080 4781 4995  -1.42959386 2
6081 3621 3325  -1.08049409 1
6082 3621 3325  -2.32651145 2
6083 4742 4201  16.59663649 1
6084 4742 4201  13.48409112 1
6085 4558 4391  -0.18051663 2
6086 4558 4391  -1.71550417 2
6087 4100 3181  -1.62575770 1
6088 4100 3181  -3.17827444 2
6089 3777 4725  2.67124506 2
6090 3777 4725  -6.35022760 2
6091 5035 4343  2.25421839 2
6092 5035 4343  7.38758639 2
6093 3927 4918  6.10632811 2
6094 3927 4918  5.29945259 2
6095 3432 4185  0.34357538 2
6096 3432 4185  -2.48935990 2
6097 4029 3677  3.28276547 2
6098 4029 3677  -0.54202175 2
6099 3658 3646  6.91986173 1
6100 3658 3646  10.77386388 1
6101 4481 3463  5.60110176 2
6102 4481 3463  6.67240564 2
6103 4708 4883  0.00578284 2
6104 4708 4883  2.64534858 1
6105 3846 3210  0.64876118 2
6106 3846 3210  -6.10183046 2
6107 4456 4031  5.53265761 2
6108 4456 4031  3.84072212 2
6109 4456 4974  5.34326285 2
6110 4456 4974  3.70485992 1
6111 4197 4278  -0.41630521 2
6112 4197 4278  -0.48294334 2
6113 3777 3953  13.49059090 2
6114 3777 3953  7.12582456 1
6115 4741 3661  5.81217286 2
6116 4741 3661  9.95633724 2
6117 3252 3934  5.36250838 2
6118 3252 3934  8.39923895 1
6119 4651 4394  0.94743675 1
6120 4651 4394  -6.75420325 2
6121 3658 4118  0.59229247 1
6122 3658 4118  -0.38947785 2
6123 4484 3984  0.28728681 2
6124 4484 3984  1.18609523 2
6125 4279 4187  -0.19558025 1
6126 4279 4187  0.90096833 2
6127 4164 3817  -1.86002146 2
6128 4164 3817  -3.93477452 2
6129 4056 3243  7.52951624 1
6130 4056 3243  8.80435876 2
6131 3228 4559  -3.55704972 2
6132 3228 4559  2.88747635 2
6133 4623 4522  8.27262585 2
6134 4623 4522  12.06190592 2
6135 3698 4127  4.20335260 1
6136 3698 4127  -1.07085678 2
6137 3279 4694  -1.21278439 1
6138 3279 4694  -5.06615306 1
6139 3533 3724  7.05438674 2
6140 3533 3724  9.36727836 2
6141 5054 4588  8.63509582 1
6142 5054 4588  8.43901697 2
6143 4719 3256  2.27654345 2
6144 4719 3256  7.43404748 2
6145 4223 3639  0.43111126 2
6146 4223 3639  -0.65172398 1
6147 4973 4307  0.77912931 2
6148 4973 4307  2.22967904 1
6149 3399 3575  10.57688607 2
6150 3399 3575  7.82297805 1
6151 3533 5039  4.92044380 2
6152 3533 5039  3.38754864 2
6153 4661 3869  2.23511419 2
6154 4661 3869  3.51192454 1
6155 4039 3611  5.64163837 2
6156 4039 3611  6.36024626 2
6157 4708 4769  0.43100363 1
6158 4708 4769  -0.84161440 2
6159 3621 3665  8.85400239 2
6160 3621 3665  3.35679801 2
6161 3846 3794  -5.53591930 2
6162 3846 3794  5.33393429 2
6163 3432 4520  -2.36163176 2
6164 3432 4520  1.07095645 1
6165 3939 4989  2.51761209 2
6166 3939 4989  3.59987420 2
6167 4383 4851  10.56171181 2
6168 4383 4851  13.04780512 1
6169 4164 4214  1.46748967 2
6170 4164 4214  0.74133212 2
6171 3252 3928  10.35539408 2
6172 3252 3928  7.05272958 1
6173 4029 5022  3.64917562 2
6174 4029 5022  -4.08979711 2
6175 3866 4641  -2.63137742 2
6176 3866 4641  -1.87932529 1
6177 3866 4150  1.73990129 2
6178 3866 4150  8.42983631 2
6179 4617 3479  3.14742090 2
6180 4617 3479  0.47115422 2
6181 3205 3945  6.31017139 2
6182 3205 3945  6.86022186 2
6183 4558 4710  0.39707653 2
6184 4558 4710  4.98569015 2
6185 3555 4678  -1.26132299 2
6186 3555 4678  -0.71186478 2
6187 3228 4414  6.83609349 2
6188 3228 4414  7.91740009 2
6189 4383 3545  11.39649436 2
6190 4383 3545  9.33293398 2
6191 3959 4247  3.68544538 1
6192 3959 4247  5.33371447 2
6193 3621 4850  -8.26017024 2
6194 3621 4850  -0.87979096 1
6195 3960 4635  10.59642903 2
6196 3960 4635  10.64134488 2
6197 4822 4398  5.83913494 2
6198 4822 4398  1.78116845 2
6199 3230 4825  7.86884358 2
6200 3230 4825  5.10355194 1
6201 4412 4126  3.17527234 2
6202 4412 4126  2.24040562 2
6203 3793 3752  -1.70695380 1
6204 3793 3752  -2.69649886 2
6205 3363 3563  12.39271144 2
6206 3363 3563  14.41233244 2
6207 3820 3918  0.27226231 2
6208 3820 3918  -1.31998082 2
6209 4412 3119  2.82408969 1
6210 4412 3119  2.61490254 1
6211 5054 3233  6.58650934 2
6212 5054 3233  10.94426867 1
6213 3816 4820  5.56868935 2
6214 3816 4820  4.04686825 1
6215 4279 4572  -0.19376428 1
6216 4279 4572  6.94342441 1
6217 5005 3707  4.72775825 2
6218 5005 3707  6.23869060 2
6219 4617 4035  -1.61637080 1
6220 4617 4035  5.19858387 2
6221 3184 3485  -3.88932293 2
6222 3184 3485  1.15235398 2
6223 4456 3871  0.31633322 1
6224 4456 3871  3.19161643 2
6225 3522 3423  -3.40051574 2
6226 3522 3423  0.72773713 2
6227 4822 4461  -0.63524467 2
6228 4822 4461  -3.10230930 1
6229 4383 4119  14.33303781 2
6230 4383 4119  16.30466492 2
6231 4029 4263  6.83436783 2
6232 4029 4263  4.29392325 1
6233 3658 3741  -9.85370960 2
6234 3658 3741  -6.32194839 1
6235 4905 3952  3.12060856 1
6236 4905 3952  -2.06815910 2
6237 4708 4800  3.61410874 1
6238 4708 4800  5.88432300 2
6239 3194 3938  -5.66707700 2
6240 3194 3938  1.00975617 2
6241 4661 4765  -2.69258465 2
6242 4661 4765  0.12195169 2
6243 3939 4340  4.47541181 2
6244 3939 4340  2.39510304 2
6245 3533 4442  8.17700298 2
6246 3533 4442  7.72655126 2
6247 3596 3186  3.64018586 2
6248 3596 3186  3.73085366 2
6249 4842 4287  -2.12599211 1
6250 4842 4287  4.96281963 2
6251 3621 4351  -1.26210969 2
6252 3621 4351  -0.65876613 1
6253 3445 3520  5.71478534 2
6254 3445 3520  5.87849004 2
6255 3793 3572  7.50902807 1
6256 3793 3572  6.38622776 2
6257 4651 3292  3.84793653 1
6258 4651 3292  3.65414409 2
6259 3621 3751  -6.09753796 1
6260 3621 3751  -7.33148133 2
6261 3252 3967  5.21049695 2
6262 3252 3967  8.16184530 2
6263 4742 3998  10.97295824 1
6264 4742 3998  9.77294419 2
6265 4164 4988  -5.44113988 2
6266 4164 4988  -7.82959525 2
6267 5054 3179  -3.84037873 2
6268 5054 3179  -6.61653476 2
6269 3399 3773  6.81985880 1
6270 3399 3773  6.51439720 2
6271 3279 3188  -7.12359626 1
6272 3279 3188  -8.93022021 2
6273 4275 3678  5.54509746 2
6274 4275 3678  12.08254305 2
6275 5005 4271  5.61848552 2
6276 5005 4271  -0.26346494 2
6277 3820 3503  6.01459361 2
6278 3820 3503  1.14765897 2
6279 3565 3218  4.72589626 2
6280 3565 3218  7.90836993 2
6281 4554 3276  4.17317255 2
6282 4554 3276  -0.16741443 2
6283 3705 4003  -0.59915664 2
6284 3705 4003  -0.39205940 1
6285 3522 5065  0.09683859 2
6286 3522 5065  5.09901966 2
6287 4223 3468  1.57831511 2
6288 4223 3468  -3.68583749 2
6289 3705 4471  0.79613037 2
6290 3705 4471  3.86990369 1
6291 4304 4021  11.43000883 1
6292 4304 4021  13.29607804 2
6293 4164 4922  -4.93448003 2
6294 4164 4922  1.04527744 2
6295 4719 4788  -3.32191027 2
6296 4719 4788  -3.02814929 2
6297 4621 3701  6.09642897 2
6298 4621 3701  10.27477399 2
6299 4100 3925  1.35775120 2
6300 4100 3925  2.73278926 2
6301 3939 3278  1.26264949 2
6302 3939 3278  2.94624736 2
6303 3990 4929  1.31400821 2
6304 3990 4929  5.99563226 2
6305 4651 4625  0.08260109 2
6306 4651 4625  -2.96892176 2
6307 3555 3397  0.45867172 2
6308 3555 3397  -0.28107996 2
6309 4095 4673  9.42931468 1
6310 4095 4673  4.49192352 2
6311 3793 4019  -7.16660468 1
6312 3793 4019  -4.20492673 2
6313 3820 3547  8.90056364 2
6314 3820 3547  3.21844879 2
6315 4275 4112  0.07227284 2
6316 4275 4112  3.75342574 2
6317 3866 4896  4.64905140 2
6318 3866 4896  2.69101380 2
6319 4905 4815  5.13695956 1
6320 4905 4815  -0.23367817 1
6321 3533 4804  10.31742404 2
6322 3533 4804  8.68743794 2
6323 4412 3917  -5.57953362 2
6324 4412 3917  -0.94479511 2
6325 3669 3813  10.22600614 2
6326 3669 3813  11.79631915 2
6327 3698 4188  -0.99647807 2
6328 3698 4188  -1.11635192 2
6329 4100 4528  0.54334129 2
6330 4100 4528  -0.69704034 2
6331 4484 4204  -0.03252734 2
6332 4484 4204  0.61318337 2
6333 3184 4967  -13.32762469 2
6334 3184 4967  -13.15462702 2
6335 3363 4868  9.19633221 1
6336 3363 4868  13.91262810 2
6337 4029 3487  11.24200748 2
6338 4029 3487  11.47326898 2
6339 4852 4015  1.42734419 1
6340 4852 4015  7.74043157 1
6341 5035 4422  -5.86419265 1
6342 5035 4422  -5.84869731 2
6343 4344 3956  8.70044951 1
6344 4344 3956  7.68840379 2
6345 3363 3924  8.28306460 2
6346 3363 3924  2.83350354 2
6347 3634 4267  8.38138420 1
6348 3634 4267  2.52881730 2
6349 3228 4859  8.07018893 2
6350 3228 4859  7.46652479 2
6351 3621 3722  -1.39528921 2
6352 3621 3722  -6.46855676 2
6353 4842 4803  3.38664279 2
6354 4842 4803  10.69876026 1
6355 3230 3969  -1.76281682 2
6356 3230 3969  -3.97729007 2
6357 4304 4954  12.77350828 2
6358 4304 4954  9.42474587 2
6359 3911 3333  2.29729998 2
6360 3911 3333  1.36288303 2
6361 5014 4241  2.16010625 2
6362 5014 4241  2.34300382 2
6363 4172 4169  8.04227931 2
6364 4172 4169  8.66400321 1
6365 3963 4979  8.60830126 2
6366 3963 4979  4.60924790 2
6367 3316 4740  -1.34406711 2
6368 3316 4740  5.35380985 2
6369 4039 4194  1.80619863 1
6370 4039 4194  0.36266556 2
6371 3658 3219  11.41759512 2
6372 3658 3219  -2.01505691 2
6373 4957 5084  4.17588471 1
6374 4957 5084  -2.75606724 2
6375 4456 4138  7.43608835 2
6376 4456 4138  4.83304576 2
6377 3634 4772  -1.52142390 2
6378 3634 4772  -3.30674029 2
6379 4172 3377  5.99454073 2
6380 4172 3377  3.96347168 1
6381 3921 3493  3.34193673 2
6382 3921 3493  5.36491545 2
6383 4719 4078  -0.42333112 1
6384 4719 4078  -4.22854526 2
6385 4056 3996  3.62739784 2
6386 4056 3996  -2.29256864 2
6387 3793 3845  3.02773327 2
6388 3793 3845  0.36942086 2
6389 3363 3886  8.04655333 1
6390 3363 3886  8.19242444 2
6391 3846 3132  3.54696324 2
6392 3846 3132  2.03490998 2
6393 4275 3409  5.76069298 2
6394 4275 3409  4.26241554 1
6395 4446 3373  8.21458724 2
6396 4446 3373  8.37626743 2
6397 4973 4875  -7.52950289 2
6398 4973 4875  -4.50649324 2
6399 3432 4219  -0.01424645 2
6400 3432 4219  7.26389441 2
6401 4135 4154  6.43535935 2
6402 4135 4154  9.48690334 2
6403 4905 3760  4.17294733 2
6404 4905 3760  3.94011171 2
6405 4973 3962  8.56445968 1
6406 4973 3962  6.54403630 1
6407 4344 3297  10.95359101 2
6408 4344 3297  10.57541372 2
6409 3565 5038  -3.96492751 2
6410 3565 5038  -4.76144744 2
6411 4903 4299  3.66629962 2
6412 4903 4299  1.45266936 1
6413 4574 3322  1.16302589 1
6414 4574 3322  1.44011451 2
6415 4969 4801  0.46936358 2
6416 4969 4801  4.96773076 2
6417 4719 4108  0.49955316 2
6418 4719 4108  -3.43410087 1
6419 3921 4009  3.97728154 2
6420 3921 4009  7.38246643 2
6421 3190 3841  1.77530813 2
6422 3190 3841  0.44923807 2
6423 3705 3973  0.04317254 2
6424 3705 3973  -5.05652062 2
6425 4842 3872  3.62996582 2
6426 4842 3872  6.19624676 2
6427 3522 4226  -0.89458557 1
6428 3522 4226  -5.63885092 2
6429 3658 4920  -0.23729803 2
6430 3658 4920  2.60726281 1
6431 4623 3456  5.21523294 2
6432 4623 3456  8.87938292 1
6433 3959 4143  10.46720605 2
6434 3959 4143  10.87159213 1
6435 5018 3199  8.08803463 2
6436 5018 3199  3.15640255 2
6437 4621 4595  8.80736150 2
6438 4621 4595  7.22651242 2
6439 4905 3454  -4.15398259 1
6440 4905 3454  -1.71089279 2
6441 5066 4264  8.16403616 2
6442 5066 4264  10.70804460 1
6443 4095 5095  14.85784085 1
6444 4095 5095  15.02724929 2
6445 3445 3490  2.14287089 2
6446 3445 3490  3.89457891 2
6447 4969 4928  1.98556541 2
6448 4969 4928  5.24047646 2
6449 3990 5098  8.99913495 2
6450 3990 5098  4.77349134 2
6451 3316 3390  4.07826332 2
6452 3316 3390  6.56345076 2
6453 3820 4132  -0.94456346 2
6454 3820 4132  1.14991460 2
6455 3939 3239  3.50177158 2
6456 3939 3239  0.35681031 2
6457 3445 3922  6.95326334 2
6458 3445 3922  5.10342780 2
6459 3306 3894  11.71798465 2
6460 3306 3894  16.45937630 1
6461 4304 3604  10.96060529 1
6462 4304 3604  10.72897939 2
6463 4719 3798  -2.95289636 2
6464 4719 3798  -7.67037600 2
6465 3777 3695  11.02541403 2
6466 3777 3695  10.03320401 2
6467 5014 4926  7.15557467 2
6468 5014 4926  6.44571441 2
6469 5005 3603  0.31845220 1
6470 5005 3603  5.81096691 2
6471 3911 5075  3.79137037 1
6472 3911 5075  5.61577111 1
6473 4870 3974  0.98325543 2
6474 4870 3974  2.53193397 1
6475 3316 4509  -0.00329396 2
6476 3316 4509  1.25308633 2
6477 3522 3805  0.69207407 2
6478 3522 3805  -1.94464263 2
6479 4344 3404  1.22891615 2
6480 4344 3404  1.96736783 1
6481 3570 4184  17.06857612 2
6482 3570 4184  24.12014837 2
6483 3596 4546  6.80329862 1
6484 3596 4546  8.26528174 1
6485 4973 4042  3.77779696 2
6486 4973 4042  0.45978809 2
6487 3621 4130  1.40261150 1
6488 3621 4130  -0.30033103 2
6489 4661 4195  -0.11207347 2
6490 4661 4195  1.83494887 2
6491 3230 5041  -11.14435626 2
6492 3230 5041  -12.47011092 2
6493 3184 3714  -10.41571364 2
6494 3184 3714  -10.79514699 1
6495 4842 3512  6.95950010 2
6496 4842 3512  8.94031687 2
6497 4022 3136  2.07321478 2
6498 4022 3136  6.82537194 1
6499 4197 4806  4.26982933 2
6500 4197 4806  4.59089163 2
6501 3959 4309  21.23761293 2
6502 3959 4309  16.74100298 1
6503 3596 3809  12.08183017 2
6504 3596 3809  9.41265270 2
6505 3184 4550  0.74777091 2
6506 3184 4550  -4.71776110 2
6507 4741 4731  6.63769803 2
6508 4741 4731  3.90237125 1
6509 3576 3462  2.61455004 2
6510 3576 3462  13.20732649 1
6511 4029 4817  -2.40744907 1
6512 4029 4817  4.74720598 2
6513 4484 3942  -4.74544319 2
6514 4484 3942  0.07323678 2
6515 3963 3833  -1.88015143 1
6516 3963 3833  3.04084846 2
6517 3866 5006  6.27984366 2
6518 3866 5006  11.58941519 2
6519 3565 3326  -4.35591775 1
6520 3565 3326  -4.27638919 2
6521 4781 4873  -1.67478998 2
6522 4781 4873  -1.00906104 1
6523 4574 3795  -0.45152548 2
6524 4574 3795  6.79273379 2
6525 5005 4758  3.14185904 1
6526 5005 4758  5.03550034 1
6527 4719 4034  -1.14731434 2
6528 4719 4034  -1.69241465 2
6529 5066 4703  4.38648103 2
6530 5066 4703  2.49610428 2
6531 4567 4746  7.09331429 2
6532 4567 4746  6.55772408 2
6533 4484 3694  -1.36686732 2
6534 4484 3694  2.05131534 2
6535 4741 3612  7.97992374 2
6536 4741 3612  4.70075260 2
6537 3555 3277  2.88630931 2
6538 3555 3277  0.51891527 2
6539 4903 3543  12.84911075 2
6540 4903 3543  8.52072101 2
6541 3432 4947  2.10259458 2
6542 3432 4947  -2.86540421 1
6543 3846 4331  8.96888851 1
6544 3846 4331  8.06985906 1
6545 4969 4230  7.84379474 1
6546 4969 4230  3.81540860 2
6547 4903 3786  9.19926383 2
6548 4903 3786  14.88914082 1
6549 5066 4485  2.22869102 1
6550 5066 4485  4.46648300 2
6551 3555 3529  3.14327702 2
6552 3555 3529  -0.42594991 2
6553 4344 3850  8.27604281 1
6554 4344 3850  7.81085744 1
6555 4852 4099  8.73196783 1
6556 4852 4099  4.54824172 2
6557 3426 4358  17.56367538 1
6558 3426 4358  19.08044164 2
6559 4617 4732  9.47071600 2
6560 4617 4732  6.28434002 2
6561 4223 3195  5.62716776 2
6562 4223 3195  3.44867938 2
6563 3279 3579  -3.50187842 2
6564 3279 3579  -1.29118023 1
6565 3658 4849  4.92564313 2
6566 3658 4849  -1.42086510 2
6567 4481 4602  4.60303466 2
6568 4481 4602  9.18437974 2
6569 4095 3573  6.94096243 2
6570 4095 3573  6.80145551 2
6571 3190 4415  2.95375076 2
6572 3190 4415  -0.88273209 2
6573 4196 3352  7.22844697 2
6574 4196 3352  9.47056228 1
6575 3570 4418  5.04482818 1
6576 3570 4418  0.05476233 2
6577 4567 4647  7.43467780 1
6578 4567 4647  9.97899470 1
6579 3963 3679  3.50539137 2
6580 3963 3679  6.64783832 2
6581 3705 3647  -3.26160434 2
6582 3705 3647  -4.04278223 1
6583 3911 3893  6.90574993 2
6584 3911 3893  2.79482763 2
6585 3184 3283  2.35162930 2
6586 3184 3283  -0.67046729 2
6587 4558 3599  1.96880430 2
6588 4558 3599  -2.16213848 2
6589 3927 3122  8.00855991 2
6590 3927 3122  3.90922804 2
6591 4582 4257  -1.55917326 2
6592 4582 4257  8.87168152 2
6593 4147 4353  1.47785351 2
6594 4147 4353  1.39346404 1
6595 4558 4962  10.04877110 2
6596 4558 4962  5.35986910 2
6597 3279 3480  -7.23163600 2
6598 3279 3480  -3.53441166 2
6599 4279 3610  -0.08714067 2
6600 4279 3610  4.78341891 1
6601 4842 4360  -2.88887069 2
6602 4842 4360  -4.61702528 2
6603 4412 3158  7.14445741 1
6604 4412 3158  7.92092720 1
6605 4741 4092  4.11845802 2
6606 4741 4092  4.84344856 1
6607 3963 4260  -6.31390171 2
6608 3963 4260  -7.03338450 2
6609 4484 4133  3.15674546 2
6610 4484 4133  -3.07457311 2
6611 4135 4096  1.79155232 2
6612 4135 4096  5.46097630 2
6613 4742 3627  12.77535492 2
6614 4742 3627  10.68505786 1
6615 3866 4489  6.47089598 2
6616 3866 4489  8.22434575 2
6617 4582 4416  -0.83803272 2
6618 4582 4416  -1.47354657 2
6619 3306 4627  12.80076219 2
6620 3306 4627  11.96270854 2
6621 3200 3754  -0.72292368 2
6622 3200 3754  -1.07753813 2
6623 4056 3583  5.96585924 1
6624 4056 3583  6.78245767 1
6625 3570 3172  4.14107620 2
6626 3570 3172  6.67993741 1
6627 5054 3246  5.16338269 2
6628 5054 3246  3.19581960 2
6629 4056 4405  8.41241130 2
6630 4056 4405  8.89831037 2
6631 4822 3173  2.92514625 2
6632 4822 3173  -0.81902687 2
6633 4135 3954  6.80909254 2
6634 4135 3954  9.94194857 2
6635 4481 4837  4.16525040 2
6636 4481 4837  3.36504764 2
6637 4164 4778  -4.28314351 2
6638 4164 4778  -7.37774115 1
6639 3576 4306  4.22593739 2
6640 3576 4306  0.68231568 2
6641 3963 4047  0.07468549 2
6642 3963 4047  2.15943346 1
6643 3205 3511  -2.76594888 2
6644 3205 3511  -3.75302318 2
6645 4973 3864  9.50173275 2
6646 4973 3864  10.88006415 2
6647 3576 4935  -0.16765171 2
6648 3576 4935  0.27281463 2
6649 4905 4819  6.42591008 1
6650 4905 4819  12.03310766 1
6651 4617 4207  6.48143613 1
6652 4617 4207  17.64765098 2
6653 3316 3650  6.62562726 2
6654 3316 3650  6.09264113 2
6655 3230 3588  -2.27550633 2
6656 3230 3588  -4.98716306 1
6657 3990 3319  4.88949745 2
6658 3990 3319  1.43076990 1
6659 3205 4827  3.99759061 1
6660 3205 4827  -2.57758440 2
6661 3555 4552  0.69225812 1
6662 3555 4552  3.89409140 1
6663 5035 3262  3.65804984 2
6664 5035 3262  -2.91012391 2
6665 3205 4205  4.92716079 1
6666 3205 4205  3.72183917 2
6667 5066 3131  9.39132912 2
6668 5066 3131  8.06203886 2
6669 4822 3309  1.44602785 2
6670 4822 3309  1.05429887 2
6671 3921 4256  1.37210238 2
6672 3921 4256  -3.37350685 2
6673 4456 3848  0.08121701 2
6674 4456 3848  5.22825263 2
6675 4196 4924  9.54766889 1
6676 4196 4924  15.87757701 2
6677 4870 3668  7.41857098 2
6678 4870 3668  1.52053604 2
6679 3816 4217  0.66010460 1
6680 3816 4217  -1.98188539 2
6681 3634 4944  5.59317173 2
6682 3634 4944  10.14890167 2
6683 3230 4075  -1.60733923 1
6684 3230 4075  -0.24917151 2
6685 3816 4536  7.64801361 2
6686 3816 4536  12.42495971 2
6687 3816 4145  1.58835260 2
6688 3816 4145  3.33990075 2
6689 4582 4670  9.04176263 1
6690 4582 4670  6.84545459 2
6691 4473 3688  6.92823688 2
6692 4473 3688  1.83845247 1
6693 3570 4057  2.80136595 2
6694 3570 4057  3.84332650 2
6695 4344 4693  4.32727497 2
6696 4344 4693  5.90975321 2
6697 4344 4744  9.98987303 2
6698 4344 4744  10.68993575 2
6699 3445 4281  4.97319329 2
6700 3445 4281  8.66789970 1
6701 4621 4753  -0.28401852 2
6702 4621 4753  5.31649670 2
6703 4366 3442  -8.11891842 2
6704 4366 3442  -9.68717904 1
6705 3522 3498  2.73360626 2
6706 3522 3498  -2.74740608 2
6707 5018 3301  -0.26866267 2
6708 5018 3301  -0.14081558 2
6709 4567 4830  5.84184567 2
6710 4567 4830  6.20740344 2
6711 3777 4146  14.45938121 2
6712 3777 4146  14.44868664 2
6713 4147 4437  10.51675358 2
6714 4147 4437  12.38814252 1
6715 3363 4614  12.59527749 2
6716 3363 4614  9.22970535 2
6717 4196 4970  11.86119491 2
6718 4196 4970  13.24988563 2
6719 5014 4076  10.84786265 2
6720 5014 4076  19.41668276 1
6721 3921 4793  6.58552212 1
6722 3921 4793  5.70688705 1
6723 3705 4115  0.58867768 2
6724 3705 4115  1.42240051 2
6725 3316 5024  9.21714831 2
6726 3316 5024  4.24986247 1
6727 3555 3236  0.59849705 2
6728 3555 3236  5.58989731 2
6729 3634 3388  1.02736078 1
6730 3634 3388  2.46113955 2
6731 4172 4496  7.46793519 2
6732 4172 4496  5.18891279 1
6733 4852 3697  9.19413600 2
6734 4852 3697  10.50259455 1
6735 4095 3759  10.05410144 2
6736 4095 3759  9.75961325 1
6737 4275 3273  0.56684120 2
6738 4275 3273  -1.59556461 1
6739 4781 4433  1.48378683 2
6740 4781 4433  4.64119222 2
6741 3634 3736  9.10400982 1
6742 3634 3736  6.66748841 2
6743 4903 4616  4.04814077 2
6744 4903 4616  6.26123172 1
6745 4197 4212  -4.94820409 1
6746 4197 4212  -3.06586662 2
6747 4100 4624  7.84968249 2
6748 4100 4624  7.33191468 2
6749 3921 4835  -7.25067144 2
6750 3921 4835  -4.81310340 1
6751 3399 3862  8.19159953 2
6752 3399 3862  11.71946156 2
6753 4781 3718  1.74627813 2
6754 4781 3718  0.55910705 2
6755 4957 3265  18.84319015 1
6756 4957 3265  6.94624783 2
6757 5054 3420  0.09852263 2
6758 5054 3420  4.18830803 2
6759 4554 3267  11.82481227 2
6760 4554 3267  2.58613697 2
6761 4056 3992  8.31703137 2
6762 4056 3992  5.19681591 1
6763 3316 4674  3.59242023 2
6764 3316 4674  -1.61693107 2
6765 3921 3359  0.87571756 2
6766 3921 3359  -1.91588312 2
6767 4383 4199  4.88079336 2
6768 4383 4199  11.24315781 2
6769 3399 3708  9.27527732 2
6770 3399 3708  2.42886510 2
6771 3846 4939  3.97915767 2
6772 3846 4939  1.50683189 2
6773 4957 4475  4.24352034 1
6774 4957 4475  3.21162054 2
6775 3927 4265  6.13106546 1
6776 3927 4265  3.50613845 1
6777 4223 3523  -3.14482554 2
6778 4223 3523  -1.33052496 2
6779 3522 4711  2.56263196 2
6780 3522 4711  3.70894095 2
6781 4558 3970  -1.43305126 2
6782 4558 3970  -5.27816939 2
6783 3190 4334  4.94156311 2
6784 3190 4334  5.20785178 1
6785 3230 4833  -8.25684984 2
6786 3230 4833  -4.23961049 2
6787 3200 3936  1.16382692 2
6788 3200 3936  -2.63512732 2
6789 4558 4561  3.36051673 1
6790 4558 4561  6.09656070 1
6791 3279 4426  -7.45496169 2
6792 3279 4426  -5.19775809 2
6793 4870 4388  2.48353651 2
6794 4870 4388  5.72598461 1
6795 4870 3626  6.96719099 2
6796 4870 3626  6.52255114 2
6797 4039 4069  8.28984408 2
6798 4039 4069  10.24764742 1
6799 3963 5019  7.09189997 2
6800 3963 5019  4.69381222 2
6801 5035 4120  1.91376106 1
6802 5035 4120  3.90711376 2
6803 4973 4640  7.62244821 1
6804 4973 4640  5.18635535 2
6805 3228 3448  5.23441622 1
6806 3228 3448  4.40722113 2
6807 3570 4101  6.05534277 2
6808 3570 4101  5.31960405 2
6809 3990 4411  8.90203145 2
6810 3990 4411  5.17153383 1
6811 4172 4200  1.95450244 2
6812 4172 4200  6.90487544 2
6813 4344 3419  8.63486983 2
6814 4344 3419  9.26369314 1
6815 4852 3725  11.27665138 2
6816 4852 3725  8.98645050 1
6817 3205 4097  10.90694339 1
6818 3205 4097  8.20409789 2
6819 3194 4689  8.59671777 1
6820 3194 4689  15.00224224 2
6821 4100 3706  4.60419057 2
6822 4100 3706  4.73700391 2
6823 4973 3441  2.48423464 2
6824 4973 3441  5.18094404 2
6825 3866 4961  8.91859459 2
6826 3866 4961  9.52284530 1
6827 3400 4468  5.98471045 2
6828 3400 4468  5.85911871 2
6829 4100 4912  -3.48777729 2
6830 4100 4912  8.27456547 2
6831 4039 3682  8.19600986 1
6832 4039 3682  4.34014617 2
6833 3793 3248  -2.63246350 1
6834 3793 3248  -1.46603243 1
6835 3363 3985  -0.71003754 2
6836 3363 3985  2.07821732 1
6837 3939 4128  8.69393540 1
6838 3939 4128  8.98513979 2
6839 4781 4338  4.21059474 2
6840 4781 4338  3.53952832 1
6841 4029 4134  1.36338771 2
6842 4029 4134  -1.35001025 2
6843 3990 4857  11.75044595 2
6844 3990 4857  8.72677067 1
6845 4100 3383  -1.76810088 1
6846 4100 3383  -2.11060496 2
6847 4957 4266  -2.48129429 2
6848 4957 4266  0.66204368 2
6849 3200 3220  -1.58352445 2
6850 3200 3220  -5.73323156 2
6851 4651 4086  5.87989891 2
6852 4651 4086  9.12070450 2
6853 4617 4048  6.50603000 2
6854 4617 4048  7.79746429 2
6855 4741 3891  3.79235308 1
6856 4741 3891  2.23164583 1
6857 4383 4058  10.62107711 1
6858 4383 4058  13.87032976 1
6859 3960 4137  11.34883157 2
6860 3960 4137  11.45528265 2
6861 3194 4348  0.40764640 2
6862 3194 4348  6.02421872 2
6863 4957 4866  4.36880867 1
6864 4957 4866  5.96871940 2
6865 4781 4972  3.85570977 2
6866 4781 4972  5.91274970 2
6867 3959 4225  12.65050877 2
6868 3959 4225  10.44290793 2
6869 4223 4874  -7.13541740 1
6870 4223 4874  -11.42978922 2
6871 3200 4523  -4.12472307 2
6872 3200 4523  -3.14010809 1
6873 4822 4780  0.05750974 2
6874 4822 4780  -0.88988838 2
6875 4567 4052  4.10923106 2
6876 4567 4052  4.67551513 2
6877 3820 4805  4.13399127 2
6878 3820 4805  9.66772842 1
6879 4328 4440  2.58711312 2
6880 4328 4440  -2.75535595 2
6881 4957 4385  1.81453109 1
6882 4957 4385  0.69914461 2
6883 4275 4975  4.44392834 1
6884 4275 4975  -2.88389555 2
6885 4412 4236  5.91228502 2
6886 4412 4236  10.54910770 2
6887 3959 3775  8.69365071 2
6888 3959 3775  6.21918415 2
6889 3846 4607  2.86304746 2
6890 3846 4607  1.46264639 2
6891 3432 3118  7.21291947 2
6892 3432 3118  8.95401694 2
6893 4969 4577  -0.63170201 2
6894 4969 4577  -2.57096319 2
6895 3777 3920  5.99069344 1
6896 3777 3920  8.34683056 2
6897 4147 4067  10.67024969 2
6898 4147 4067  11.88711527 2
6899 3184 3296  -11.43384181 2
6900 3184 3296  -6.67039170 2
6901 4574 4525  1.77806146 2
6902 4574 4525  5.10031700 2
6903 3565 5030  -0.50797298 2
6904 3565 5030  5.25540795 2
6905 4719 4767  18.76774230 1
6906 4719 4767  10.87748965 2
6907 4621 5001  4.90884841 2
6908 4621 5001  5.12289901 2
6909 3190 4735  1.99239832 2
6910 3190 4735  2.31390656 2
6911 5035 3178  7.43808295 2
6912 5035 3178  7.53283993 1
6913 5018 4215  4.09516912 1
6914 5018 4215  7.35517655 2
6915 4822 4423  5.57385155 2
6916 4822 4423  9.19804413 1
6917 4842 4028  -2.08513622 2
6918 4842 4028  -0.33807495 1
6919 4056 3651  3.17480894 2
6920 4056 3651  4.82816091 1
6921 4366 3450  1.03212358 2
6922 4366 3450  5.31964871 2
6923 3911 3460  7.15835430 2
6924 3911 3460  -2.89082603 2
6925 4651 4210  5.56829910 1
6926 4651 4210  5.69842007 2
6927 3820 4434  10.56302195 2
6928 3820 4434  6.15155083 1
6929 3316 3865  6.18511658 2
6930 3316 3865  11.77149665 1
6931 4903 3745  15.10252088 2
6932 4903 3745  13.46834568 2
6933 3200 3711  -4.11855585 1
6934 3200 3711  -5.91284880 2
6935 4969 3585  12.24630586 2
6936 4969 3585  6.97803243 2
6937 3445 4664  6.11055208 1
6938 3445 4664  1.25493110 1
6939 4957 3527  0.64153725 2
6940 4957 3527  3.78314056 1
6941 4558 3347  6.05541135 2
6942 4558 3347  4.36593884 2
6943 4446 3411  14.25124712 2
6944 4446 3411  17.03148653 2
6945 4781 3878  9.35923345 2
6946 4781 3878  7.75136032 1
6947 4582 4863  -1.62037255 1
6948 4582 4863  -3.87673293 2
6949 4473 3789  5.26584130 2
6950 4473 3789  6.67268728 1
6951 4446 3680  10.08229752 2
6952 4446 3680  9.33796500 2
6953 3184 3320  -0.41322193 2
6954 3184 3320  -3.68925462 1
6955 3705 4448  2.07137264 2
6956 3705 4448  -0.74002353 1
6957 4135 3470  10.85785210 1
6958 4135 3470  8.86527639 2
6959 4446 4198  8.00464764 2
6960 4446 4198  5.52023727 2
6961 3816 4105  -0.32088380 2
6962 3816 4105  0.80082796 2
6963 4661 4797  3.36218942 2
6964 4661 4797  0.21197835 1
6965 3200 3715  -1.38412817 2
6966 3200 3715  0.63785271 2
6967 4852 4059  9.53238836 2
6968 4852 4059  10.14317813 2
6969 5035 3223  6.01943979 2
6970 5035 3223  9.58071944 2
6971 3565 4685  1.44695032 2
6972 3565 4685  3.80331573 2
6973 3634 3263  10.46301629 1
6974 3634 3263  9.78904773 2
6975 3533 4174  7.77118412 2
6976 3533 4174  8.01760536 2
6977 4582 4843  1.32026102 1
6978 4582 4843  -0.29602132 2
6979 4617 3772  11.04069079 2
6980 4617 3772  10.64298933 2
6981 4197 4838  -0.83647749 2
6982 4197 4838  3.62438599 2
6983 5018 4549  -1.90997443 2
6984 5018 4549  4.11533608 2
6985 4842 3829  -1.45660419 1
6986 4842 3829  -0.83606867 1
6987 3621 3608  -5.27674050 2
6988 3621 3608  -6.89501147 2
6989 3279 4024  0.99834335 2
6990 3279 4024  -0.43864926 2
6991 3426 4083  0.20333749 2
6992 3426 4083  -0.94573971 1
6993 3570 4292  2.38213583 2
6994 3570 4292  1.91235674 2
6995 4574 4125  4.90810750 2
6996 4574 4125  7.08038797 2
6997 4969 3174  5.45807065 2
6998 4969 3174  1.35596104 1
6999 3921 4420  3.11610550 1
7000 3921 4420  4.59671743 2
7001 3634 3720  10.66656707 2
7002 3634 3720  4.44717667 1
7003 3963 4748  1.80533142 2
7004 3963 4748  0.08456938 1
7005 4223 5029  -0.82873295 1
7006 4223 5029  1.25256089 2
7007 3698 4913  5.11651708 1
7008 3698 4913  3.89346076 2
7009 3426 3693  11.26730627 2
7010 3426 3693  6.23403719 2
7011 4623 3204  3.89641849 2
7012 4623 3204  2.08358760 2
7013 4022 5071  -2.85034572 2
7014 4022 5071  -0.88308049 2
7015 3399 3412  10.45720636 2
7016 3399 3412  16.65126940 1
7017 4172 4162  6.91262956 1
7018 4172 4162  14.48073227 1
7019 3400 4073  7.80067502 2
7020 3400 4073  13.39073902 2
7021 3927 3899  2.52538260 2
7022 3927 3899  6.24022436 2
7023 5066 3986  2.55878545 2
7024 5066 3986  -0.05808524 2
7025 3866 4087  -2.78036965 1
7026 3866 4087  -9.40932324 2
7027 4304 4318  11.72718204 2
7028 4304 4318  6.10093696 2
7029 4473 5090  0.11565184 2
7030 4473 5090  2.47108656 2
7031 4304 3453  13.17254403 2
7032 4304 3453  7.16595694 2
7033 3669 4149  6.55612594 2
7034 3669 4149  6.18593551 2
7035 3426 4884  7.81766581 2
7036 3426 4884  14.05372764 2
7037 4481 5068  2.24136480 2
7038 4481 5068  3.00570139 1
7039 4870 3402  10.78799924 2
7040 4870 3402  14.25819800 2
7041 3927 4458  6.22525261 2
7042 3927 4458  5.10214228 1
7043 4957 3582  2.92675995 2
7044 4957 3582  -5.05894697 2
7045 4196 4220  10.60680256 1
7046 4196 4220  9.85797563 2
7047 3621 4933  -8.39149341 2
7048 3621 4933  -6.48211462 1
7049 4412 4011  2.26032989 1
7050 4412 4011  5.50010391 2
7051 3306 3163  8.70873222 2
7052 3306 3163  12.26179668 2
7053 4223 3792  -7.50627389 2
7054 4223 3792  -6.78187338 2
7055 3793 4259  -7.31568931 2
7056 3793 4259  -5.50157438 2
7057 4100 3165  3.36650770 1
7058 4100 3165  5.23940786 2
7059 5014 3858  3.62347031 1
7060 5014 3858  6.14612907 1
7061 3596 4441  14.12200095 1
7062 3596 4441  18.81271818 2
7063 4621 4861  13.65193156 1
7064 4621 4861  8.51865148 2
7065 4574 5032  4.27356472 1
7066 4574 5032  2.40855717 2
7067 4223 4063  -1.37291968 1
7068 4223 4063  1.00229528 2
7069 4197 4170  1.64312161 1
7070 4197 4170  2.73925587 2
7071 3959 3357  7.64689622 1
7072 3959 3357  7.10032016 2
7073 4574 4785  2.87649825 1
7074 4574 4785  3.70606254 2
7075 4905 3321  -2.61679276 1
7076 4905 3321  -1.94420552 2
7077 4822 3652  1.83533177 2
7078 4822 3652  3.16897807 2
7079 3306 4971  11.49794857 2
7080 3306 4971  10.94342856 2
7081 4781 3185  3.57882935 1
7082 4781 3185  -1.30542352 2
7083 3230 3770  -7.27609844 2
7084 3230 3770  -9.05321656 2
7085 5005 4255  2.62745562 2
7086 5005 4255  2.02470501 2
7087 4617 4387  5.42077425 2
7088 4617 4387  2.53970389 2
7089 4719 3991  -5.87251383 1
7090 4719 3991  -5.03703944 2
7091 3820 4658  11.74545129 2
7092 3820 4658  8.10472982 2
7093 3363 3290  13.86124586 2
7094 3363 3290  14.45221056 2
7095 3205 4893  -3.23653163 2
7096 3205 4893  0.34744727 1
7097 4196 3217  12.84921072 2
7098 4196 3217  15.64501043 1
7099 3960 3838  6.72107795 2
7100 3960 3838  10.15955199 2
7101 6574 5876  4.65702041 1
7102 6574 5876  6.36763185 1
7103 7096 6261  -0.25542688 2
7104 7096 6261  0.52260923 2
7105 6762 6091  -1.19721152 2
7106 6762 6091  0.47599782 2
7107 5909 6376  6.26521916 1
7108 5909 6376  8.43593305 1
7109 6814 5550  -2.88724483 2
7110 6814 5550  -0.90049484 2
7111 6878 5307  11.72195147 1
7112 6878 5307  11.39204385 2
7113 5714 5263  9.43751687 1
7114 5714 5263  10.05419190 1
7115 5268 5865  0.60376796 2
7116 5268 5865  -1.60674541 2
7117 5143 5544  5.73324551 2
7118 5143 5544  5.87115002 2
7119 5672 7094  13.73913266 2
7120 5672 7094  12.76401570 2
7121 6000 7003  -3.26554361 1
7122 6000 7003  0.12122959 2
7123 5427 6277  7.09695859 1
7124 5427 6277  4.80793899 2
7125 7098 5967  8.25660018 2
7126 7098 5967  6.67302168 1
7127 6212 5146  9.10033423 2
7128 6212 5146  14.93007026 1
7129 5143 6752  15.61935704 1
7130 5143 6752  15.11873445 1
7131 6905 5671  21.00614057 2
7132 6905 5671  18.17512074 2
7133 6009 5115  5.24954915 2
7134 6009 5115  9.24640713 2
7135 6081 6892  5.23257863 1
7136 6081 6892  5.21355724 1
7137 6212 6231  7.64527122 1
7138 6212 6231  6.13914356 2
7139 5622 6155  9.78090725 1
7140 5622 6155  3.49364621 2
7141 7098 6171  11.97433854 2
7142 7098 6171  12.68093467 2
7143 5531 5820  8.67425832 2
7144 5531 5820  10.71638897 1
7145 5660 6727  4.22930287 2
7146 5660 6727  14.77490389 2
7147 5521 5722  2.37172386 2
7148 5521 5722  5.55304412 1
7149 6510 6061  16.58252533 2
7150 6510 6061  7.74014850 1
7151 5634 5360  12.00285976 1
7152 5634 5360  11.18018303 2
7153 5664 6580  7.81255605 2
7154 5664 6580  2.89370549 2
7155 7018 5838  5.00333194 2
7156 7018 5838  9.15455399 2
7157 6405 5421  4.67674856 2
7158 6405 5421  4.27732766 2
7159 6555 5514  6.67642955 2
7160 6555 5514  5.98366332 2
7161 6009 6932  17.79066235 2
7162 6009 6932  15.91251643 2
7163 6002 5637  -3.46559389 2
7164 6002 5637  -5.56173082 2
7165 6762 5915  1.10176433 1
7166 6762 5915  -0.68118130 2
7167 5299 6332  6.66297321 1
7168 5299 6332  1.91308413 2
7169 5143 5534  7.11425016 2
7170 5143 5534  6.94700011 1
7171 5143 5905  6.82230955 1
7172 5143 5905  5.95449773 2
7173 6650 6569  8.09312607 2
7174 6650 6569  10.63831865 2
7175 6354 6633  9.19675853 2
7176 6354 6633  12.34778877 2
7177 5553 5712  2.02345232 2
7178 5553 5712  1.55153128 1
7179 5121 7034  10.60245623 1
7180 5121 7034  6.05492963 1
7181 6069 5403  2.56198053 2
7182 6069 5403  5.82941688 1
7183 5663 5443  8.56196308 2
7184 5663 5443  3.90127266 2
7185 5822 6381  3.22157608 2
7186 5822 6381  3.48075780 2
7187 6803 6326  9.63173979 2
7188 6803 6326  8.82101325 1
7189 6394 6958  4.44056894 1
7190 6394 6958  9.32570585 2
7191 5909 5946  7.79226760 2
7192 5909 5946  8.35456609 2
7193 6340 6041  12.38719205 2
7194 6340 6041  5.49490281 2
7195 5129 6887  11.44408986 2
7196 5129 6887  12.60498256 2
7197 5159 5974  12.78558914 2
7198 5159 5974  11.65613038 2
7199 5465 5759  -4.17559757 2
7200 5465 5759  -7.19022283 2
7201 7098 6006  14.39541594 2
7202 7098 6006  13.29473072 2
7203 6720 6811  13.85369405 2
7204 6720 6811  10.75955665 2
7205 5779 5995  17.04004146 2
7206 5779 5995  15.90659463 1
7207 5664 6385  4.06510735 2
7208 5664 6385  9.73168833 2
7209 6405 5788  14.02271074 1
7210 6405 5788  10.69891562 2
7211 6000 5467  5.92795297 2
7212 6000 5467  2.87566084 2
7213 7016 6243  9.81643482 1
7214 7016 6243  12.54312755 2
7215 6319 6382  6.24872155 2
7216 6319 6382  7.23368981 2
7217 5690 5471  12.19467639 2
7218 5690 5471  12.09649381 2
7219 6794 5633  5.17761824 2
7220 6794 5633  6.60061101 1
7221 5839 5243  6.53188521 1
7222 5839 5243  14.48216954 2
7223 6394 7011  4.11614509 1
7224 6394 7011  5.68497687 2
7225 5839 5561  3.22040791 2
7226 5839 5561  6.74070421 2
7227 6803 6867  10.22095926 2
7228 6803 6867  8.82971508 2
7229 6744 6308  4.73133555 2
7230 6744 6308  2.22683591 2
7231 5159 5560  9.36456124 2
7232 5159 5560  9.58266956 2
7233 5299 5437  1.38890821 2
7234 5299 5437  -2.40992660 2
7235 5510 5593  5.08018007 2
7236 5510 5593  3.60106176 1
7237 5483 6139  12.65488663 2
7238 5483 6139  8.29294483 2
7239 6574 6733  9.16921117 1
7240 6574 6733  8.12434887 1
7241 6083 5552  10.60335828 1
7242 6083 5552  9.44419845 2
7243 6916 5428  3.52847464 2
7244 6916 5428  1.38329645 2
7245 5531 5354  8.93667023 1
7246 5531 5354  6.20596295 1
7247 6574 5703  11.69535683 2
7248 6574 5703  12.21695346 2
7249 5406 5338  9.10780952 2
7250 5406 5338  4.28035539 2
7251 6394 6747  4.80477166 1
7252 6394 6747  5.35740786 2
7253 7063 5453  -2.90605614 2
7254 7063 5453  2.66976595 2
7255 6502 6929  11.66352606 2
7256 6502 6929  11.44561643 1
7257 6055 6051  -12.56152290 2
7258 6055 6051  -6.78197948 2
7259 5668 6076  6.42563797 2
7260 5668 6076  6.88333842 2
7261 5555 6187  4.97561246 2
7262 5555 6187  3.51997248 2
7263 6000 6632  -3.02122768 2
7264 6000 6632  0.43015320 2
7265 5268 5216  5.21934810 2
7266 5268 5216  4.76745365 1
7267 5664 5183  -6.38953893 2
7268 5664 5183  0.58634023 1
7269 6212 5903  2.75505157 2
7270 6212 5903  2.94315257 1
7271 6340 6806  6.76843879 1
7272 6340 6806  4.31015566 2
7273 6009 5380  4.56501813 1
7274 6009 5380  5.90177539 2
7275 5299 6059  5.65571857 1
7276 5299 6059  6.34711347 1
7277 6055 5741  2.44457754 2
7278 6055 5741  2.72313534 2
7279 6460 6742  13.50133041 1
7280 6460 6742  8.95909523 2
7281 6916 5281  7.41834315 2
7282 6916 5281  1.27502274 2
7283 5800 5832  14.52659201 2
7284 5800 5832  17.57074449 2
7285 5668 6096  5.45320392 1
7286 5668 6096  4.02729429 2
7287 7016 6300  12.14734457 1
7288 7016 6300  10.74966656 2
7289 6930 6144  11.13515109 2
7290 6930 6144  8.17423604 2
7291 5268 5171  8.59678284 1
7292 5268 5171  6.16181964 1
7293 5181 6968  15.36627833 2
7294 5181 6968  18.80341596 2
7295 5909 7095  -1.62314793 2
7296 5909 7095  2.60364276 2
7297 5940 6696  5.86898491 2
7298 5940 6696  10.03756497 2
7299 7063 7036  14.54979305 2
7300 7063 7036  13.27526407 2
7301 6394 5256  7.14648840 1
7302 6394 5256  7.94696840 2
7303 5855 6641  2.47137823 2
7304 5855 6641  2.33924061 1
7305 5631 6052  7.22057254 2
7306 5631 6052  4.88505880 1
7307 5791 6082  5.67128901 1
7308 5791 6082  0.73981069 2
7309 6744 6621  2.06533684 2
7310 6744 6621  2.95047079 2
7311 5797 6501  25.93722096 2
7312 5797 6501  25.92985823 2
7313 5791 5711  -0.16037026 2
7314 5791 5711  -2.42627871 2
7315 5839 6258  4.67002550 2
7316 5839 6258  8.52312219 2
7317 5647 6879  8.30533023 1
7318 5647 6879  8.03398865 2
7319 6118 5941  5.23005437 1
7320 6118 5941  6.07567124 2
7321 6940 5424  -0.52261880 1
7322 6940 5424  0.75975240 1
7323 6212 6706  2.95872999 2
7324 6212 6706  3.70578499 1
7325 5300 5764  7.41820836 2
7326 5300 5764  10.47903069 2
7327 7063 6351  6.94329787 2
7328 7063 6351  4.97604317 2
7329 5610 6489  0.69105462 2
7330 5610 6489  4.78507642 1
7331 5510 6716  10.45950623 2
7332 5510 6716  6.51147098 1
7333 6065 5933  4.28075609 2
7334 6065 5933  4.63923472 2
7335 5107 7013  2.33226041 2
7336 5107 7013  -0.23346039 2
7337 5614 5756  2.05119373 2
7338 5614 5756  2.13747444 2
7339 6574 6313  11.29819219 2
7340 6574 6313  14.56422891 1
7341 5622 5942  8.20444549 2
7342 5622 5942  4.04665602 2
7343 5791 6473  3.89832007 2
7344 5791 6473  4.73680533 2
7345 6689 6206  17.22078581 2
7346 6689 6206  14.03937397 2
7347 6940 5539  -1.72385037 2
7348 6940 5539  1.40318197 2
7349 5555 5481  13.25008880 2
7350 5555 5481  18.14245082 1
7351 5664 6963  9.10613687 2
7352 5664 6963  3.40048013 1
7353 6055 5562  -1.55978305 2
7354 6055 5562  0.21980970 1
7355 6803 5356  0.74992497 2
7356 6803 5356  0.78629115 1
7357 6194 5821  -2.34451333 2
7358 6194 5821  -3.21103529 2
7359 5731 5104  -8.36197359 2
7360 5731 5104  -2.90123413 2
7361 5643 5623  20.62386438 1
7362 5643 5623  7.92181723 2
7363 5779 6036  15.60857191 2
7364 5779 6036  15.43088585 2
7365 6803 5701  21.95327239 1
7366 6803 5701  10.66146362 2
7367 6755 6353  9.11217436 2
7368 6755 6353  10.63304564 1
7369 5714 5532  9.97858748 2
7370 5714 5532  9.96528927 2
7371 7063 6481  16.92450348 1
7372 7063 6481  19.49170473 2
7373 6069 6068  9.93097423 2
7374 6069 6068  8.87782487 2
7375 6940 6094  4.12836487 1
7376 6940 6094  5.43237238 2
7377 6009 5987  13.55218841 1
7378 6009 5987  16.69873891 1
7379 6502 6538  6.48873681 2
7380 6502 6538  9.10690580 2
7381 6460 6505  9.73468692 1
7382 6460 6505  10.25531691 2
7383 5143 5626  11.36124878 2
7384 5143 5626  10.87676818 2
7385 6510 6270  7.15129685 2
7386 6510 6270  12.12474429 2
7387 7016 5658  21.75874125 2
7388 7016 5658  15.76152926 2
7389 6855 5793  1.35991556 2
7390 6855 5793  5.20974739 2
7391 5800 6518  10.41159907 1
7392 5800 6518  12.90174754 2
7393 6905 6540  14.40929109 1
7394 6905 6540  16.04356086 2
7395 6340 6030  10.08428387 2
7396 6340 6030  10.71078979 1
7397 6118 6174  -3.01756482 2
7398 6118 6174  0.24423769 1
7399 5143 6116  13.98762350 1
7400 5143 6116  12.91808898 2
7401 5510 6467  7.85053811 2
7402 5510 6467  8.39373561 2
7403 6498 6586  4.39764854 1
7404 6498 6586  0.89692348 2
7405 6394 5102  10.48536722 1
7406 6394 5102  9.29260846 2
7407 6603 7000  6.24620156 2
7408 6603 7000  2.93912328 2
7409 6510 5369  5.49431304 1
7410 6510 5369  7.88776683 2
7411 6548 6690  12.19653421 2
7412 6548 6690  10.01247482 1
7413 5300 6514  7.51180212 2
7414 5300 6514  13.09350527 2
7415 6164 5326  6.30396107 2
7416 6164 5326  8.95208596 2
7417 5622 6280  8.03387136 2
7418 5622 6280  10.23658423 2
7419 6100 6681  10.83725153 1
7420 6100 6681  8.65583983 2
7421 6055 5608  5.11143401 2
7422 6055 5608  7.54473205 2
7423 6510 5565  16.84479164 1
7424 6510 5565  9.50255356 2
7425 5482 7087  15.16326084 2
7426 5482 7087  11.62846471 2
7427 5634 5402  4.10069623 2
7428 5634 5402  3.67296091 1
7429 6905 5899  8.13517860 2
7430 6905 5899  11.93856299 1
7431 6340 6169  3.98495504 2
7432 6340 6169  2.75260709 1
7433 6855 6400  5.84433231 2
7434 6855 6400  7.22769816 2
7435 5555 6396  4.88396789 2
7436 5555 6396  12.59925190 2
7437 5553 6217  11.46158041 2
7438 5553 6217  11.63292266 1
7439 6905 5371  9.98958719 2
7440 6905 5371  11.52244072 2
7441 5427 5456  -2.05241037 2
7442 5427 5456  0.35353846 2
7443 6574 6705  4.74953467 2
7444 6574 6705  11.06422494 2
7445 5822 5515  3.99461172 1
7446 5822 5515  0.81500171 2
7447 5663 6835  1.26689160 2
7448 5663 6835  2.70796948 1
7449 5742 5954  15.88458121 1
7450 5742 5954  6.41973425 2
7451 5680 5198  16.82013840 1
7452 5680 5198  16.76204388 2
7453 5159 5879  11.57683482 2
7454 5159 5879  11.10807670 1
7455 5697 5655  7.22566715 1
7456 5697 5655  8.92831676 2
7457 6650 6184  10.20822090 1
7458 6650 6184  6.66240708 2
7459 5129 5551  11.36109117 1
7460 5129 5551  15.21480445 2
7461 6164 6684  1.64468111 1
7462 6164 6684  -1.31109649 2
7463 5555 6090  -2.59362538 2
7464 5555 6090  -6.14994197 1
7465 5664 6358  6.86411437 2
7466 5664 6358  6.32856616 2
7467 6216 6988  -0.66559192 2
7468 6216 6988  -4.35945379 2
7469 6000 6021  -0.83072148 2
7470 6000 6021  -4.14495118 2
7471 6803 6945  8.56126164 2
7472 6803 6945  5.87762945 2
7473 5664 5959  -0.36548128 2
7474 5664 5959  -6.12377482 2
7475 6878 5477  10.82940677 2
7476 6878 5477  3.13719208 2
7477 6574 6233  -2.51292121 2
7478 6574 6233  -5.69096177 2
7479 5909 5202  6.26746251 2
7480 5909 5202  6.01758402 2
7481 5107 5271  10.53725833 2
7482 5107 5271  11.93840120 2
7483 6502 5418  8.73126502 2
7484 6502 5418  8.98511743 2
7485 7098 6372  8.35157949 1
7486 7098 6372  5.63879880 1
7487 6720 6371  23.19389141 1
7488 6720 6371  18.63884624 2
7489 5643 5330  5.47256932 2
7490 5643 5330  7.97356746 2
7491 5159 5582  11.04020793 2
7492 5159 5582  6.52837619 1
7493 5531 5215  8.78475979 2
7494 5531 5215  5.36042079 1
7495 5181 6482  28.39452861 2
7496 5181 6482  28.10132436 2
7497 6794 5775  9.89960756 2
7498 6794 5775  10.17799511 2
7499 6762 5444  7.83550959 1
7500 6762 5444  6.11737305 2
7501 6498 5937  3.36342193 2
7502 6498 5937  3.64521720 1
7503 5660 5883  6.84111146 2
7504 5660 5883  8.99788066 2
7505 6100 6365  8.15151117 1
7506 6100 6365  13.05832777 1
7507 6216 6955  6.27524969 2
7508 6216 6955  4.04228542 2
7509 6762 6717  8.05161803 2
7510 6762 6717  8.48893395 2
7511 5614 6612  3.37697447 2
7512 5614 6612  0.51929482 2
7513 6000 5486  -1.54698524 2
7514 6000 5486  -3.03628425 1
7515 5797 7044  7.36392387 2
7516 5797 7044  6.53496086 2
7517 5800 6182  11.93069766 2
7518 5800 6182  8.02685441 2
7519 5105 6753  4.45572165 2
7520 5105 6753  6.12635335 2
7521 5660 6205  17.82108087 2
7522 5660 6205  14.56717518 2
7523 6319 5131  1.72588181 2
7524 6319 5131  3.28152017 2
7525 6118 5908  12.10742761 2
7526 6118 5908  13.24098244 1
7527 6405 6865  2.32093090 2
7528 6405 6865  7.37365070 2
7529 6930 6911  12.35609799 2
7530 6930 6911  6.30179520 2
7531 5614 6953  2.13142217 2
7532 5614 6953  1.86370068 2
7533 6460 6336  14.86754070 1
7534 6460 6336  17.67502617 2
7535 6216 6982  5.56345468 2
7536 6216 6982  0.88015159 2
7537 5714 5396  0.98025315 2
7538 5714 5396  2.22071041 2
7539 5663 5596  -3.32301915 1
7540 5663 5596  -2.24941434 2
7541 5510 6995  5.67564319 1
7542 5510 6995  3.18270616 2
7543 6100 6444  13.67711208 1
7544 6100 6444  14.53232998 2
7545 5631 6654  10.12052751 1
7546 5631 6654  12.34862907 1
7547 5482 5760  10.27422463 2
7548 5482 5760  6.40219201 2
7549 5797 5320  10.46373874 2
7550 5797 5320  18.11978112 2
7551 5731 5785  1.47384646 1
7552 5731 5785  5.58737755 2
7553 5663 6462  10.47093018 2
7554 5663 6462  6.83898995 2
7555 5406 6156  4.10572840 2
7556 5406 6156  6.84065362 2
7557 6319 6272  -9.49390061 2
7558 6319 6272  -0.49552320 1
7559 6212 5878  11.49621181 1
7560 6212 5878  7.78263596 2
7561 5129 6967  7.04880295 2
7562 5129 6967  7.44603190 2
7563 5510 6456  1.33199025 2
7564 5510 6456  0.09157111 1
7565 6855 6416  3.28489609 2
7566 6855 6416  2.61069130 2
7567 5121 7047  -0.36344742 1
7568 5121 7047  -0.24784786 2
7569 6354 5678  2.23132471 1
7570 6354 5678  2.07359775 1
7571 6510 6644  7.69028323 1
7572 6510 6644  5.37801965 2
7573 5495 6876  5.81683250 1
7574 5495 6876  8.84953754 2
7575 6603 5165  9.82235544 2
7576 6603 5165  5.82274366 2
7577 6216 5719  1.51572400 2
7578 6216 5719  3.50855667 2
7579 7018 6562  11.55159531 2
7580 7018 6562  10.47259958 1
7581 6194 6031  2.14894866 1
7582 6194 6031  -1.28229668 2
7583 5672 5339  -0.55459618 2
7584 5672 5339  2.82099454 2
7585 7096 6078  6.65865125 2
7586 7096 6078  1.30238029 2
7587 6100 6619  13.32788939 2
7588 6100 6619  13.18281120 1
7589 6689 6907  6.86737834 2
7590 6689 6907  5.71540046 2
7591 6000 6627  0.46521554 2
7592 6000 6627  0.10533027 2
7593 5610 5934  10.69582858 1
7594 5610 5934  4.58855519 2
7595 6574 5642  1.32205106 2
7596 6574 5642  3.84778976 1
7597 7098 6221  3.86146072 2
7598 7098 6221  3.95596154 2
7599 5610 6047  7.68027997 2
7600 5610 6047  7.74480090 2
7601 6744 5260  -1.42396132 2
7602 6744 5260  -0.66304120 2
7603 5680 6838  9.39534890 2
7604 5680 6838  18.47427515 2
7605 6354 5640  10.49085705 2
7606 6354 5640  9.64521200 1
7607 6794 6592  8.10622372 2
7608 6794 6592  11.20350111 2
7609 7063 5834  7.06010115 2
7610 7063 5834  5.42134796 1
7611 5690 6433  9.17161180 2
7612 5690 6433  10.70362812 2
7613 6354 5727  12.31155656 1
7614 6354 5727  11.80003743 2
7615 5668 6944  16.47216619 2
7616 5668 6944  16.71523741 2
7617 5742 5629  6.77412116 1
7618 5742 5629  9.58386122 2
7619 6194 5302  1.47969353 2
7620 6194 5302  0.49447923 2
7621 5510 6246  7.22304013 2
7622 5510 6246  8.04406662 2
7623 6650 5310  9.90927070 1
7624 6650 5310  6.78253281 2
7625 5129 6902  9.70474456 1
7626 5129 6902  10.15184479 2
7627 6364 7024  2.57339112 2
7628 6364 7024  3.16158527 2
7629 5660 6254  17.86857761 1
7630 5660 6254  16.19777626 2
7631 5121 6697  10.08461695 1
7632 5121 6697  6.74470510 1
7633 5822 6757  5.46904539 2
7634 5822 6757  -1.65908338 2
7635 6000 6004  -2.27100614 2
7636 6000 6004  -8.95750060 2
7637 6814 5871  6.12240980 2
7638 6814 5871  3.56685162 2
7639 5822 6275  8.58870608 1
7640 5822 6275  3.24404564 2
7641 6973 5438  8.40696621 2
7642 6973 5438  8.91073711 1
7643 6689 6715  11.76883919 2
7644 6689 6715  9.00757614 2
7645 6916 5600  5.86160782 2
7646 6916 5600  8.13703147 1
7647 6650 5973  3.54112350 1
7648 6650 5973  3.77289521 1
7649 5614 5868  -1.27426759 2
7650 5614 5868  -2.18621796 2
7651 6803 6250  4.37023830 2
7652 6803 6250  9.13231256 1
7653 5105 5692  8.92824178 2
7654 5105 5692  7.09620651 2
7655 5553 6315  4.57695587 2
7656 5553 6315  7.52447770 2
7657 5465 5790  -1.25881071 1
7658 5465 5790  -2.55973663 1
7659 5510 7080  14.07970409 1
7660 5510 7080  9.43944525 1
7661 6803 7077  3.33045489 2
7662 6803 7077  0.80265544 1
7663 6394 5419  5.06755764 2
7664 6394 5419  3.99232296 2
7665 5631 5611  5.01355262 1
7666 5631 5611  9.19323194 1
7667 6009 5125  7.83201753 2
7668 6009 5125  10.02919032 2
7669 6930 6923  11.54235865 2
7670 6930 6923  13.99832700 2
7671 6405 6201  7.70199396 2
7672 6405 6201  4.62940469 2
7673 5731 5852  1.55160142 2
7674 5731 5852  2.73199810 2
7675 5483 5904  3.28249412 2
7676 5483 5904  3.53180664 2
7677 6460 5778  12.76483481 2
7678 6460 5778  10.43075708 2
7679 6083 5234  7.32703268 2
7680 6083 5234  16.24399356 2
7681 5643 6897  12.45306225 2
7682 5643 6897  13.70846249 2
7683 6794 5556  0.62603279 1
7684 6794 5556  -3.27560309 2
7685 5643 6698  10.22302483 2
7686 5643 6698  9.19012227 2
7687 5531 5547  9.22983845 1
7688 5531 5547  9.85026919 2
7689 6212 6337  9.73193722 2
7690 6212 6337  15.24359397 2
7691 5647 6602  4.11382606 1
7692 5647 6602  1.79043998 2
7693 7016 6563  2.92172824 2
7694 7016 6563  8.57174594 2
7695 5746 5474  5.40303857 1
7696 5746 5474  8.74482587 1
7697 5622 6862  7.93659444 2
7698 5622 6862  7.77740137 2
7699 6762 5686  6.14891498 2
7700 6762 5686  4.95289141 2
7701 5697 5426  5.65219482 2
7702 5697 5426  4.39992295 2
7703 5839 6567  3.62749005 2
7704 5839 6567  7.49742476 1
7705 7096 7014  -0.95435753 1
7706 7096 7014  2.13355536 2
7707 6002 5210  -4.23388588 2
7708 6002 5210  -7.49813588 2
7709 6405 6613  6.65590170 2
7710 6405 6613  16.38772914 1
7711 6055 6303  2.88734707 1
7712 6055 6303  -0.70201411 2
7713 5697 5355  0.86958741 2
7714 5697 5355  0.62252273 2
7715 6744 6634  7.68339770 1
7716 6744 6634  15.04734764 2
7717 5714 5657  6.60406948 2
7718 5714 5657  4.67685201 2
7719 6100 5322  5.31870991 2
7720 6100 5322  10.50783866 1
7721 5129 6186  4.52013955 2
7722 5129 6186  5.60472874 2
7723 5663 5470  4.87431117 2
7724 5663 5470  -2.99160886 2
7725 7018 6419  9.12938219 2
7726 7018 6419  11.65351730 2
7727 6164 5988  6.93793994 2
7728 6164 5988  2.43544122 2
7729 6548 6163  7.96197731 2
7730 6548 6163  6.76817566 2
7731 5300 6760  12.12905510 2
7732 5300 6760  6.63385851 2
7733 5268 6058  13.32816922 1
7734 5268 6058  14.04788238 2
7735 7096 7028  1.74190259 2
7736 7096 7028  2.12616162 2
7737 5855 6666  5.07522262 2
7738 5855 6666  7.90524803 2
7739 5730 6625  15.53167202 2
7740 5730 6625  11.18104879 1
7741 5159 6399  5.07348471 1
7742 5159 6399  0.34365659 2
7743 5839 5587  0.57740534 2
7744 5839 5587  4.31065189 1
7745 6354 6842  3.09133858 1
7746 6354 6842  6.93134637 2
7747 6069 6739  3.93829754 2
7748 6069 6739  -0.39411616 2
7749 6689 6361  9.79877484 2
7750 6689 6361  4.87530176 1
7751 6194 7031  8.59749462 1
7752 6194 7031  7.56476711 1
7753 6762 5280  3.58684109 1
7754 6762 5280  3.49290136 2
7755 5663 6306  -3.66049446 2
7756 5663 6306  -2.43795482 2
7757 6340 6853  9.21328277 2
7758 6340 6853  3.90275953 1
7759 6083 6668  11.32732173 2
7760 6083 6668  14.04186861 2
7761 6364 6994  4.96866514 1
7762 6364 6994  1.75037419 2
7763 6065 6615  8.31663280 1
7764 6065 6615  11.86276808 2
7765 5797 6565  14.26933385 2
7766 5797 6565  10.75826570 2
7767 5779 6572  17.44254349 2
7768 5779 6572  8.48715719 2
7769 6354 5492  7.72527495 2
7770 6354 5492  4.96364379 1
7771 7018 6703  0.78153432 2
7772 7018 6703  3.82419178 2
7773 6720 6966  4.10554287 2
7774 6720 6966  3.49169622 2
7775 5730 6350  16.53128861 1
7776 5730 6350  18.19148948 2
7777 5730 7010  10.54043201 2
7778 5730 7010  14.96526551 2
7779 5672 6584  4.96220563 2
7780 5672 6584  5.15979549 2
7781 5647 6122  4.74758570 2
7782 5647 6122  6.41503682 2
7783 5690 5669  4.26875647 2
7784 5690 5669  2.04868465 1
7785 5742 6870  -3.57695721 2
7786 5742 6870  -0.89514986 2
7787 5731 6304  5.69923784 1
7788 5731 6304  5.08234155 2
7789 5553 6682  16.43383292 2
7790 5553 6682  13.78993305 1
7791 5107 5337  8.47042490 2
7792 5107 5337  10.16777728 2
7793 5672 6629  10.57770058 1
7794 5672 6629  12.34878752 2
7795 5634 6767  7.93594582 2
7796 5634 6767  5.29149513 2
7797 5647 6815  17.35659946 2
7798 5647 6815  12.69726089 2
7799 5406 6660  2.29727079 2
7800 5406 6660  -2.01102174 2
7801 5610 5826  9.61371981 2
7802 5610 5826  8.19612605 1
7803 6002 5156  8.11758619 2
7804 6002 5156  3.63945144 2
7805 6164 6772  -0.04515969 2
7806 6164 6772  2.13743199 2
7807 5940 6556  7.50360352 1
7808 5940 6556  5.95223184 2
7809 6940 6693  2.26490363 2
7810 6940 6693  0.82939308 2
7811 5531 6782  3.74344652 1
7812 5531 6782  1.63353871 2
7813 5660 6849  11.69307965 2
7814 5660 6849  11.22465056 2
7815 7098 6485  11.12422312 2
7816 7098 6485  14.19499302 1
7817 5622 7064  6.31874425 2
7818 5622 7064  10.85488305 2
7819 6364 7097  10.12352517 2
7820 6364 7097  9.60836313 2
7821 6164 5912  -1.70423431 2
7822 6164 5912  -1.03542771 2
7823 5521 6117  10.80656396 2
7824 5521 6117  4.12392902 1
7825 5465 5516  1.36794071 2
7826 5465 5516  0.51824167 1
7827 5555 5169  9.06491425 1
7828 5555 5169  0.96309263 2
7829 5299 5240  0.22824489 2
7830 5299 5240  0.23480581 2
7831 6118 6676  13.45305678 1
7832 6118 6676  12.89642242 2
7833 5406 5736  1.29161021 2
7834 5406 5736  3.21955782 1
7835 6794 5805  3.52423752 2
7836 6794 5805  3.22444049 1
7837 5697 6552  5.39808155 2
7838 5697 6552  1.89349886 2
7839 6405 5646  7.69301076 1
7840 6405 5646  6.68851836 2
7841 6744 5910  5.40595703 2
7842 6744 5910  8.62088441 2
7843 5800 5106  6.42442655 2
7844 5800 5106  6.69473367 2
7845 6069 5724  4.82406447 2
7846 6069 5724  7.85835396 1
7847 5631 5136  3.42587079 1
7848 5631 5136  10.15354746 2
7849 5482 5432  6.36812438 2
7850 5482 5432  10.45838296 2
7851 5610 5558  12.88046439 1
7852 5610 5558  6.90854221 1
7853 6548 6898  14.36551461 1
7854 6548 6898  14.24224977 2
7855 6065 6610  5.48494179 2
7856 6065 6610  6.87529030 2
7857 6855 6677  3.65178697 2
7858 6855 6677  7.05489459 2
7859 6340 6507  8.25604442 2
7860 6340 6507  5.61485534 2
7861 5746 6298  14.52067132 2
7862 5746 6298  12.87921451 1
7863 6216 5522  8.25371811 2
7864 6216 5522  5.26293768 2
7865 5643 7006  5.74180040 2
7866 5643 7006  9.74795082 1
7867 5797 6724  12.73656475 2
7868 5797 6724  6.24723542 1
7869 5690 7027  11.35582095 2
7870 5690 7027  12.92768397 2
7871 5690 5589  6.09522298 2
7872 5690 5589  2.18177262 2
7873 5839 6253  4.68447300 2
7874 5839 6253  4.37130982 1
7875 5779 6618  16.64602992 1
7876 5779 6618  12.49042850 2
7877 5647 6711  16.25026871 2
7878 5647 6711  14.00238404 2
7879 6916 5705  0.59403797 2
7880 6916 5705  0.89580592 1
7881 5909 5803  6.50128759 1
7882 5909 5803  5.71795966 2
7883 6000 6362  -1.57159462 1
7884 6000 6362  -2.45434841 2
7885 6930 7012  10.78389187 2
7886 6930 7012  4.29185816 1
7887 6002 6673  -3.37351941 2
7888 6002 6673  -1.11865206 1
7889 6878 6566  3.85102209 2
7890 6878 6566  0.96861753 2
7891 5822 6713  6.22408019 2
7892 5822 6713  6.81005848 2
7893 5610 5462  6.99919895 1
7894 5610 5462  3.28885049 2
7895 6069 6694  6.82237843 2
7896 6069 6694  3.43127419 2
7897 6009 6327  9.39493124 1
7898 6009 6327  4.34173772 1
7899 5779 6301  13.05958174 2
7900 5779 6301  12.72140433 2
7901 6720 6712  14.77118514 2
7902 6720 6712  18.22180841 2
7903 6689 5580  1.12610498 2
7904 6689 5580  5.11023722 2
7905 5482 5442  13.80465208 2
7906 5482 5442  12.01472349 2
7907 5746 5404  4.02901861 2
7908 5746 5404  0.76780537 2
7909 5427 5916  1.91936611 2
7910 5427 5916  -0.17435055 2
7911 6555 7082  1.39028273 1
7912 6555 7082  4.93722315 2
7913 5690 6492  -2.51374752 2
7914 5690 6492  -4.81044400 2
7915 5909 6847  0.47325612 2
7916 5909 6847  0.53889586 2
7917 5663 5388  6.27053655 2
7918 5663 5388  2.70859945 1
7919 5483 5176  6.79469978 2
7920 5483 5176  1.61624492 2
7921 5663 7054  0.17923751 1
7922 5663 7054  -1.40264595 2
7923 6878 6424  3.44447769 2
7924 6878 6424  2.45701166 2
7925 6405 6379  5.07330540 2
7926 6405 6379  6.90812696 1
7927 5797 5735  13.18367826 2
7928 5797 5735  13.67443440 2
7929 7098 6854  13.46825225 2
7930 7098 6854  11.28039814 2
7931 5300 6891  13.64256681 2
7932 5300 6891  17.34984629 2
7933 5940 6441  8.94961747 1
7934 5940 6441  9.16445165 2
7935 6498 5783  3.97870274 2
7936 6498 5783  6.39894355 2
7937 7016 6023  15.06370678 2
7938 7016 6023  14.39663245 2
7939 6878 6321  10.09292505 2
7940 6878 6321  16.42287903 2
7941 7018 5464  15.06556849 1
7942 7018 5464  15.80642354 2
7943 5779 5101  21.26250013 2
7944 5779 5101  17.42630765 2
7945 5731 6046  5.95237325 1
7946 5731 6046  -0.55620801 2
7947 6065 6581  10.49092869 2
7948 6065 6581  7.24163270 2
7949 5143 5439  16.76672593 2
7950 5143 5439  15.30022086 2
7951 6878 6523  3.02653606 2
7952 6878 6523  5.36929432 2
7953 6905 5677  10.70802638 2
7954 6905 5677  11.46072644 2
7955 5822 6115  3.87254442 1
7956 5822 6115  7.16138881 2
7957 6055 5972  1.89101612 1
7958 6055 5972  6.84192113 2
7959 5839 6142  7.93610059 1
7960 5839 6142  9.11243240 2
7961 6118 6294  3.82826480 2
7962 6118 6294  7.75890891 2
7963 6916 5266  -1.19827620 2
7964 6916 5266  2.19964382 1
7965 5647 5390  7.85500175 1
7966 5647 5390  13.05131947 1
7967 7063 5576  11.29446888 2
7968 7063 5576  11.14692204 2
7969 6118 6931  13.03297153 1
7970 6118 6931  10.69952775 2
7971 5465 6620  8.66541652 2
7972 5465 6620  4.72876495 2
7973 5300 6345  12.00310927 2
7974 5300 6345  14.57813277 1
7975 6650 5163  8.48975859 2
7976 6650 5163  10.50110202 2
7977 6319 6107  9.40582237 2
7978 6319 6107  3.31903025 2
7979 6069 5620  -0.38083725 2
7980 6069 5620  -2.68891097 1
7981 5105 7093  11.96164110 2
7982 5105 7093  10.75304134 2
7983 6081 6640  0.58532870 2
7984 6081 6640  1.59947973 1
7985 5680 7088  12.37428546 2
7986 5680 7088  6.88578790 2
7987 6502 5801  9.84915949 2
7988 6502 5801  7.85028007 2
7989 7096 6020  1.71798007 1
7990 7096 6020  2.87769216 2
7991 6755 5598  10.32748218 1
7992 6755 5598  13.69142029 2
7993 6755 6024  18.89896341 1
7994 6755 6024  25.98829906 1
7995 5855 6896  8.31829446 2
7996 5855 6896  7.99268016 2
7997 5181 6283  7.34013934 2
7998 5181 6283  13.14907814 2
7999 5181 6888  14.43002537 2
8000 5181 6888  16.41045972 2
8001 5742 6558  16.83811189 1
8002 5742 6558  14.66372790 2
8003 5647 5468  6.28146934 2
8004 5647 5468  8.75672902 2
8005 6069 5573  8.38067638 1
8006 6069 5573  4.22322844 2
8007 5690 5792  8.35733474 2
8008 5690 5792  8.43312678 2
8009 5800 6435  16.09892871 2
8010 5800 6435  9.95371908 2
8011 6510 5277  6.01188686 2
8012 6510 5277  7.83038098 1
8013 5797 7062  27.22715053 1
8014 5797 7062  22.68582229 2
8015 5791 5770  13.07928654 2
8016 5791 5770  12.93143067 1
8017 6164 6357  9.90195715 2
8018 6164 6357  9.26014118 2
8019 6364 5261  8.18725130 2
8020 6364 5261  10.90196885 2
8021 5495 6646  22.40409853 1
8022 5495 6646  13.80643895 2
8023 5822 6678  1.39230847 2
8024 5822 6678  4.57448789 2
8025 6794 5148  3.02772844 2
8026 6794 5148  5.20611679 1
8027 5247 7021  4.04533225 1
8028 5247 7021  0.57734041 2
8029 6720 5781  15.23923768 2
8030 6720 5781  14.54843209 1
8031 6855 6735  5.74405617 1
8032 6855 6735  3.57443841 2
8033 6930 5721  8.62306779 2
8034 6930 5721  9.11575277 2
8035 5427 6975  1.83144964 2
8036 5427 6975  11.39018125 2
8037 5697 6208  3.00215888 1
8038 5697 6208  1.06233228 2
8039 5610 6245  13.32259760 2
8040 5610 6245  10.74210011 1
8041 6364 6198  2.24011922 2
8042 6364 6198  -0.88534703 2
8043 7096 6478  0.99622412 2
8044 7096 6478  -3.96466441 2
8045 6364 6823  3.64285253 2
8046 6364 6823  7.55658233 1
8047 5510 6264  6.93339646 2
8048 5510 6264  7.19412525 1
8049 5247 6730  6.38255563 2
8050 5247 6730  -0.12627457 2
8051 6081 6780  0.86696668 1
8052 6081 6780  2.78635016 2
8053 5129 6874  1.00060028 1
8054 5129 6874  4.40788050 2
8055 5631 7058  11.67981026 2
8056 5631 7058  11.47134130 2
8057 5940 5919  10.75470001 1
8058 5940 5919  5.53622807 2
8059 5643 6140  9.98002321 2
8060 5643 6140  7.21203738 1
8061 6650 5829  5.76059261 2
8062 6650 5829  8.34670271 2
8063 5159 5859  3.76164792 2
8064 5159 5859  2.36649233 2
8065 5483 6422  8.18297459 1
8066 5483 6422  11.69410901 2
8067 5181 6384  9.10883608 1
8068 5181 6384  10.66323410 2
8069 6878 5219  3.16793555 2
8070 6878 5219  0.53404122 2
8071 6720 5866  5.51981876 2
8072 6720 5866  5.19010468 2
8073 5531 5269  8.19478235 2
8074 5531 5269  9.56705145 2
8075 5697 6718  16.32440874 1
8076 5697 6718  9.64936854 2
8077 5521 6598  2.08640232 2
8078 5521 6598  3.37328177 1
8079 5690 6344  8.85128569 2
8080 5690 6344  11.36519733 2
8081 5465 5324  2.44853849 2
8082 5465 5324  1.53259370 2
8083 5143 5297  11.30471548 2
8084 5143 5297  12.02014747 2
8085 6002 6769  3.90337746 1
8086 6002 6769  6.09972687 2
8087 5553 5286  7.73437731 1
8088 5553 5286  12.26651121 1
8089 6502 6560  7.90219833 2
8090 6502 6560  10.68593945 2
8091 5495 5191  7.78155211 2
8092 5495 5191  5.42344137 2
8093 6460 5457  10.44962765 2
8094 6460 5457  3.96455531 2
8095 6720 6106  5.36734401 2
8096 6720 6106  5.28571431 2
8097 5714 5144  18.67492539 2
8098 5714 5144  15.56241429 2
8099 5268 6265  1.93427500 2
8100 5268 6265  1.66523226 2
8101 5663 5877  -1.22278328 1
8102 5663 5877  -1.58701947 2
8103 6069 6686  18.46105556 1
8104 6069 6686  12.04067696 2
8105 5483 6779  20.05584792 1
8106 5483 6779  12.89161766 2
8107 6319 6588  1.54114547 1
8108 6319 6588  1.25820147 2
8109 6164 6972  5.73816875 1
8110 6164 6972  4.92610481 2
8111 6916 5440  7.38520917 1
8112 6916 5440  14.83374510 2
8113 5634 6561  5.75578069 1
8114 5634 6561  10.59079684 1
8115 5555 6392  3.33164012 2
8116 5555 6392  6.98735591 1
8117 5482 5769  17.57884455 2
8118 5482 5769  18.18928370 1
8119 5634 5789  2.31931117 2
8120 5634 5789  3.62898824 1
8121 5909 5177  5.79310645 2
8122 5909 5177  2.76875563 2
8123 6720 6699  11.41082664 2
8124 6720 6699  7.33118203 2
8125 6555 6334  -3.81431101 1
8126 6555 6334  -3.61125494 2
8127 5634 6328  1.38426672 2
8128 5634 6328  0.75088694 2
8129 6394 6323  -2.29908555 1
8130 6394 6323  -5.57199186 2
8131 5610 6520  -2.75328753 2
8132 5610 6520  5.33350136 2
8133 6905 6062  20.09822585 2
8134 6905 6062  20.17535489 2
8135 5614 5134  3.69016050 1
8136 5614 5134  2.22147727 2
8137 6548 7035  13.13424826 2
8138 6548 7035  10.03834534 1
8139 5614 5333  0.61658109 1
8140 5614 5333  2.29159616 2
8141 6405 5983  4.27464339 1
8142 6405 5983  1.60707335 2
8143 5299 6864  3.49119872 2
8144 5299 6864  7.51406295 1
8145 5822 6812  7.31160055 2
8146 5822 6812  5.16054973 2
8147 6460 5921  9.80442427 2
8148 6460 5921  18.82090981 1
8149 5247 5328  3.81092606 2
8150 5247 5328  12.93324691 2
8151 6755 5137  11.36497420 2
8152 6755 5137  13.91889525 1
8153 7018 6959  12.22029049 2
8154 7018 6959  9.14995105 1
8155 6002 6822  3.81498836 1
8156 6002 6822  1.63635880 2
8157 6000 5993  0.79426519 2
8158 6000 5993  3.02655520 1
8159 5427 6825  -0.47665100 2
8160 5427 6825  3.84392878 2
8161 6548 6295  10.17146690 2
8162 6548 6295  2.39808026 2
8163 5614 7020  8.76560878 1
8164 5614 7020  8.01798053 1
8165 5300 7040  22.56638540 1
8166 5300 7040  20.78324874 1
8167 6405 5758  10.62976635 2
8168 6405 5758  9.20889521 2
8169 5742 6457  10.94963353 2
8170 5742 6457  9.27104550 2
8171 6973 6759  15.50485448 2
8172 6973 6759  11.21468295 2
8173 5730 5918  15.13741976 1
8174 5730 5918  15.59699454 2
8175 5614 5279  0.32399285 1
8176 5614 5279  -3.37115260 2
8177 5742 6022  4.18482081 2
8178 5742 6022  6.11416992 2
8179 5909 5734  6.51195286 1
8180 5909 5734  6.20407361 1
8181 5730 6015  5.93506901 1
8182 5730 6015  12.69065043 2
8183 5247 5888  6.20084647 2
8184 5247 5888  3.29243800 2
8185 7096 6653  5.37900913 2
8186 7096 6653  4.96067882 2
8187 5406 5508  5.24836480 1
8188 5406 5508  2.76627560 2
8189 6502 6901  9.86419353 2
8190 6502 6901  12.58259367 2
8191 6814 5728  9.20186029 2
8192 6814 5728  12.14837234 1
8193 6100 5571  7.09506335 2
8194 6100 5571  3.64459080 1
8195 6009 5796  -1.16679207 1
8196 6009 5796  1.24542362 2
8197 5159 5206  10.05973724 2
8198 5159 5206  13.46300947 2
8199 5465 6450  4.93804304 2
8200 5465 6450  0.88627894 1
8201 6762 5893  11.60595739 2
8202 6762 5893  2.90322757 2
8203 6689 7068  6.36385084 2
8204 6689 7068  8.18081656 2
8205 6118 6491  0.09014452 2
8206 6118 6491  -3.88781272 2
8207 6548 5126  7.75269422 1
8208 6548 5126  9.27081233 2
8209 5105 5488  12.80884013 2
8210 5105 5488  13.30992544 2
8211 6814 6159  7.93908874 2
8212 6814 6159  8.77795100 2
8213 6002 5717  -2.16435682 2
8214 6002 5717  -13.38258536 2
8215 6689 5224  4.84439489 2
8216 6689 5224  4.69321156 2
8217 6548 5651  8.95056565 2
8218 6548 5651  13.79563131 1
8219 6502 5278  7.93982505 1
8220 6502 5278  10.43462823 2
8221 7016 6153  4.18511869 2
8222 7016 6153  12.66965477 2
8223 5660 5689  16.53607823 2
8224 5660 5689  12.51093410 1
8225 6510 6479  8.46843666 1
8226 6510 6479  3.16087210 1
8227 6940 5713  12.04204954 2
8228 6940 5713  8.70623828 2
8229 6762 6276  -0.41362994 2
8230 6762 6276  1.68424203 1
8231 5855 5497  15.31054555 2
8232 5855 5497  12.57090822 2
8233 6319 5991  8.80141786 2
8234 6319 5991  2.18894416 2
8235 6460 6821  10.92562647 2
8236 6460 6821  7.03580442 2
8237 5299 5376  5.68432033 1
8238 5299 5376  5.86704021 2
8239 5521 6355  6.61439013 2
8240 5521 6355  4.86835288 2
8241 5482 5463  15.46796675 2
8242 5482 5463  15.70064966 2
8243 6755 5138  11.72394709 2
8244 6755 5138  11.66700916 2
8245 6555 6802  10.42849479 2
8246 6555 6802  5.77857619 2
8247 6164 6596  -0.40838732 2
8248 6164 6596  2.22775492 2
8249 5495 6133  10.67861391 2
8250 5495 6133  11.54122130 1
8251 5300 6637  9.43989210 1
8252 5300 6637  11.01554685 2
8253 6498 5120  2.52594837 2
8254 6498 5120  2.53496497 1
8255 5839 6305  5.17956514 2
8256 5839 6305  3.47655856 1
8257 5680 5653  13.56584273 1
8258 5680 5653  14.52116592 2
8259 6194 6102  5.20574645 2
8260 6194 6102  3.57161941 2
8261 6002 6397  -6.48698849 2
8262 6002 6397  -11.85567346 1
8263 5672 5676  3.86493190 2
8264 5672 5676  7.99196686 2
8265 6083 6571  11.76889975 1
8266 6083 6571  8.33429657 1
8267 6744 5231  5.14567232 2
8268 6744 5231  8.70234167 1
8269 6855 5505  7.13783918 2
8270 6855 5505  2.51731233 2
8271 5746 6346  5.91725686 2
8272 5746 6346  5.42515653 1
8273 5660 6595  19.91199717 2
8274 5660 6595  15.23256654 2
8275 6083 6113  19.32004662 2
8276 6083 6113  16.56338783 2
8277 5940 5520  3.55848107 2
8278 5940 5520  3.56441803 1
8279 6555 5564  5.53396960 2
8280 6555 5564  8.32619150 2
8281 5181 6927  21.73741568 2
8282 5181 6927  22.02792502 2
8283 6905 6195  17.27550044 1
8284 6905 6195  17.45780021 1
8285 5495 5599  10.54786312 2
8286 5495 5599  17.07092320 1
8287 7096 5372  3.83988478 1
8288 7096 5372  5.49066788 2
8289 6973 6438  8.78763144 1
8290 6973 6438  8.20630255 1
8291 5107 5417  14.57328588 2
8292 5107 5417  11.08123824 1
8293 6009 6179  6.89945813 2
8294 6009 6179  10.00525349 1
8295 6755 7001  22.65853500 1
8296 6755 7001  13.99212454 2
8297 6916 6109  3.51469494 2
8298 6916 6109  10.96557549 2
8299 6100 5312  7.55778137 2
8300 6100 5312  8.70027623 2
8301 6002 6848  0.13859629 2
8302 6002 6848  1.20095162 2
8303 6319 6368  6.05786955 2
8304 6319 6368  3.18420999 1
8305 5107 7043  7.58689289 2
8306 5107 7043  5.20262430 2
8307 6502 6143  10.64982587 2
8308 6502 6143  7.19670398 2
8309 6364 6222  7.88744489 2
8310 6364 6222  5.60373484 2
8311 6081 5687  2.12108072 1
8312 6081 5687  0.84672453 2
8313 5121 6429  5.63262783 2
8314 5121 6429  0.60274596 1
8315 6855 5997  4.98971877 2
8316 6855 5997  3.10979729 2
8317 5631 7009  13.18393697 2
8318 5631 7009  20.21792001 1
8319 5746 5343  9.46962442 2
8320 5746 5343  9.23453610 1
8321 6814 5665  0.83495335 2
8322 6814 5665  2.08547523 2
8323 6405 6671  4.38360572 1
8324 6405 6671  2.96943266 1
8325 5791 5204  5.90801427 2
8326 5791 5204  2.28288348 2
8327 5647 6199  12.26284300 2
8328 5647 6199  14.76889533 2
8329 6650 6445  11.17510262 2
8330 6650 6445  4.50835757 2
8331 5746 6296  3.25292085 2
8332 5746 6296  4.40394096 1
8333 6100 5425  5.74962090 1
8334 6100 5425  4.06793850 2
8335 6340 5336  5.64348639 2
8336 6340 5336  7.47621544 2
8337 6212 5459  12.51385017 2
8338 6212 5459  11.03136266 1
8339 6065 5902  2.44568023 2
8340 6065 5902  5.41583876 1
8341 7098 6648  5.97618925 1
8342 7098 6648  9.01510181 2
8343 5159 5895  11.68884527 2
8344 5159 5895  11.34229111 2
8345 5668 6040  0.39566940 2
8346 5668 6040  1.71707592 2
8347 5800 5546  -0.41624016 2
8348 5800 5546  6.65154720 2
8349 6650 6758  4.27059057 1
8350 6650 6758  7.71760775 1
8351 6905 6942  13.79181805 2
8352 6905 6942  10.75588698 2
8353 6574 6496  4.64716455 2
8354 6574 6496  8.96885815 1
8355 6364 5319  13.08043197 1
8356 6364 5319  8.48761190 2
8357 5634 6152  10.12079068 2
8358 5634 6152  7.97658241 2
8359 6354 6559  9.93568377 2
8360 6354 6559  12.61964044 2
8361 5672 5923  11.71877293 2
8362 5672 5923  13.36473600 2
8363 5247 6014  2.36043640 2
8364 5247 6014  7.78316322 1
8365 5690 6317  9.41416153 2
8366 5690 6317  8.15234738 1
8367 6940 5700  3.22250715 2
8368 6940 5700  1.62331447 2
8369 5680 6695  13.40275847 1
8370 5680 6695  12.53020302 2
8371 5940 5282  3.29330447 2
8372 5940 5282  6.73951876 2
8373 5531 6324  7.13297597 2
8374 5531 6324  5.73738146 2
8375 5714 5254  7.44683730 2
8376 5714 5254  4.35993581 1
8377 6814 5554  16.01028531 1
8378 6814 5554  13.06233525 2
8379 5855 6688  2.83235796 1
8380 5855 6688  8.46507283 2
8381 6460 6636  11.65876522 2
8382 6460 6636  10.75243863 1
8383 6794 6452  3.55758558 2
8384 6794 6452  6.41793950 2
8385 5940 5168  9.76420829 2
8386 5940 5168  11.81105153 2
8387 5129 6165  6.95579598 2
8388 5129 6165  4.79518047 2
8389 6065 6908  8.94109079 2
8390 6065 6908  10.37109837 2
8391 6940 5766  6.90242288 2
8392 6940 5766  4.21884155 2
8393 6930 7033  7.35662086 2
8394 6930 7033  12.37298952 2
8395 5521 5111  6.91058029 2
8396 5521 5111  5.76305179 1
8397 5247 6160  6.28400489 1
8398 5247 6160  2.83808136 1
8399 6878 6402  6.84280734 2
8400 6878 6402  9.79144346 2
8401 5553 5782  16.61772362 2
8402 5553 5782  13.38904544 2
8403 6083 5154  9.73987540 2
8404 6083 5154  12.72867668 2
8405 6940 5947  5.50891724 2
8406 6940 5947  5.89397061 2
8407 6905 7092  13.01295886 2
8408 6905 7092  11.87305393 1
8409 5553 6387  15.80039730 1
8410 5553 6387  8.33218839 2
8411 5746 6861  5.59300717 2
8412 5746 6861  6.45585607 1
8413 6394 5930  4.53049619 2
8414 6394 5930  2.87289497 2
8415 6212 5291  4.68160571 2
8416 6212 5291  6.62206055 2
8417 5631 5816  4.60703558 2
8418 5631 5816  6.11388105 2
8419 6081 6983  -7.66415090 2
8420 6081 6983  -5.35584325 2
8421 6744 5891  0.07033723 2
8422 6744 5891  0.01299001 1
8423 6216 7050  4.05310985 2
8424 6216 7050  7.59546297 1
8425 5742 7084  -1.13101744 1
8426 5742 7084  0.52840522 2
8427 6065 5461  11.30341148 2
8428 6065 5461  9.41408550 1
8429 6502 6622  5.46745954 2
8430 6502 6622  6.03271023 2
8431 5731 5980  7.50471350 2
8432 5731 5980  9.68217651 1
8433 6164 6410  -4.93625012 2
8434 6164 6410  -3.30542057 1
8435 6603 5870  6.04438001 2
8436 6603 5870  11.22715208 2
8437 5121 6787  5.37337785 1
8438 5121 6787  5.12802842 1
8439 5555 5702  3.47231087 2
8440 5555 5702  6.24725503 2
8441 6973 5850  1.55090735 2
8442 6973 5850  2.63112630 2
8443 6555 6027  13.18021480 1
8444 6555 6027  6.22987987 1
8445 6555 5408  10.20753172 2
8446 6555 5408  11.43043429 2
8447 6650 5535  11.45998049 2
8448 6650 5535  9.59360519 2
8449 6794 5605  5.80629096 1
8450 6794 5605  10.26414479 2
8451 5247 5786  8.70830753 2
8452 5247 5786  6.18544938 2
8453 5531 6286  8.38307426 2
8454 5531 6286  13.76781366 1
8455 6194 6886  3.44198877 1
8456 6194 6886  7.83549470 2
8457 5668 5449  3.75484985 2
8458 5668 5449  0.78581610 2
8459 6364 5185  5.46744101 2
8460 6364 5185  5.40168541 2
8461 6055 5833  4.75709790 2
8462 6055 5833  1.66238638 2
8463 6510 6428  2.67703444 2
8464 6510 6428  2.21547996 1
8465 5730 6054  12.35293125 2
8466 5730 6054  16.61691853 2
8467 6794 5487  7.04791326 1
8468 6794 5487  9.06235117 2
8469 5680 6828  11.94663648 1
8470 5680 6828  18.22841287 2
8471 6340 5491  3.32557356 2
8472 6340 5491  2.28822891 1
8473 5555 6748  9.63906274 2
8474 5555 6748  7.80165119 2
8475 5742 6611  6.00730070 2
8476 5742 6611  5.72696512 1
8477 6720 6404  13.12482992 2
8478 6720 6404  13.07082163 2
8479 5940 6178  9.77479319 2
8480 5940 6178  8.97886365 2
8481 5634 6292  13.29674187 2
8482 5634 6292  13.29029843 1
8483 6069 6765  4.60809731 2
8484 6069 6765  3.19301430 2
8485 6083 5237  10.51825416 2
8486 6083 5237  10.76969647 2
8487 5159 6991  7.26998106 2
8488 5159 6991  1.69710347 2
8489 5553 6914  12.44735491 1
8490 5553 6914  10.30039516 1
8491 6548 6965  9.56067239 2
8492 6548 6965  5.64704900 2
8493 5495 7055  4.16626027 2
8494 5495 7055  0.88835126 1
8495 5622 6882  0.84000631 2
8496 5622 6882  7.87578697 2
8497 5797 6880  6.98797273 2
8498 5797 6880  8.05171936 2
8499 5664 6447  -2.24882336 2
8500 5664 6447  2.79215910 2
8501 5680 6841  15.21911997 2
8502 5680 6841  7.39786121 1
8503 7098 6211  7.53101687 1
8504 7098 6211  13.68065019 2
8505 5697 5567  3.45297307 1
8506 5697 5567  -0.36108872 1
8507 6603 6454  3.17006515 2
8508 6603 6454  4.57710645 2
8509 5680 6293  5.74163434 2
8510 5680 6293  5.26091414 1
8511 5105 5568  0.58443332 2
8512 5105 5568  5.30816629 1
8513 5159 5411  13.19791017 2
8514 5159 5411  8.84189158 2
8515 5664 6067  6.32873066 2
8516 5664 6067  4.35114770 2
8517 5406 6859  6.74610804 2
8518 5406 6859  7.80230411 2
8519 5553 5936  11.22803454 2
8520 5553 5936  7.93933848 2
8521 5300 6670  11.00643528 2
8522 5300 6670  10.87199209 2
8523 6916 6687  -0.31600303 1
8524 6916 6687  7.75516890 2
8525 5107 6112  2.14717991 1
8526 5107 6112  5.54861144 1
8527 6973 6273  3.42244734 1
8528 6973 6273  10.96304657 2
8529 5855 6170  4.49807398 1
8530 5855 6170  6.42649590 2
8531 6009 6488  11.39504851 2
8532 6009 6488  9.79669081 2
8533 5510 6183  4.79578824 2
8534 5510 6183  1.80522055 2
8535 5555 5945  5.87821052 2
8536 5555 5945  1.82397896 2
8537 5731 6374  -0.19286759 1
8538 5731 6374  1.16232142 2
8539 6394 6421  4.75160437 2
8540 6394 6421  0.31081736 2
8541 6055 5725  7.20048329 1
8542 6055 5725  6.44529948 2
8543 6803 6517  7.14661230 2
8544 6803 6517  8.22167167 2
8545 5299 6248  -1.44585381 2
8546 5299 6248  4.52443464 2
8547 7096 6092  5.58926228 2
8548 7096 6092  3.43451921 1
8549 5779 6984  14.39350306 2
8550 5779 6984  15.86051105 2
8551 5531 6990  5.80038034 2
8552 5531 6990  6.65302132 2
8553 6689 6764  -0.31829604 2
8554 6689 6764  4.26515912 2
8555 6340 5480  8.84517150 2
8556 6340 5480  6.68561392 1
8557 5940 6425  8.50274347 2
8558 5940 6425  8.68126654 2
8559 6603 5325  7.22020553 2
8560 6603 5325  5.81795364 2
8561 6762 5981  12.41194569 2
8562 6762 5981  6.04074436 1
8563 5731 6645  13.96865007 2
8564 5731 6645  8.29073798 2
8565 5779 6926  23.74014082 1
8566 5779 6926  16.58178284 1
8567 5510 6924  -0.52620525 1
8568 5510 6924  -1.61565964 2
8569 5121 5584  2.40014499 2
8570 5121 5584  5.54368370 1
8571 6194 6085  -3.81845320 2
8572 6194 6085  -2.86285237 2
8573 5742 5295  1.54683868 1
8574 5742 5295  5.87640232 2
8575 7063 6251  7.48091525 2
8576 7063 6251  8.05894136 2
8577 5121 5772  -1.64306507 1
8578 5121 5772  -3.11481481 2
8579 6354 6951  10.15229917 1
8580 6354 6951  11.77431979 2
8581 7018 6860  12.53166663 2
8582 7018 6860  13.69225420 1
8583 5610 5287  11.24415018 1
8584 5610 5287  8.20092744 2
8585 5660 5831  16.11843542 2
8586 5660 5831  12.74389805 1
8587 5668 5575  6.67266767 1
8588 5668 5575  16.23138777 2
8589 6081 5205  -0.51017225 2
8590 6081 5205  -1.49000903 2
8591 5697 6331  0.97700635 1
8592 5697 6331  3.54428501 1
8593 6755 6244  13.14724542 2
8594 6755 6244  9.06479620 2
8595 5660 6728  19.10194910 1
8596 5660 6728  12.00531187 1
8597 6603 6060  8.79217228 2
8598 6603 6060  11.63606502 2
8599 6814 5133  14.19816492 1
8600 6814 5133  13.65397642 2
8601 6118 6949  8.18575984 1
8602 6118 6949  7.33767599 2
8603 6762 6792  -1.31594709 2
8604 6762 6792  0.04912304 2
8605 6905 6080  9.70348124 2
8606 6905 6080  8.66523650 1
8607 5622 6643  2.34351788 1
8608 5622 6643  4.44789113 1
8609 5631 6299  9.58073225 2
8610 5631 6299  10.81292710 1
8611 6548 5798  14.67042282 2
8612 6548 5798  13.43626118 2
8613 5731 7019  6.75361753 2
8614 5731 7019  6.44261090 2
8615 6940 7066  3.98951127 1
8616 6940 7066  0.07654290 2
8617 5714 6605  1.49087164 1
8618 5714 6605  4.72196766 1
8619 5643 5709  8.99772658 2
8620 5643 5709  4.91403612 2
8621 5483 5745  17.09996311 2
8622 5483 5745  10.72773318 2
8623 5730 6359  12.83335093 2
8624 5730 6359  13.41848179 2
8625 5634 5794  0.94121263 2
8626 5634 5794  -2.33804238 1
8627 5643 6906  9.50837344 2
8628 5643 6906  13.07114301 2
8629 5614 6229  9.59492204 2
8630 5614 6229  9.05186401 2
8631 5495 5284  11.50800342 2
8632 5495 5284  8.53174395 1
8633 6603 6527  2.88232787 1
8634 6603 6527  2.66366384 2
8635 5181 6807  13.67330265 1
8636 5181 6807  14.75247247 1
8637 5465 5500  0.18993418 1
8638 5465 5500  6.03142476 2
8639 6498 5982  8.86754582 2
8640 6498 5982  11.42239803 2
8641 5714 5246  12.08122968 2
8642 5714 5246  6.04783618 1
8643 6055 6768  6.96146067 2
8644 6055 6768  4.82741592 1
8645 6720 6274  19.07766905 2
8646 6720 6274  22.97058544 1
8647 5800 6948  1.24195197 2
8648 5800 6948  3.02404261 2
8649 5672 6846  4.97832695 2
8650 5672 6846  3.57949550 1
8651 5855 5767  -0.36478016 2
8652 5855 5767  0.70266014 2
8653 5482 6181  11.25074601 2
8654 5482 6181  14.51324653 2
8655 6354 6672  2.89641572 2
8656 6354 6672  2.49580772 2
8657 5427 6500  1.30785705 2
8658 5427 6500  1.05856887 2
8659 5663 5473  2.63543194 2
8660 5663 5473  4.21231068 2
8661 5797 6037  18.51769184 2
8662 5797 6037  12.47197051 2
8663 6755 6240  10.68327299 1
8664 6755 6240  13.55636267 1
8665 5268 6701  6.29474195 2
8666 5268 6701  4.72793788 2
8667 5105 5335  1.57716220 2
8668 5105 5335  12.76040745 2
8669 6216 6124  0.96308184 1
8670 6216 6124  3.76719332 1
8671 5531 6314  5.43137145 2
8672 5531 6314  8.62595922 2
8673 6973 5986  11.42031628 2
8674 6973 5986  9.34082516 2
8675 6814 5648  6.24153082 2
8676 6814 5648  4.61331626 1
8677 6460 6754  8.73259799 2
8678 6460 6754  6.28602154 1
8679 5181 5490  11.29232540 1
8680 5181 5490  9.91046261 1
8681 6498 5472  2.27818664 2
8682 6498 5472  4.96955421 2
8683 5143 6551  11.27547314 2
8684 5143 6551  6.97611119 1
8685 5614 5141  6.31127916 2
8686 5614 5141  8.79776271 2
8687 5697 5145  4.37916645 2
8688 5697 5145  6.21673052 1
8689 7016 5825  11.09817130 2
8690 7016 5825  11.25602739 1
8691 5690 6599  3.42963758 1
8692 5690 6599  5.53550869 2
8693 6555 6161  -3.82758705 2
8694 6555 6161  -0.19709260 2
8695 5129 6086  5.06579020 1
8696 5129 6086  2.91608871 2
8697 6212 6539  13.57264625 1
8698 6212 6539  7.87781055 2
8699 6744 5763  4.62977593 2
8700 6744 5763  5.49106339 2
8701 5779 6737  11.09059064 1
8702 5779 6737  12.38731481 2
8703 5800 5346  2.50535422 1
8704 5800 5346  3.16815678 2
8705 5672 6008  10.43442643 2
8706 5672 6008  8.16746433 1
8707 5107 6256  10.30077534 2
8708 5107 6256  11.87593066 2
8709 7096 6877  4.27231504 1
8710 7096 6877  0.63535092 2
8711 6755 5823  5.51443189 2
8712 6755 5823  8.03173449 2
8713 5746 5349  7.74420662 2
8714 5746 5349  12.96497684 2
8715 7016 5304  10.21179401 2
8716 7016 5304  8.98274541 2
8717 5622 5765  7.24430339 2
8718 5622 5765  8.29813164 2
8719 6650 6128  4.49663191 2
8720 6650 6128  7.60613342 2
8721 5622 5538  5.26476195 2
8722 5622 5538  8.43025581 1
8723 5672 6943  9.37305668 2
8724 5672 6943  12.66409265 2
8725 5268 6220  10.01415319 1
8726 5268 6220  14.63559682 2
8727 6065 5858  18.08705161 2
8728 6065 5858  8.26327901 2
8729 6755 5819  11.01543997 1
8730 6755 5819  13.02548741 2
8731 5742 6136  1.14496455 2
8732 5742 6136  7.60232308 1
8733 6081 5662  3.42248897 1
8734 6081 5662  5.89724326 2
8735 6603 5298  4.10599468 2
8736 6603 5298  -2.28011193 2
8737 6216 5627  8.51120499 1
8738 6216 5627  11.87903141 2
8739 6803 7090  -3.91307609 2
8740 6803 7090  3.52276934 2
8741 5482 7023  13.44130280 1
8742 5482 7023  11.31740306 2
8743 5482 6830  15.99322680 1
8744 5482 6830  11.60929979 1
8745 5406 6593  3.11335326 2
8746 5406 6593  4.83834624 2
8747 7016 5267  10.90855734 1
8748 7016 5267  12.87490748 2
8749 5797 6981  11.05709146 1
8750 5797 6981  6.01868778 2
8751 6194 5321  -3.45557747 1
8752 6194 5321  -9.23269925 2
8753 6916 5733  8.68621224 2
8754 6916 5733  5.35326034 2
8755 5791 5644  10.56357614 2
8756 5791 5644  5.98664079 2
8757 5427 5433  5.79187091 2
8758 5427 5433  12.14408935 2
8759 6940 6464  -1.98474266 1
8760 6940 6464  -5.29941072 2
8761 5465 5694  -0.74960512 2
8762 5465 5694  -2.68991930 2
8763 6319 5880  11.38170266 2
8764 6319 5880  10.75131520 2
8765 6194 6652  18.61178268 1
8766 6194 6652  10.91951508 2
8767 5855 6230  11.94534250 2
8768 5855 6230  21.53791895 1
8769 6574 5242  9.57538525 2
8770 6574 5242  7.21969293 1
8771 5634 6072  8.26887948 1
8772 5634 6072  7.13459202 2
8773 5299 5160  10.33278020 1
8774 5299 5160  15.10166118 2
8775 6065 5961  10.58881598 2
8776 6065 5961  13.64928170 2
8777 5647 6147  5.58905943 1
8778 5647 6147  6.71203594 2
8779 5268 5595  6.72480306 2
8780 5268 5595  4.02693064 2
8781 6878 5361  5.77367703 2
8782 6878 5361  6.14687693 1
8783 5731 5446  7.92384459 2
8784 5731 5446  2.88007805 2
8785 5730 5116  22.77068206 2
8786 5730 5116  23.42612863 2
8787 5779 6103  11.81680466 1
8788 5779 6103  10.46035534 2
8789 5521 5529  8.16053581 1
8790 5521 5529  9.52565193 2
8791 6803 6890  2.35519093 1
8792 6803 6890  3.16289563 2
8793 6548 5308  12.34570312 2
8794 6548 5308  10.74256628 2
8795 5427 5384  2.64695234 2
8796 5427 5384  1.91025027 2
8797 6319 5645  -1.68120037 2
8798 6319 5645  0.86752021 1
8799 5181 6130  14.75376430 1
8800 5181 6130  24.28967554 1
8801 5483 6111  9.94911412 2
8802 5483 6111  8.16105365 2
8803 5465 6583  5.05923379 2
8804 5465 6583  6.01447167 1
8805 7018 5244  18.33626636 2
8806 7018 5244  23.43924384 1
8807 6744 6302  7.15010428 1
8808 6744 6302  5.90861532 1
8809 7016 6238  13.55321096 2
8810 7016 6238  12.03043471 1
8811 5668 5979  10.78790154 2
8812 5668 5979  10.96249424 2
8813 5121 7037  6.62848094 2
8814 5121 7037  5.86711395 1
8815 6009 5221  10.76471674 2
8816 6009 5221  7.23962041 2
8817 5107 6075  8.38594278 2
8818 5107 6075  11.18616516 2
8819 6069 6495  10.20439808 1
8820 6069 6495  8.34739502 2
8821 6689 7079  6.97630941 2
8822 6689 7079  10.55816122 2
8823 5482 5331  17.67346012 2
8824 5482 5331  11.77062708 1
8825 6930 6260  5.41174702 2
8826 6930 6260  -1.75000591 1
8827 5610 5628  10.88502971 2
8828 5610 5628  12.06855358 1
8829 5668 6976  7.09398039 2
8830 5668 6976  8.97395171 1
8831 5800 6393  9.47888591 2
8832 5800 6393  10.03811230 2
8833 5664 5875  0.44937694 2
8834 5664 5875  0.14575755 1
8835 5495 6449  13.32596332 1
8836 5495 6449  15.89335660 2
8837 5299 6312  2.23249075 1
8838 5299 6312  3.30386472 2
8839 6000 6032  2.83393647 2
8840 6000 6032  -1.04332549 1
8841 6081 6012  6.37328346 2
8842 6081 6012  6.71716979 2
8843 6340 5479  9.09342092 2
8844 6340 5479  8.11781777 2
8845 5791 6504  10.01618819 1
8846 5791 6504  4.65832828 2
8847 5247 6804  7.81951244 2
8848 5247 6804  4.66690134 1
8849 5680 6936  9.77026077 2
8850 5680 6936  11.71814902 2
8851 5107 5110  1.02343014 2
8852 5107 5110  10.95358454 2
8853 6855 5998  -2.90664139 2
8854 6855 5998  1.56691929 2
8855 7063 5513  9.55685242 2
8856 7063 5513  14.36653647 2
8857 7098 6202  8.49873002 2
8858 7098 6202  3.71435319 1
8859 7018 7078  3.75030813 2
8860 7018 7078  6.94567902 2
8861 5668 6415  5.50445585 2
8862 5668 6415  5.21976462 1
8863 5121 6042  8.27748834 2
8864 5121 6042  9.76030853 1
8865 5791 6899  -8.20095831 2
8866 5791 6899  -0.31016776 2
8867 5105 6466  10.53335422 2
8868 5105 6466  9.62102053 2
8869 6794 5616  7.10695784 2
8870 6794 5616  2.48295375 2
8871 6814 5907  10.66300422 2
8872 6814 5907  11.43791362 2
8873 5909 5203  3.45077538 2
8874 5909 5203  4.63503982 2
8875 5495 6440  6.58998245 2
8876 5495 6440  8.39815659 2
8877 6194 5960  -0.63835199 2
8878 6194 5960  1.42333876 2
8879 6814 5175  1.94468217 2
8880 6814 5175  1.86022550 2
8881 7063 6591  6.14643251 2
8882 7063 6591  2.18455369 1
8883 5643 6285  2.88248224 2
8884 5643 6285  6.93442928 2
8885 5247 5570  5.20628942 2
8886 5247 5570  4.94546383 1
8887 5822 6800  2.35767740 2
8888 5822 6800  7.07611670 2
8889 5299 5413  1.58642452 2
8890 5299 5413  -0.67260785 1
8891 5181 6961  11.34615061 1
8892 5181 6961  10.04073986 1
8893 6973 6475  3.85569028 2
8894 6973 6475  4.29760340 1
8895 5730 5512  15.93104235 2
8896 5730 5512  12.87012943 1
8897 5746 6531  8.50154710 2
8898 5746 6531  7.41963298 2
8899 5822 6725  11.74319082 2
8900 5822 6725  9.13651170 1
8901 5714 7074  4.61169414 2
8902 5714 7074  4.94946176 1
8903 5300 5811  9.59650802 2
8904 5300 5811  19.52351201 2
8905 5647 5649  16.96820083 1
8906 5647 5649  10.66562505 1
8907 6498 6007  9.23253589 2
8908 6498 6007  9.11249656 1
8909 6498 6708  2.18043684 2
8910 6498 6708  0.25695901 1
8911 6930 6497  4.69524432 2
8912 6930 6497  1.85329821 2
8913 5521 5528  -2.05672502 2
8914 5521 5528  -5.84296431 2
8915 5483 6631  12.02216054 1
8916 5483 6631  9.51027882 2
8917 6878 6095  8.49411362 2
8918 6878 6095  2.15885814 1
8919 5660 7026  5.32191917 2
8920 5660 7026  3.30671242 1
8921 5143 5385  9.40023624 2
8922 5143 5385  7.05626113 1
8923 6212 6386  4.41400356 1
8924 6212 6386  0.06148586 2
8925 6002 5652  -3.72607796 2
8926 6002 5652  -1.32331589 2
8927 6118 5405  7.00392754 1
8928 6118 5405  2.77509944 2
8929 6510 6609  11.43979878 2
8930 6510 6609  11.82295911 2
8931 5855 5939  6.99474557 2
8932 5855 5939  1.83306714 2
8933 6510 5965  1.75696660 1
8934 6510 5965  5.72360625 1
8935 5791 6048  12.37077716 2
8936 5791 6048  9.31410413 2
8937 5427 5452  11.77141493 2
8938 5427 5452  4.20889746 2
8939 6100 5674  9.34864788 2
8940 6100 5674  6.88459696 2
8941 6744 6910  2.25982345 2
8942 6744 6910  0.51920270 2
8943 5406 5392  10.04033374 2
8944 5406 5392  10.97519394 2
8945 7018 6420  11.22885169 2
8946 7018 6420  16.39488201 1
8947 6394 5305  4.41824190 2
8948 6394 5305  7.93446547 2
8949 6100 5329  7.45915216 2
8950 6100 5329  9.84450786 1
8951 6855 5197  1.04576156 1
8952 6855 5197  -3.12740025 1
8953 6498 6167  16.48850081 1
8954 6498 6167  3.99264576 2
8955 5483 6375  16.18071662 2
8956 5483 6375  14.13247368 2
8957 5622 6868  9.22543956 1
8958 5622 6868  13.12966521 2
8959 6973 5395  -1.07120993 2
8960 6973 5395  5.64484254 2
8961 5406 6917  -1.43648277 2
8962 5406 6917  -0.83599575 1
8963 6498 6935  11.79035766 2
8964 6498 6935  7.03000276 2
8965 5791 5761  9.70039113 2
8966 5791 5761  22.03572053 1
8967 6118 6177  3.65735651 2
8968 6118 6177  3.43888205 2
8969 5855 5379  1.07173871 2
8970 5855 5379  2.57061758 1
8971 5495 5327  11.99972020 2
8972 5495 5327  12.76814473 1
8973 5521 5341  11.93691873 2
8974 5521 5341  7.96137074 2
8975 5521 6970  11.10199209 1
8976 5521 6970  8.98782410 1
8977 5521 6987  -0.78214055 2
8978 5521 6987  3.01541713 2
8979 5105 6813  12.16240746 2
8980 5105 6813  8.31638744 2
8981 5839 5233  2.42171979 2
8982 5839 5233  3.04343716 2
8983 5465 5447  9.19056629 2
8984 5465 5447  5.13863726 2
8985 5483 6667  14.09830218 1
8986 5483 6667  11.53511149 2
8987 6930 5389  10.01665324 2
8988 6930 5389  7.68398836 2
8989 5555 5124  6.63737182 2
8990 5555 5124  5.45576043 2
8991 6083 6809  17.40182519 2
8992 6083 6809  11.68430792 2
8993 6855 5999  5.65322836 2
8994 6855 5999  1.61953817 2
8995 6065 6915  9.96299995 2
8996 6065 6915  10.64864546 2
8997 5268 6448  12.24471785 2
8998 5268 6448  7.53151267 2
8999 6502 6585  13.51262531 2
9000 6502 6585  9.65318321 2
9001 6555 6922  9.18301959 2
9002 6555 6922  9.66618545 2
9003 6083 5423  4.65599811 2
9004 6083 5423  5.84602887 2
9005 5631 5412  16.98320239 2
9006 5631 5412  15.10853587 2
9007 5121 6338  9.72903396 1
9008 5121 6338  14.72248823 2
9009 6930 5844  0.19942748 2
9010 6930 5844  4.14048002 1
9011 6916 5241  10.23155566 1
9012 6916 5241  12.38420155 1
9013 6364 7076  4.26153987 2
9014 6364 7076  4.35999145 2
9015 5909 5167  4.85770662 1
9016 5909 5167  7.85212258 2
9017 5643 6034  10.34305818 2
9018 5643 6034  7.25534746 2
9019 6216 6013  11.88639645 2
9020 6216 6013  7.85896294 2
9021 6973 5108  10.20577625 1
9022 6973 5108  6.07471650 1
9023 7063 5517  11.37664879 1
9024 7063 5517  6.65688758 2
9025 5553 5182  12.53907111 1
9026 5553 5182  14.02529531 2
9027 5714 6105  6.15039950 1
9028 5714 6105  4.93138342 2
9029 6460 5258  11.02690264 2
9030 6460 5258  8.87662969 2
9031 6081 6403  1.68900508 2
9032 6081 6403  2.96264725 1
9033 5672 5178  10.31130387 2
9034 5672 5178  12.61430267 2
9035 5427 6196  6.86048153 2
9036 5427 6196  5.62042746 2
9037 5800 5956  3.02106204 1
9038 5800 5956  1.51468455 2
9039 5631 6455  6.21564723 2
9040 5631 6455  6.05628441 2
9041 5668 5135  6.45536131 2
9042 5668 5135  9.81597831 2
9043 5268 6851  5.55210073 2
9044 5268 6851  13.90193077 2
9045 5105 7051  14.68359231 1
9046 5105 7051  8.47221683 2
9047 5406 6761  10.99798835 2
9048 5406 6761  3.89859688 2
9049 5664 5541  1.22459889 2
9050 5664 5541  -1.17154693 1
9051 6689 5391  22.56970485 1
9052 6689 5391  14.93479283 2
9053 5697 6512  7.03213352 2
9054 5697 6512  6.51151939 1
9055 6216 5543  13.36497292 2
9056 6216 5543  6.77361133 2
9057 6354 5458  7.37140131 1
9058 6354 5458  5.77091075 2
9059 6319 6224  4.95546331 2
9060 6319 6224  3.00573489 1
9061 6164 6378  -0.32064484 2
9062 6164 6378  -4.86915108 2
9063 5129 6532  8.86197619 1
9064 5129 6532  4.65628133 2
9065 6603 5209  8.55426353 2
9066 6603 5209  1.86811800 2
9067 5730 6349  15.83094605 1
9068 5730 6349  16.10329227 2
9069 5105 6101  10.00610371 1
9070 5105 6101  9.60703002 2
9071 5300 6820  21.16773814 2
9072 5300 6820  19.05619698 1
9073 5680 5771  10.09402471 2
9074 5680 5771  9.65806290 2
9075 6603 6049  0.05029475 1
9076 6603 6049  3.24254358 1
9077 5839 6266  2.85912093 2
9078 5839 6266  -0.01055252 2
9079 6083 6098  8.90876462 2
9080 6083 6098  2.82989151 2
9081 6555 5318  1.85111154 2
9082 6555 5318  2.63631540 2
9083 5129 5830  5.15533503 2
9084 5129 5830  5.28355568 1
9085 6055 5836  4.24505109 1
9086 6055 5836  -1.65129404 1
9087 5107 6322  11.37117623 1
9088 5107 6322  7.43550170 1
9089 5940 6788  4.66130785 2
9090 5940 6788  0.75880391 2
9091 6081 6576  -2.27716256 2
9092 6081 6576  -1.54569011 2
9093 6574 6774  8.40988068 1
9094 6574 6774  5.96527713 2
9095 6973 6793  5.70866220 2
9096 6973 6793  4.14764325 1
9097 5746 5152  0.73609332 2
9098 5746 5152  3.13228148 2
9099 5247 6664  2.25118266 1
9100 5247 6664  -4.56625704 2
9101 7659 7470  6.49035680 1
9102 7659 7470  6.29035569 2
9103 7287 8131  4.54462259 2
9104 7287 8131  -0.65792773 2
9105 8923 7684  -3.70853528 2
9106 8923 7684  2.12389641 2
9107 8690 9031  6.56823280 2
9108 8690 9031  5.89637917 2
9109 8013 7478  9.54788926 1
9110 8013 7478  9.38337870 1
9111 8749 8809  11.18583104 2
9112 8749 8809  8.61571906 1
9113 8144 8416  6.72493555 2
9114 8144 8416  7.86952702 2
9115 8765 7762  8.78538431 1
9116 8765 7762  8.00054540 2
9117 8894 8122  3.71488292 1
9118 8894 8122  2.05397527 1
9119 9045 8384  8.27622973 2
9120 9045 8384  8.13262922 2
9121 8583 8955  13.75954252 2
9122 8583 8955  15.35209420 2
9123 8946 7621  13.51470711 1
9124 8946 7621  14.82060010 2
9125 7573 7341  7.10502602 1
9126 7573 7341  5.31901582 2
9127 8377 8853  3.12413587 2
9128 8377 8853  4.84609017 1
9129 8268 7877  8.18111043 2
9130 8268 7877  12.36961636 2
9131 8377 8115  10.78215068 1
9132 8377 8115  8.70345530 1
9133 7631 7822  -0.60448042 1
9134 7631 7822  7.02394284 2
9135 7588 7640  14.03484028 2
9136 7588 7640  3.73752553 1
9137 7710 7338  13.27640680 2
9138 7710 7338  10.33025877 2
9139 8148 7383  20.56430941 1
9140 8148 7383  13.40532374 1
9141 8118 7342  7.25959310 2
9142 8118 7342  8.45018146 1
9143 8341 8945  4.21074064 1
9144 8341 8945  2.33608412 2
9145 7340 7944  16.70947678 2
9146 7340 7944  15.64635396 1
9147 7559 8453  10.30343235 1
9148 7559 8453  7.57560258 2
9149 8021 7896  9.27961722 2
9150 8021 7896  10.22469155 2
9151 7740 7936  5.18088594 1
9152 7740 7936  7.43962342 2
9153 7506 7325  8.36006042 2
9154 7506 7325  10.22954315 2
9155 8951 7616  9.00970949 2
9156 8951 7616  10.43173050 2
9157 7588 7373  13.41122956 2
9158 7588 7373  10.64967912 2
9159 7941 7395  10.20241874 1
9160 7941 7395  10.30922231 2
9161 8565 7634  8.65066889 2
9162 8565 7634  5.83401022 2
9163 7180 7845  3.18585314 2
9164 7180 7845  4.89892989 2
9165 8165 7947  20.48073870 2
9166 8165 7947  13.37100048 1
9167 8013 7932  21.65393990 2
9168 8013 7932  26.30364491 2
9169 8905 8415  11.63023053 1
9170 8905 8415  10.87065245 2
9171 7720 8214  -3.25603831 2
9172 7720 8214  -4.76712138 1
9173 7593 8461  6.67687863 2
9174 7593 8461  10.52462213 1
9175 7629 7197  16.61182951 2
9176 7629 7197  22.91477556 1
9177 8165 8312  14.81257613 2
9178 8165 8312  12.93684603 2
9179 8075 7473  8.61370029 2
9180 8075 7473  3.48608420 2
9181 7770 8859  4.01707006 2
9182 7770 8859  6.22374693 2
9183 8111 8763  7.11700031 1
9184 8111 8763  9.38756302 2
9185 7720 8899  13.49537963 2
9186 7720 8899  13.56100427 1
9187 7128 7336  6.43549161 2
9188 7128 7336  7.00124277 2
9189 7350 7207  8.52694155 2
9190 7350 7207  12.02883061 2
9191 9045 8818  19.31767259 1
9192 9045 8818  15.06947998 1
9193 7941 7413  9.48406663 2
9194 7941 7413  11.88800160 2
9195 8565 8171  19.62630188 2
9196 8565 8171  23.56077577 2
9197 7451 7780  11.38635148 1
9198 7451 7780  7.59069599 1
9199 7246 9033  7.00169319 2
9200 7246 9033  10.84673802 1
9201 8565 8009  24.86633038 2
9202 8565 8009  21.46693862 2
9203 7430 7267  2.13305920 2
9204 7430 7267  2.04829002 1
9205 7966 7841  9.32231109 2
9206 7966 7841  2.62841970 1
9207 7816 7977  14.48961025 2
9208 7816 7977  10.53072389 1
9209 9015 8321  -0.35787260 2
9210 9015 8321  -0.58557183 2
9211 7487 7116  9.21286453 2
9212 7487 7116  10.37135141 2
9213 8409 8347  7.04615768 2
9214 8409 8347  8.02400929 2
9215 7720 7842  7.40715200 2
9216 7720 7842  13.65106550 2
9217 7631 8356  10.35020637 2
9218 7631 8356  4.88042689 2
9219 8103 7728  6.08340555 2
9220 8103 7728  8.40215666 1
9221 8737 8059  10.80214217 2
9222 8737 8059  7.10102166 1
9223 7246 7401  7.42482866 1
9224 7246 7401  5.34198652 2
9225 8268 8094  5.32183068 1
9226 8268 8094  5.65790171 1
9227 8021 7983  11.57332032 2
9228 8021 7983  10.88599184 2
9229 7365 8239  19.61949948 2
9230 7365 8239  19.41931772 1
9231 8646 7844  15.86990184 1
9232 8646 7844  11.55632742 2
9233 8951 8875  4.07498126 1
9234 8951 8875  -1.10733514 2
9235 9051 8077  9.54839868 2
9236 9051 8077  11.68750633 2
9237 8286 8514  13.48797183 1
9238 8286 8514  10.40256339 1
9239 8369 8288  13.64777387 2
9240 8369 8288  8.27061771 2
9241 7438 7870  11.57476101 2
9242 7438 7870  13.91019047 2
9243 9012 8851  8.30620348 2
9244 9012 8851  2.98151623 2
9245 9045 7953  12.96145590 2
9246 9045 7953  13.17188374 1
9247 7740 7229  7.70704205 2
9248 7740 7229  5.22730497 2
9249 8800 8402  19.87147530 2
9250 8800 8402  12.10908814 2
9251 7862 8861  9.81624610 2
9252 7862 8861  6.36941386 1
9253 7710 8539  11.44872105 1
9254 7710 8539  10.90691078 2
9255 9015 8879  3.37630309 2
9256 9015 8879  2.43318639 2
9257 8768 7799  13.47757838 2
9258 8768 7799  19.66542710 2
9259 7412 7380  10.67725859 2
9260 7412 7380  8.92623523 2
9261 8583 8694  -2.28833443 2
9262 8583 8694  8.43903247 2
9263 8923 7186  1.18825909 1
9264 8923 7186  5.29992878 2
9265 8749 7795  7.46333745 2
9266 8749 7795  10.81970457 2
9267 7340 8456  10.06808621 2
9268 7340 8456  12.74952743 2
9269 8075 7508  12.00005974 2
9270 8075 7508  11.18053749 2
9271 7629 8481  14.92118786 1
9272 7629 8481  18.03741488 2
9273 7526 9047  14.25094460 2
9274 7526 9047  13.86848771 2
9275 7438 8145  12.08613860 2
9276 7438 8145  6.98882444 2
9277 8768 7416  14.95713920 2
9278 8768 7416  19.81386576 2
9279 8886 8042  4.99717946 2
9280 8886 8042  -3.42085177 2
9281 8088 7314  1.47832060 1
9282 8088 7314  3.15558338 2
9283 7423 7351  24.36735980 1
9284 7423 7351  14.24598840 1
9285 7593 8775  5.99310903 2
9286 7593 8775  9.50785801 1
9287 8610 7281  7.72645910 2
9288 8610 7281  10.68103571 2
9289 7350 9036  10.85260413 2
9290 7350 9036  11.38626339 2
9291 8103 8017  14.51214746 2
9292 8103 8017  14.45424652 2
9293 7629 7515  7.47177595 2
9294 7629 7515  12.98350556 2
9295 8283 7837  13.12961375 2
9296 8283 7837  12.88432725 2
9297 8454 7838  6.88751085 2
9298 8454 7838  9.86988796 2
9299 8144 7835  11.67756562 2
9300 8144 7835  3.60882134 2
9301 8646 7956  16.43835316 1
9302 8646 7956  10.00848528 2
9303 7128 7954  14.66169094 2
9304 7128 7954  13.57674742 1
9305 8377 7472  8.33454509 2
9306 8377 7472  12.37983015 2
9307 7428 8874  8.31733050 2
9308 7428 8874  4.64513376 1
9309 8103 8362  17.85243276 1
9310 8103 8362  24.41658483 2
9311 8295 8916  14.87417700 2
9312 8295 8916  15.99803477 2
9313 8013 9038  14.10538654 2
9314 8013 9038  15.47272600 2
9315 8443 7743  9.44005268 2
9316 8443 7743  5.55418059 2
9317 7941 7817  8.11134617 2
9318 7941 7817  11.89213496 1
9319 8737 8761  4.79956164 1
9320 8737 8761  4.76514198 2
9321 8369 7331  10.04649488 2
9322 8369 7331  11.12624853 2
9323 8923 7131  15.25455826 1
9324 8923 7131  12.07970533 2
9325 7827 7224  7.48003025 1
9326 7827 7224  8.69097010 2
9327 7423 7255  14.51485494 1
9328 7423 7255  15.37013057 2
9329 8075 8275  20.78172668 2
9330 8075 8275  18.47744230 2
9331 7710 7722  11.30446932 2
9332 7710 7722  13.11667644 2
9333 8101 7675  -0.82188012 2
9334 8101 7675  0.79642551 2
9335 7740 8865  -4.48441831 1
9336 7740 8865  -0.72825865 1
9337 7559 9005  13.57113503 2
9338 7559 9005  16.49395847 1
9339 7449 8245  15.00339584 2
9340 7449 8245  11.22827778 2
9341 8118 7732  10.25431575 2
9342 8118 7732  6.88347499 2
9343 7449 7943  17.91374969 1
9344 7449 7943  18.53933259 1
9345 8966 8897  13.68108451 2
9346 8966 8897  13.57603657 1
9347 8377 8176  9.62285093 2
9348 8377 8176  2.26966727 2
9349 7361 8417  13.88522195 1
9350 7361 8417  13.24911157 2
9351 7378 7714  3.73549355 2
9352 7378 7714  11.07835270 2
9353 8768 7651  11.42609036 2
9354 8768 7651  13.14700111 2
9355 8966 9013  14.02774044 2
9356 8966 9013  15.56872625 2
9357 7246 7850  7.02772206 2
9358 7246 7850  9.84642661 1
9359 8905 7513  9.81712458 2
9360 8905 7513  7.15002252 2
9361 8377 8509  9.59683356 2
9362 8377 8509  10.23093564 2
9363 8737 8419  -1.36397953 1
9364 8737 8419  -2.08876112 2
9365 8295 8353  15.22320683 2
9366 8295 8353  11.18725655 2
9367 8355 9041  11.81534484 2
9368 8355 9041  8.60224115 2
9369 8173 7949  19.52433319 1
9370 8173 7949  18.47587697 2
9371 7740 8563  8.31925055 2
9372 7740 8563  21.48794710 1
9373 7451 8104  13.90291546 2
9374 7451 8104  16.98060011 1
9375 7631 8668  10.34869052 2
9376 7631 8668  17.21116832 1
9377 8369 8764  12.06290203 2
9378 8369 8764  9.75651272 2
9379 7573 7997  1.41654274 2
9380 7573 7997  7.28633431 1
9381 8318 7922  9.86954181 2
9382 8318 7922  11.91980439 2
9383 7770 7586  2.72087880 2
9384 7770 7586  0.79120564 2
9385 7123 7848  7.38676710 2
9386 7123 7848  9.23237700 2
9387 8894 7887  -1.67839544 2
9388 8894 7887  -1.71033781 2
9389 7740 7421  5.29757674 2
9390 7740 7421  9.57782906 2
9391 7487 9034  16.66183600 2
9392 7487 9034  17.65836521 2
9393 8148 9055  31.01864878 1
9394 8148 9055  13.17116122 2
9395 8894 8913  3.05837738 2
9396 8894 8913  2.31883751 2
9397 8951 7248  7.15799638 2
9398 8951 7248  5.32139800 2
9399 7423 7194  7.03330484 2
9400 7423 7194  11.53251858 2
9401 7340 7119  14.15069802 2
9402 7340 7119  13.25373942 1
9403 7371 8528  11.94525386 2
9404 7371 8528  20.95747946 2
9405 7451 7392  12.82890381 2
9406 7451 7392  16.61466903 2
9407 7526 8817  12.38934827 2
9408 7526 8817  9.12249339 2
9409 7994 7408  15.18210797 2
9410 7994 7408  11.94761895 2
9411 7371 8238  9.20357464 2
9412 7371 8238  12.97649655 1
9413 8105 8844  10.47393134 1
9414 8105 8844  12.73159911 1
9415 8946 8943  14.47055921 1
9416 8946 8943  10.16858908 1
9417 7827 7201  12.26467730 1
9418 7827 7201  11.81356446 1
9419 8610 8259  11.09131443 1
9420 8610 8259  3.83789873 2
9421 8101 8685  -1.96150183 2
9422 8101 8685  -1.13673585 2
9423 8690 7343  5.17444375 2
9424 8690 7343  10.40868267 2
9425 8894 8406  3.82308505 2
9426 8894 8406  7.19687478 2
9427 7361 8660  12.17367583 2
9428 7361 8660  11.19542382 1
9429 8111 8003  6.67218161 2
9430 8111 8003  3.86334394 2
9431 8173 7384  15.45106727 2
9432 8173 7384  10.50020881 2
9433 7710 7298  13.09725920 2
9434 7710 7298  13.80091695 2
9435 7287 7892  13.65404464 2
9436 7287 7892  11.47680258 1
9437 9012 7353  4.97950126 2
9438 9012 7353  6.78852697 2
9439 8144 8681  4.70150985 2
9440 8144 8681  5.94196083 2
9441 8768 8069  10.45107719 1
9442 8768 8069  9.99545119 2
9443 7340 8143  0.62169371 2
9444 7340 8143  11.85641538 1
9445 7631 8656  8.31897862 2
9446 7631 8656  4.08658292 2
9447 7292 7191  9.09159006 2
9448 7292 7191  3.83557486 2
9449 7487 8724  20.52021592 2
9450 7487 8724  19.57828539 2
9451 8690 8137  13.57223281 2
9452 8690 8137  8.37146881 1
9453 7291 8928  8.02161842 1
9454 7291 8928  0.59905580 2
9455 8013 7592  14.03799452 2
9456 8013 7592  13.16650740 2
9457 8664 8558  6.87866636 2
9458 8664 8558  10.84035174 2
9459 7123 8298  11.32004955 2
9460 7123 8298  10.31815931 1
9461 8144 8631  8.30438333 2
9462 8144 8631  9.30423502 2
9463 8021 8519  16.46916741 2
9464 8021 8519  16.38162885 2
9465 8690 7860  6.16330667 1
9466 8690 7860  9.44202235 2
9467 7941 7193  14.63284331 2
9468 7941 7193  14.15988788 2
9469 7340 7452  18.21267530 2
9470 7340 7452  17.56596772 1
9471 7350 8205  9.18913412 2
9472 7350 8205  10.51786002 2
9473 8946 8421  10.54976104 1
9474 8946 8421  8.39750407 2
9475 8951 7297  2.08272285 2
9476 8951 7297  1.04890388 1
9477 8284 8215  11.10915025 2
9478 8284 8215  8.66967761 1
9479 7365 8501  23.68295539 1
9480 7365 8501  20.37283493 1
9481 8369 8209  15.08317446 2
9482 8369 8209  14.91791042 1
9483 8105 8497  12.42646162 1
9484 8105 8497  9.38884262 1
9485 7816 8313  8.08161103 1
9486 7816 8313  11.25526581 2
9487 7378 8613  11.26108251 2
9488 7378 8613  11.52548156 1
9489 7350 8863  13.77167400 2
9490 7350 8863  14.90465200 1
9491 7959 8980  8.24479364 2
9492 7959 8980  7.84970373 2
9493 8103 8394  20.39328361 2
9494 8103 8394  12.74388757 1
9495 7959 7830  7.12814640 2
9496 7959 7830  2.83808520 2
9497 7816 7493  9.64425846 2
9498 7816 7493  9.36172527 2
9499 7350 8063  14.25832258 2
9500 7350 8063  12.85725832 1
9501 8284 7159  13.09314367 1
9502 8284 7159  8.58514195 1
9503 7350 8436  16.99628502 2
9504 7350 8436  17.14241160 2
9505 7292 8767  7.04604145 2
9506 7292 8767  8.91792631 2
9507 7449 9058  13.69463209 2
9508 7449 9058  8.74693413 2
9509 8369 8368  2.78813720 2
9510 8369 8368  10.54756727 2
9511 8953 8893  12.61325605 2
9512 8953 8893  10.46115625 2
9513 7340 8653  8.00570355 2
9514 7340 8653  13.11392552 2
9515 7128 7707  5.27766659 2
9516 7128 7707  5.41519681 1
9517 7593 7803  6.67424394 2
9518 7593 7803  9.35178043 2
9519 8765 8358  12.80413879 2
9520 8765 8358  12.24386435 2
9521 8295 8293  13.44945394 2
9522 8295 8293  19.17394652 2
9523 8021 7495  30.72233691 1
9524 8021 7495  27.13935416 2
9525 8737 8784  3.59144770 2
9526 8737 8784  2.19565175 2
9527 8286 7407  7.88722221 2
9528 8286 7407  10.29201785 2
9529 8284 7235  12.95807570 2
9530 8284 7235  11.93492987 2
9531 8286 7166  6.60174956 1
9532 8286 7166  8.64482043 2
9533 7720 8121  12.00114672 1
9534 7720 8121  4.08856020 2
9535 7770 8547  4.05969988 1
9536 7770 8547  2.71102240 2
9537 7720 8672  7.93579138 2
9538 7720 8672  11.16036890 2
9539 7966 8223  14.56755388 2
9540 7966 8223  19.74166694 1
9541 8105 7950  19.40748371 1
9542 8105 7950  18.00520306 2
9543 7291 8538  6.72202218 2
9544 7291 8538  4.31299897 2
9545 8923 7115  1.42751001 2
9546 8923 7115  4.45793576 2
9547 7526 7190  12.13177014 1
9548 7526 7190  13.95369302 2
9549 8105 8442  9.49387822 1
9550 8105 8442  10.47376707 1
9551 7966 8991  13.78272709 1
9552 7966 8991  14.31610913 2
9553 7292 8297  4.32129588 1
9554 7292 8297  2.90499062 2
9555 8101 8470  6.52712336 2
9556 8101 8470  10.64274539 2
9557 8105 8504  15.37231049 1
9558 8105 8504  21.61442833 2
9559 7365 7986  13.10315336 1
9560 7365 7986  10.44523595 2
9561 8646 7797  19.52639003 1
9562 8646 7797  19.03455533 2
9563 7128 8640  11.29219839 2
9564 7128 8640  18.12000060 2
9565 7559 7769  7.70117916 1
9566 7559 7769  11.69452285 2
9567 8454 8281  20.22327217 2
9568 8454 8281  18.01929244 2
9569 8454 8282  15.22579002 2
9570 8454 8282  19.50663908 2
9571 8737 7510  9.66376719 2
9572 8737 7510  8.87313979 1
9573 7423 7644  13.56573110 2
9574 7423 7644  12.87046206 2
9575 8966 7542  12.26178996 2
9576 8966 7542  9.16434671 2
9577 8111 7529  9.29434122 2
9578 8111 7529  11.49967189 2
9579 8318 8337  21.28662158 2
9580 8318 8337  17.21766439 2
9581 8286 7367  10.83824865 1
9582 8286 7367  15.30775711 2
9583 8953 8560  8.53021331 2
9584 8953 8560  11.19763256 2
9585 8610 8149  8.46173396 1
9586 8610 8149  5.76219907 1
9587 8946 8435  10.40169026 1
9588 8946 8435  11.47277564 2
9589 7994 7164  12.03616008 1
9590 7994 7164  9.41914477 1
9591 8595 8627  12.13129142 1
9592 8595 8627  20.49278278 1
9593 8583 7611  12.16687938 2
9594 8583 7611  10.07954925 1
9595 8565 8612  16.02293177 2
9596 8565 8612  21.98614167 2
9597 8697 8686  12.12355692 2
9598 8697 8686  10.07800046 2
9599 7588 8130  -0.99272301 2
9600 7588 8130  -0.13779902 1
9601 8166 8387  16.31084082 1
9602 8166 8387  12.94674892 2
9603 7428 8687  -2.92230109 2
9604 7428 8687  3.59858851 2
9605 7573 8499  -5.63585568 2
9606 7573 8499  -0.70815018 2
9607 8905 8584  12.63097006 1
9608 8905 8584  13.19356902 1
9609 8886 7907  -2.09011215 2
9610 8886 7907  6.33492216 2
9611 7412 7692  4.39778599 1
9612 7412 7692  4.25630991 2
9613 8268 7725  6.51049737 2
9614 8268 7725  9.13804008 1
9615 8697 8621  17.43529224 2
9616 8697 8621  17.14241646 2
9617 7526 8576  12.85084140 2
9618 7526 8576  9.05420518 1
9619 8166 8234  5.71137688 2
9620 8166 8234  11.64602102 1
9621 8646 7713  14.20336276 2
9622 8646 7713  8.50665406 2
9623 7423 7794  12.89301398 1
9624 7423 7794  11.85056564 2
9625 9015 8261  -5.84721690 2
9626 9015 8261  -2.15121595 2
9627 8013 8188  12.68243064 2
9628 8013 8188  17.20188926 2
9629 7123 8622  7.70508140 2
9630 7123 8622  1.99240017 2
9631 7412 7748  3.40529894 2
9632 7412 7748  3.76143554 2
9633 7256 7429  9.48531860 1
9634 7256 7429  9.78452660 2
9635 8886 8645  9.78433705 2
9636 8886 8645  21.33884790 1
9637 7862 8887  6.89065991 1
9638 7862 8887  7.56163555 2
9639 8283 7575  13.57348365 2
9640 8283 7575  19.86933856 1
9641 8765 8852  15.52711919 1
9642 8765 8852  18.00896863 2
9643 8148 7604  19.56027771 2
9644 8148 7604  24.92522752 1
9645 7775 7156  11.06820521 2
9646 7775 7156  11.88852155 2
9647 7827 8917  10.61561379 2
9648 7827 8917  10.41135564 2
9649 8905 7458  9.80146010 2
9650 8905 7458  14.16503798 2
9651 8101 7538  1.06343780 2
9652 8101 7538  -3.09224684 1
9653 7775 7967  16.07875672 1
9654 7775 7967  11.61804715 1
9655 7128 8389  10.98562460 2
9656 7128 8389  11.28302109 1
9657 8101 7942  4.90301262 1
9658 8101 7942  7.29339600 1
9659 8377 7411  21.38702238 1
9660 8377 7411  15.01890285 1
9661 7365 7435  14.99703045 2
9662 7365 7435  13.41815130 1
9663 8105 8997  21.33286210 2
9664 8105 8997  16.80603544 2
9665 8105 7265  14.78369806 2
9666 8105 7265  13.35538787 1
9667 7449 8843  11.83842708 1
9668 7449 8843  12.41822713 2
9669 7593 8801  15.66554057 1
9670 7593 8801  7.26607206 2
9671 7573 7415  2.92292709 2
9672 7573 7415  10.73916596 2
9673 8355 8352  11.88747512 1
9674 8355 8352  13.09399944 2
9675 7350 7477  8.75511550 2
9676 7350 7477  7.85685772 2
9677 7123 8812  10.08305411 2
9678 7123 8812  9.99634252 2
9679 7659 8305  13.19644116 2
9680 7659 8305  12.06398578 2
9681 7180 7474  -4.44289049 2
9682 7180 7474  0.22294420 1
9683 8946 7410  12.10977408 2
9684 8946 7410  10.94623277 1
9685 7875 7252  6.09759969 2
9686 7875 7252  9.38796935 2
9687 8165 8968  11.72905516 2
9688 8165 8968  13.35555212 1
9689 7378 8868  12.31758867 2
9690 7378 8868  13.25112071 2
9691 8454 7522  14.44074953 2
9692 8454 7522  15.33517437 1
9693 8013 8930  19.03788115 2
9694 8013 8930  20.92376090 2
9695 7506 8757  9.22537814 1
9696 7506 8757  6.22301675 1
9697 7851 7249  11.34044956 2
9698 7851 7249  9.12864093 2
9699 7292 8203  6.31999079 1
9700 7292 8203  6.17731338 2
9701 7816 8590  5.06440486 1
9702 7816 8590  6.40543900 1
9703 7593 7277  3.97981854 1
9704 7593 7277  6.78731468 2
9705 7593 8914  -0.62769248 1
9706 7593 8914  2.27494251 2
9707 7287 8227  7.53694487 2
9708 7287 8227  11.57182782 2
9709 7378 8769  14.47625349 2
9710 7378 8769  14.74507404 2
9711 8101 8941  7.43646416 2
9712 8101 8941  1.33072270 1
9713 7438 8745  7.43942027 1
9714 7438 8745  10.47449061 1
9715 7256 7578  8.04770298 1
9716 7256 7578  4.16476766 2
9717 8341 8619  8.11751774 1
9718 8341 8619  5.43451148 2
9719 8646 8594  15.43958604 2
9720 8646 8594  16.52474465 2
9721 8923 7358  -0.53176891 2
9722 8923 7358  -1.93995475 2
9723 8111 8036  8.50904853 2
9724 8111 8036  10.66061689 2
9725 8946 7512  4.84229788 2
9726 8946 7512  7.51408678 1
9727 9051 8935  17.68752751 1
9728 9051 8935  23.73908526 1
9729 7378 8401  16.83486878 2
9730 7378 8401  23.68611354 2
9731 8118 9006  17.76580192 2
9732 8118 9006  17.35511205 2
9733 8295 8549  16.63966941 1
9734 8295 8549  21.40466987 2
9735 8409 7238  12.35493784 2
9736 8409 7238  11.26707874 1
9737 7412 7771  9.33576770 2
9738 7412 7771  2.65212267 2
9739 7423 9095  12.51461139 2
9740 7423 9095  10.60728864 2
9741 8088 7149  13.11009233 1
9742 8088 7149  17.43453019 2
9743 7959 8388  7.49491557 1
9744 7959 8388  7.95265568 2
9745 9015 8252  9.10688381 1
9746 9015 8252  10.47485099 2
9747 8610 7878  15.06714214 2
9748 8610 7878  12.15623424 2
9749 8318 7124  15.02326415 1
9750 8318 7124  12.74258309 2
9751 7340 7284  19.93444695 2
9752 7340 7284  21.31175655 2
9753 9045 8082  8.00402794 2
9754 9045 8082  7.19346014 2
9755 8075 7157  12.67541476 1
9756 8075 7157  9.46313996 2
9757 8148 7388  17.39207090 2
9758 8148 7388  17.39724730 2
9759 7438 7833  7.74714101 1
9760 7438 7833  5.66404011 2
9761 7588 7905  13.07135316 1
9762 7588 7905  15.26306000 2
9763 7246 8134  11.33410210 2
9764 7246 8134  15.58058655 1
9765 7629 8904  18.58229915 2
9766 7629 8904  20.63163347 2
9767 7180 8433  0.66620102 1
9768 7180 8433  -2.79457889 1
9769 7361 8132  16.70690417 1
9770 7361 8132  13.52799410 2
9771 8165 7890  9.95452334 2
9772 8165 7890  9.04140932 2
9773 8583 8832  11.38486235 2
9774 8583 8832  10.64592185 2
9775 7994 8667  13.35825439 2
9776 7994 8667  10.23867408 2
9777 7438 8052  9.04865318 1
9778 7438 8052  6.92471541 2
9779 7487 7146  22.06446096 1
9780 7487 7146  21.26671634 2
9781 8806 7418  18.41611077 2
9782 8806 7418  15.97202176 2
9783 9015 8714  10.62697740 1
9784 9015 8714  8.84631377 1
9785 8021 8253  11.60319189 2
9786 8021 8253  16.84895523 2
9787 7506 8515  15.24741147 2
9788 7506 8515  10.76650237 2
9789 8101 7313  -4.76418617 2
9790 8101 7313  -1.91031495 2
9791 8800 8717  14.73378365 2
9792 8800 8717  15.98396037 2
9793 8148 8279  10.16148593 2
9794 8148 8279  7.72381174 2
9795 8286 8597  12.66490869 1
9796 8286 8597  20.07224534 1
9797 8573 8849  0.24320805 2
9798 8573 8849  5.78277541 1
9799 8765 7767  22.22512910 2
9800 8765 7767  18.91699424 2
9801 7412 8959  0.68351158 2
9802 7412 8959  -1.00122157 2
9803 7256 7308  4.38952274 1
9804 7256 7308  5.25925078 2
9805 7629 7981  14.29271467 2
9806 7629 7981  13.60901063 1
9807 8088 8346  6.97578094 1
9808 8088 8346  7.84383502 2
9809 8749 8055  10.69041180 2
9810 8749 8055  14.09495896 2
9811 7128 7417  10.70139561 2
9812 7128 7417  11.27025459 2
9813 8165 7718  13.61231159 1
9814 8165 7718  14.80075576 1
9815 9045 7818  12.56986365 1
9816 9045 7818  12.05246864 2
9817 7371 8696  9.21217370 2
9818 7371 8696  7.78829770 2
9819 7573 9019  10.21235232 2
9820 7573 9019  11.27026915 2
9821 7862 8391  13.40853496 2
9822 7862 8391  10.11134436 2
9823 7371 7879  10.20851018 2
9824 7371 7879  8.77252204 1
9825 7287 8079  11.62623665 2
9826 7287 8079  12.23099175 1
9827 8864 8911  6.66989236 1
9828 8864 8911  10.87978239 2
9829 7350 8334  12.76896761 1
9830 7350 8334  7.35091873 2
9831 7430 7948  8.63950743 1
9832 7430 7948  11.77271305 1
9833 7816 8123  12.56410725 2
9834 7816 8123  14.78037421 2
9835 8690 8331  8.47640393 2
9836 8690 8331  4.26067270 2
9837 8454 8471  5.15108356 2
9838 8454 8471  9.72252131 1
9839 8088 8785  20.77742301 2
9840 8088 8785  20.49593046 2
9841 8886 8264  7.13436143 1
9842 8886 8264  7.07389403 2
9843 7775 8965  12.96775685 1
9844 7775 8965  12.72657655 2
9845 7659 7552  10.08029177 2
9846 7659 7552  10.90569557 2
9847 7451 7199  6.68761911 2
9848 7451 7199  5.63237212 2
9849 8953 8867  12.65271392 2
9850 8953 8867  14.55217896 2
9851 7740 7628  9.74244512 2
9852 7740 7628  7.05452711 2
9853 8690 7172  7.53170567 1
9854 8690 7172  7.64103359 2
9855 7246 7463  -4.92128159 2
9856 7246 7463  4.85519753 2
9857 7361 8108  10.27906515 2
9858 7361 8108  10.80784870 2
9859 7487 7843  15.26217646 2
9860 7487 7843  11.26099826 1
9861 8369 7961  6.72585871 2
9862 8369 7961  6.73828639 1
9863 7720 7203  13.94457940 1
9864 7720 7203  12.84553565 2
9865 8268 8589  4.83831893 1
9866 8268 8589  1.85966463 2
9867 8894 9016  6.61676595 2
9868 8894 9016  5.32574425 2
9869 9045 7105  6.93980921 1
9870 9045 7105  -0.15780438 2
9871 8286 8020  18.18458305 1
9872 8286 8020  13.35516781 2
9873 8664 9100  6.86294192 2
9874 8664 9100  4.92202200 2
9875 9051 8403  16.35134191 1
9876 9051 8403  14.25017497 1
9877 8101 8781  -2.85266846 1
9878 8101 8781  4.11502015 2
9879 8173 8578  3.84194886 2
9880 8173 8578  3.82249887 2
9881 8409 8202  8.22910255 2
9882 8409 8202  4.58071778 2
9883 7994 8718  23.29254221 2
9884 7994 8718  17.36916037 2
9885 8583 8466  9.93406074 2
9886 8583 8466  19.24771543 2
9887 8864 8996  9.89549963 1
9888 8864 8996  10.34406982 2
9889 8103 8698  13.23964225 2
9890 8103 8698  15.46418932 2
9891 8283 8604  6.20802791 1
9892 8283 8604  5.47040809 1
9893 8923 9017  5.61865785 1
9894 8923 9017  8.72947407 2
9895 8864 8217  10.29871326 2
9896 8864 8217  5.09775972 2
9897 8013 8793  18.08257722 1
9898 8013 8793  23.00997213 1
9899 8905 7935  11.42318254 1
9900 8905 7935  9.92701747 2
9901 8966 7456  14.18450570 2
9902 8966 7456  16.44088547 2
9903 7573 8151  5.08774317 2
9904 7573 8151  9.05205972 2
9905 8737 8211  6.96234154 2
9906 8737 8211  8.99272684 2
9907 7573 8002  6.04213500 2
9908 7573 8002  11.54379511 2
9909 8583 8516  7.61558957 2
9910 8583 8516  7.02971539 2
9911 7451 8365  12.56105137 2
9912 7451 8365  10.89768418 2
9913 7287 7215  9.44403651 2
9914 7287 7215  10.50662896 2
9915 8173 7519  14.99809932 2
9916 8173 7519  9.96686586 2
9917 8886 8058  7.56355957 2
9918 8886 8058  2.59481733 1
9919 7423 8359  12.17258672 2
9920 7423 8359  13.18353194 2
9921 7506 8700  7.42888271 2
9922 7506 8700  7.41813344 2
9923 8951 7363  9.22635029 2
9924 8951 7363  9.41071389 2
9925 7559 8316  8.03724993 2
9926 7559 8316  7.26249226 2
9927 7875 7861  15.31048252 2
9928 7875 7861  15.38205389 2
9929 8749 7328  8.47425333 1
9930 8749 7328  5.72902094 1
9931 9012 7577  9.64477416 1
9932 9012 7577  10.16846047 2
9933 7123 7469  2.06263889 2
9934 7123 7469  9.28173240 2
9935 7875 8857  12.00307956 1
9936 7875 8857  11.52907065 2
9937 8946 8008  10.74855508 1
9938 8946 8008  11.42567704 2
9939 7966 7737  9.97012915 2
9940 7966 7737  7.79535977 2
9941 7438 7254  7.00163850 2
9942 7438 7254  3.19859741 2
9943 8369 8513  11.11093586 2
9944 8369 8513  16.66683932 2
9945 8144 8061  5.43362281 1
9946 8144 8061  6.12275579 2
9947 8737 7636  -3.85539842 1
9948 8737 7636  -3.28804863 2
9949 7740 8487  9.15781420 2
9950 7740 8487  15.24010927 2
9951 7959 8025  6.09774232 2
9952 7959 8025  3.55328181 2
9953 8284 8213  8.19954119 2
9954 8284 8213  9.14699201 2
9955 8953 8068  10.29678787 2
9956 8953 8068  17.33127591 2
9957 8690 7650  1.16740906 2
9958 8690 7650  7.03399176 2
9959 9012 7584  4.37140635 1
9960 9012 7584  9.63498598 2
9961 8953 7946  10.00179015 2
9962 8953 7946  12.25791707 2
9963 9015 7160  6.03289695 1
9964 9015 7160  5.28294423 1
9965 8697 7222  15.10433087 2
9966 8697 7222  15.74089378 2
9967 8165 8233  16.64147004 1
9968 8165 8233  23.69266641 2
9969 7588 8260  7.96138622 2
9970 7588 8260  9.04503297 2
9971 8864 8921  11.10900172 2
9972 8864 8921  5.55735683 2
9973 7827 7142  12.72349367 1
9974 7827 7142  8.61745512 2
9975 8894 8652  3.65398227 2
9976 8894 8652  -0.91393295 2
9977 8894 8575  6.34319635 2
9978 8894 8575  2.07573484 2
9979 7371 8823  14.69165474 1
9980 7371 8823  18.72095069 1
9981 7966 7553  9.84374721 1
9982 7966 7553  13.97536020 1
9983 7851 7312  17.21628099 1
9984 7851 7312  23.19192705 2
9985 7526 7917  9.03222136 1
9986 7526 7917  10.08295902 2
9987 8295 7389  11.79686967 2
9988 8295 7389  14.07110134 2
9989 7361 8460  13.30578144 1
9990 7361 8460  15.08486697 1
9991 7775 7444  15.05509297 2
9992 7775 7444  15.67480902 2
9993 8101 8400  5.35709262 2
9994 8101 8400  5.77490636 2
9995 7287 8329  11.83902304 1
9996 7287 8329  11.22450116 2
9997 7361 7184  9.46010397 2
9998 7361 7184  14.66605558 1
9999 8768 8229  11.62604427 2
10000 8768 8229 7.57663856 1
10001 7180 8716 11.17146798 2
10002 7180 8716 5.26815487 2
10003 7775 9073 16.51755088 2
10004 7775 9073 8.96757751 2
10005 7451 7669 16.70432612 2
10006 7451 7669 15.74341698 2
10007 8103 7269 9.73928502 2
10008 8103 7269 10.96320040 1
10009 7710 8666 9.49116227 1
10010 7710 8666 9.72106520 1
10011 7875 7912 12.49560530 2
10012 7875 7912 9.83020651 2
10013 8166 9059 12.40377274 2
10014 8166 9059 20.53975335 2
10015 8595 7749 17.01693578 2
10016 8595 7749 16.24395014 1
10017 8144 8507 2.20334389 2
10018 8144 8507 4.55549681 1
10019 7994 7825 13.82887284 1
10020 7994 7825 11.91716409 1
10021 7966 8938 2.22087597 2
10022 7966 8938 9.88732353 1
10023 7256 8821 8.45685339 1
10024 7256 8821 7.79210255 2
10025 7256 8602 7.59695407 2
10026 7256 8602 8.14793463 1
10027 8664 7196 18.02851362 2
10028 8664 7196 12.26235222 2
10029 8166 9083 12.83155832 1
10030 8166 9083 11.40014110 2
10031 8144 9092 0.15805176 2
10032 8144 9092 3.05337001 2
10033 7526 8156 5.98418143 2
10034 7526 8156 11.51776237 2
10035 8565 7885 18.77294581 2
10036 8565 7885 20.95850403 2
10037 8697 8981 5.24991580 1
10038 8697 8981 3.64439464 2
10039 8573 7176 8.93284697 2
10040 8573 7176 12.05057017 2
10041 7526 7934 7.66938146 2
10042 7526 7934 13.19775396 2
10043 7720 8235 7.63476970 1
10044 7720 8235 9.14703406 2
10045 7959 7141 11.21582410 2
10046 7959 7141 6.67113237 2
10047 8454 7810 7.45281177 2
10048 8454 7810 5.77835512 2
10049 8284 8459 13.37883708 2
10050 8284 8459 10.15745097 2
10051 7291 8441 7.67474208 2
10052 7291 8441 3.72603616 2
10053 9051 8117 16.36327819 2
10054 9051 8117 20.31433556 2
10055 8749 8047 8.94701241 1
10056 8749 8047 9.04653669 2
10057 8409 9048 8.02905976 2
10058 8409 9048 8.53252336 1
10059 8610 7476 6.68681702 2
10060 8610 7476 6.59681936 2
10061 8690 8050 3.87033808 1
10062 8690 8050 1.32629645 1
10063 8806 7727 18.92649313 2
10064 8806 7727 18.22027312 2
10065 8697 8786 18.03911002 2
10066 8697 8786 21.65804326 2
10067 7851 8662 11.90708353 1
10068 7851 8662 11.34521764 2
10069 7292 7500 6.25115665 2
10070 7292 7500 5.90057724 2
10071 7412 7756 -0.22132282 2
10072 7412 7756 3.45885541 2
10073 7378 7288 14.86811133 2
10074 7378 7288 12.76474461 1
10075 7287 7225 5.49017270 2
10076 7287 7225 5.04692443 2
10077 8355 7992 15.56956934 1
10078 8355 7992 18.56249411 2
10079 7720 7649 3.04294554 1
10080 7720 7649 4.32253676 2
10081 8966 8708 25.56304251 1
10082 8966 8708 22.08978519 2
10083 8118 7952 9.69612808 2
10084 8118 7952 14.47829526 1
10085 7430 8912 5.15456583 2
10086 7430 8912 2.91760457 2
10087 8951 7154 2.45890386 2
10088 8951 7154 -0.58263594 1
10089 7449 7228 13.40077542 2
10090 7449 7228 11.47235263 2
10091 8749 8090 10.69029658 2
10092 8749 8090 10.79934763 2
10093 7365 8006 11.12636761 2
10094 7365 8006 16.81525082 2
10095 8443 8475 9.55804960 2
10096 8443 8475 12.45877893 2
10097 8103 8360 11.65712722 2
10098 8103 8360 20.66459179 2
10099 7430 7202 11.65510385 2
10100 7430 7202 19.08806904 1
10101 8864 7899 10.12780226 2
10102 8864 7899 14.11477902 2
10103 8573 8942 -5.52561673 2
10104 8573 8942 0.00412764 1
10105 7123 8995 6.46730991 2
10106 7123 8995 7.88731414 2
10107 7487 8097 21.50543964 2
10108 7487 8097 29.71070337 1
10109 9015 8883 4.04853216 2
10110 9015 8883 4.85098059 2
10111 7361 7919 11.59727096 2
10112 7361 7919 14.56990516 1
10113 7438 7939 11.06600764 2
10114 7438 7939 10.50728801 2
10115 7770 7849 -0.62226981 2
10116 7770 7849 4.52019045 2
10117 7994 8524 18.65414084 2
10118 7994 8524 18.21159940 2
10119 7449 7702 10.85118331 2
10120 7449 7702 11.23794147 2
10121 9045 7854 15.56662642 1
10122 9045 7854 13.43303542 1
10123 7287 7173 8.68134894 1
10124 7287 7173 8.15609414 2
10125 7371 7776 18.57205211 2
10126 7371 7776 17.83536716 1
10127 8075 7153 15.60005532 2
10128 8075 7153 12.63156668 2
10129 8144 7747 1.65533663 2
10130 8144 7747 9.93948999 2
10131 8953 8803 10.51250156 2
10132 8953 8803 11.80060556 1
10133 8886 8772 4.61585928 2
10134 8886 8772 2.57514030 2
10135 7770 7674 4.30618539 1
10136 7770 7674 4.96966180 2
10137 7862 8720 11.01680391 2
10138 7862 8720 13.31886974 2
10139 7710 8263 10.09514260 1
10140 7710 8263 11.12942534 2
10141 7123 8169 9.88343524 2
10142 7123 8169 7.45073230 2
10143 8173 8674 7.49093192 2
10144 8173 8674 8.43703511 1
10145 8088 7244 6.94696714 2
10146 8088 7244 5.44754383 2
10147 9051 8222 21.01876112 2
10148 9051 8222 18.55730805 2
10149 7287 9077 11.83698916 2
10150 7287 9077 8.77473306 2
10151 7449 7900 15.24647458 2
10152 7449 7900 14.16053460 2
10153 8283 8926 6.50293031 2
10154 8283 8926 6.36709732 2
10155 8595 8500 12.85267341 1
10156 8595 8500 5.10130349 2
10157 8565 8561 17.66773065 2
10158 8565 8561 31.45177480 1
10159 8806 8657 10.50726594 2
10160 8806 8657 9.40899108 1
10161 8610 7446 5.23687717 1
10162 8610 7446 4.52328281 1
10163 7291 8344 11.43652356 1
10164 7291 8344 10.27990278 2
10165 8088 7566 6.99680959 1
10166 8088 7566 5.14607656 1
10167 8409 8531 20.25183223 1
10168 8409 8531 13.40453363 2
10169 7412 8856 15.41511048 1
10170 7412 8856 14.94888899 2
10171 7526 8974 10.28072218 2
10172 7526 8974 10.81001819 2
10173 7506 8468 10.33727212 2
10174 7506 8468 12.28313830 2
10175 8118 8779 10.58518327 2
10176 8118 8779 14.80633643 2
10177 7941 8522 16.81935115 2
10178 7941 8522 16.65235569 2
10179 8646 8423 14.15715213 2
10180 8646 8423 12.41947062 1
10181 8800 7488 22.07964847 2
10182 8800 7488 21.82276549 2
10183 8355 8451 13.73350929 2
10184 8355 8451 8.97641530 2
10185 8166 7739 19.13303790 1
10186 8166 7739 18.61770224 2
10187 9012 8007 9.54451567 2
10188 9012 8007 12.74708030 1
10189 8646 7440 23.59899944 1
10190 8646 7440 13.83650094 2
10191 8573 8373 6.21576820 2
10192 8573 8373 4.20342585 2
10193 8295 8683 18.14643410 2
10194 8295 8683 13.84823610 2
10195 8284 8704 14.85781453 2
10196 8284 8704 5.95760685 2
10197 8409 7143 13.15541503 2
10198 8409 7143 13.25294109 2
10199 7428 9078 -0.93514483 1
10200 7428 9078 3.00120522 1
10201 8454 7264 5.34492031 1
10202 8454 7264 7.26298580 2
10203 7941 7951 8.10050140 2
10204 7941 7951 9.34583406 2
10205 8454 8869 8.89837114 2
10206 8454 8869 14.72140026 2
10207 7430 7597 12.85703341 2
10208 7430 7597 3.13469681 2
10209 7720 8157 3.98627647 1
10210 7720 8157 4.54753995 1
10211 7710 8427 12.28827270 2
10212 7710 8427 17.39161421 2
10213 8765 8098 16.13697902 2
10214 8765 8098 17.27090263 2
10215 7816 8081 11.50170385 2
10216 7816 8081 7.70941089 1
10217 8286 8440 9.89890231 2
10218 8286 8440 12.73658196 2
10219 8283 8689 12.25917656 2
10220 8283 8689 15.40065248 2
10221 7816 8998 9.83000715 1
10222 7816 8998 6.22401587 2
10223 7428 8760 -3.17997343 2
10224 7428 8760 -1.44849622 1
10225 7775 7789 23.49634536 2
10226 7775 7789 16.49853316 2
10227 7827 8024 3.60471568 2
10228 7827 8024 7.92073848 1
10229 9051 8110 14.60075286 2
10230 9051 8110 18.16193461 1
10231 8409 8201 14.16228247 2
10232 8409 8201 16.15804951 2
10233 8341 7940 9.64063525 1
10234 8341 7940 14.47308547 2
10235 8765 7162 22.35717559 1
10236 8765 7162 18.80951215 1
10237 7428 7670 6.90676607 2
10238 7428 7670 12.33566539 2
10239 8749 7602 5.96748394 2
10240 8749 7602 2.22725445 2
10241 7631 7871 6.29190512 2
10242 7631 7871 9.65308057 1
10243 7775 8820 13.70978404 2
10244 7775 8820 12.22020219 1
10245 8021 7805 15.43323243 2
10246 8021 7805 14.48405036 1
10247 9045 8758 11.58777811 2
10248 9045 8758 11.92980406 1
10249 7770 7766 4.78620125 2
10250 7770 7766 5.06584381 1
10251 7430 8404 12.83230421 2
10252 7430 8404 13.59267021 1
10253 7862 7709 5.44104092 2
10254 7862 7709 8.76899635 2
10255 8295 7118 15.94536867 2
10256 8295 7118 17.49676210 2
10257 8768 9008 19.66621929 2
10258 8768 9008 24.22423230 2
10259 8768 8574 13.09288984 2
10260 8768 8574 13.78684187 1
10261 8268 8721 8.98540328 1
10262 8268 8721 4.17613406 2
10263 7451 8895 13.91880415 2
10264 7451 8895 18.13114619 2
10265 8105 7730 19.35119520 2
10266 8105 7730 12.61203452 1
10267 8409 8977 5.14249179 2
10268 8409 8977 8.56760082 2
10269 8697 9074 12.55933805 2
10270 8697 9074 11.64081552 1
10271 8144 7914 -2.65820981 1
10272 8144 7914 2.71441817 1
10273 8595 7355 9.76280124 1
10274 8595 7355 8.10917800 1
10275 7412 8719 8.09951820 2
10276 7412 8719 6.77499860 2
10277 8765 7369 16.47735395 2
10278 8765 7369 12.40670984 2
10279 7428 8383 0.53894649 2
10280 7428 8383 6.68800154 2
10281 7526 8540 6.87066096 2
10282 7526 8540 2.06968837 2
10283 7428 7920 0.27306328 2
10284 7428 7920 3.31586853 2
10285 7256 7517 13.45586027 2
10286 7256 7517 13.60151601 2
10287 8595 7677 15.52470218 2
10288 8595 7677 14.47654703 2
10289 7959 7667 6.19169017 1
10290 7959 7667 6.51534233 2
10291 8894 7509 5.47861842 1
10292 8894 7509 7.58763156 2
10293 7720 8588 18.59900348 1
10294 7720 8588 13.38485015 1
10295 7412 8634 6.06749705 2
10296 7412 8634 6.45286539 2
10297 7371 8713 9.92520059 1
10298 7371 8713 12.93112605 2
10299 7851 8496 13.23765169 2
10300 7851 8496 10.26271901 2
10301 7816 7460 16.61422374 1
10302 7816 7460 17.39507977 2
10303 7506 8241 11.48354735 1
10304 7506 8241 12.89590642 2
10305 8341 8532 10.42975209 1
10306 8341 8532 10.00234974 1
10307 7573 8004 8.39298370 2
10308 7573 8004 7.83836525 1
10309 8886 8919 2.48271100 2
10310 8886 8919 5.54692339 1
10311 8088 8871 12.88420751 1
10312 8088 8871 9.80687857 2
10313 7775 8159 5.07943717 2
10314 7775 8159 1.91122672 2
10315 7959 7436 11.47419000 1
10316 7959 7436 9.10953054 2
10317 7246 7496 16.81765058 2
10318 7246 7496 17.82457849 2
10319 8610 7348 3.75420197 2
10320 8610 7348 6.65869369 1
10321 7449 7568 4.94781763 2
10322 7449 7568 12.64492883 1
10323 7740 7909 3.44047417 2
10324 7740 7909 6.81764354 2
10325 7292 7688 8.80419242 1
10326 7292 7688 8.88306416 2
10327 7291 7995 10.46777778 2
10328 7291 7995 6.00499703 2
10329 7559 8553 4.11647184 2
10330 7559 8553 2.37762814 2
10331 8610 7788 5.70792119 2
10332 8610 7788 13.11487963 2
10333 8800 7832 20.53888105 2
10334 8800 7832 20.58228478 1
10335 8806 7823 22.44192377 2
10336 8806 7823 16.26656238 2
10337 8595 8661 17.34108408 1
10338 8595 8661 22.48187879 2
10339 9015 7759 4.47352112 1
10340 9015 7759 6.88669834 1
10341 8341 7286 5.17669441 2
10342 8341 7286 2.38910487 2
10343 7371 8095 10.88648755 2
10344 7371 8095 11.08848160 2
10345 8443 7145 6.84203653 1
10346 8443 7145 7.22058078 2
10347 7827 7717 13.17993972 2
10348 7827 7717 6.49573138 2
10349 8284 8535 11.40612340 2
10350 8284 8535 12.46141815 1
10351 7246 8039 8.67060913 2
10352 7246 8039 9.76621455 1
10353 7246 9024 7.11901651 2
10354 7246 9024 4.00783781 1
10355 7438 8328 10.41035091 2
10356 7438 8328 14.42970790 2
10357 7588 8651 5.24822545 1
10358 7588 8651 2.48889313 2
10359 7428 8649 3.64736443 2
10360 7428 8649 5.81067707 1
10361 8800 7867 22.77937873 2
10362 8800 7867 19.62707831 2
10363 8318 8168 11.65920462 2
10364 8318 8168 16.66042019 1
10365 7246 8367 6.09935057 2
10366 7246 8367 2.39597397 1
10367 7959 8270 4.94461828 2
10368 7959 8270 5.05830781 1
10369 8565 7565 10.76599909 2
10370 8565 7565 13.21174563 1
10371 8103 9097 7.37595085 2
10372 8103 9097 11.51815956 2
10373 8749 7208 12.88409911 2
10374 8749 7208 13.24982237 2
10375 8886 8986 9.40802290 2
10376 8886 8986 5.14657072 2
10377 8377 7211 10.84259977 2
10378 8377 7211 11.70121904 2
10379 7365 8493 17.67887145 2
10380 7365 8493 10.45045865 2
10381 7770 7168 3.75782232 2
10382 7770 7168 1.69142972 2
10383 8148 7782 8.55448592 2
10384 8148 7782 11.88667250 1
10385 7629 7979 7.72873941 2
10386 7629 7979 5.76434375 1
10387 8173 7117 11.24726656 1
10388 8173 7117 7.44446657 2
10389 7559 7583 10.28920574 2
10390 7559 7583 1.42814628 2
10391 8905 7540 9.14772047 2
10392 8905 7540 8.81087379 2
10393 7506 8273 22.95820174 2
10394 7506 8273 18.65112930 2
10395 8166 7333 12.07134037 1
10396 8166 7333 12.22424333 1
10397 9012 7555 8.33489279 2
10398 9012 7555 7.48893462 1
10399 9015 8711 4.34871232 2
10400 9015 8711 1.28609544 1
10401 8013 7938 15.63400987 2
10402 8013 7938 24.96717016 1
10403 7291 8019 7.28595079 1
10404 7291 8019 10.45514320 1
10405 8800 8517 15.32662602 2
10406 8800 8517 18.69593309 2
10407 8765 7689 15.76534166 2
10408 8765 7689 15.98504367 2
10409 7875 7735 4.65612279 1
10410 7875 7735 8.21766642 1
10411 7862 8738 13.61980800 2
10412 7862 8738 11.43750879 2
10413 7770 7685 3.38388927 2
10414 7770 7685 6.49130585 2
10415 8166 7582 11.17982236 2
10416 8166 7582 1.37745860 2
10417 7875 7450 10.13616142 1
10418 7875 7450 14.94614206 2
10419 7740 8520 10.23307749 2
10420 7740 8520 7.38459625 2
10421 8021 7663 12.12165386 2
10422 8021 7663 13.75368236 2
10423 8864 8231 15.02305809 1
10424 8864 8231 12.60651185 2
10425 7123 7605 8.94033012 2
10426 7123 7605 6.37541162 2
10427 7256 7125 8.33307077 1
10428 7256 7125 12.05242147 2
10429 7506 7480 11.05958306 2
10430 7506 7480 10.11234972 2
10431 9012 8940 7.20734653 2
10432 9012 8940 6.10102360 2
10433 7378 7693 8.59429354 1
10434 7378 7693 8.30458711 2
10435 7816 8014 19.46915467 2
10436 7816 8014 19.06962237 2
10437 7123 7678 9.53347850 2
10438 7123 7678 11.51793406 1
10439 8105 8112 17.70202852 1
10440 8105 8112 20.83255380 2
10441 8165 8967 12.32041902 1
10442 8165 8967 12.17163355 2
10443 7378 7520 13.60145618 2
10444 7378 7520 9.91972650 2
10445 8341 7620 -2.47168584 2
10446 8341 7620 3.92300936 2
10447 8318 8483 13.35280693 1
10448 8318 8483 9.51905340 2
10449 8951 7247 5.94876146 1
10450 8951 7247 5.57878912 2
10451 7180 8102 2.50406067 2
10452 7180 8102 1.34275180 2
10453 7710 8457 9.07969823 2
10454 7710 8457 8.99401318 2
10455 7827 7721 3.67529650 2
10456 7827 7721 7.37706337 1
10457 8118 9065 13.68388613 1
10458 8118 9065 11.76257234 1
10459 8806 7335 13.42985452 2
10460 8806 7335 9.18317679 2
10461 8951 8190 7.11331534 1
10462 8951 8190 6.70110587 2
10463 8166 8478 18.08273944 2
10464 8166 8478 24.30331114 1
10465 8075 7253 3.20769308 2
10466 8075 7253 7.34963086 1
10467 8075 7901 15.52738940 2
10468 8075 7901 11.52050936 2
10469 8173 8675 6.13716317 2
10470 8173 8675 9.55942037 2
10471 8953 9009 4.70595425 1
10472 8953 9009 4.92396997 2
10473 8165 7774 10.74006407 2
10474 8165 7774 9.69638922 1
10475 7365 8766 19.44802063 1
10476 7365 8766 17.48563663 1
10477 8118 8407 16.11184041 2
10478 8118 8407 13.85343928 1
10479 7559 8994 5.25479152 1
10480 7559 8994 6.21303976 1
10481 8966 8167 16.15568436 1
10482 8966 8167 16.88022364 2
10483 8905 7971 15.53125987 2
10484 8905 7971 11.59735052 2
10485 8646 7382 15.02046056 2
10486 8646 7382 24.10262473 2
10487 7593 8243 11.96389205 2
10488 7593 8243 10.52158109 2
10489 7361 7475 22.05443400 2
10490 7361 7475 14.30451237 2
10491 7365 7424 16.53408236 2
10492 7365 7424 13.38758301 2
10493 7292 7791 7.33996987 1
10494 7292 7791 7.03821387 2
10495 8923 8616 -1.68639164 2
10496 8923 8616 2.92800392 2
10497 8111 8740 3.87387823 2
10498 8111 8740 7.26672508 2
10499 8454 8850 13.64741090 2
10500 8454 8850 12.47169729 2
10501 8749 7532 5.30012766 1
10502 8749 7532 5.76707126 1
10503 8088 7643 10.20111677 1
10504 8088 7643 12.56800588 2
10505 8409 8658 7.23773573 1
10506 8409 8658 8.36036737 2
10507 8283 8446 14.26691338 1
10508 8283 8446 14.71176707 2
10509 8355 8736 -1.08283923 2
10510 8355 8736 2.87436422 2
10511 8318 7370 15.41143293 1
10512 8318 7370 12.94006013 2
10513 8369 9026 13.21133587 2
10514 8369 9026 11.52544496 1
10515 8318 8150 16.10982377 2
10516 8318 8150 15.99001078 1
10517 8800 7103 10.57961738 1
10518 8800 7103 11.49333987 2
10519 8595 7183 16.16578545 2
10520 8595 7183 20.57785340 2
10521 7941 8022 12.19708366 2
10522 7941 8022 13.75717927 2
10523 8573 9094 3.41956389 2
10524 8573 9094 1.89066572 2
10525 8953 8034 13.60734877 2
10526 8953 8034 15.35524495 2
10527 8295 7404 11.42506548 1
10528 8295 7404 9.83084674 2
10529 8894 7963 1.52288019 2
10530 8894 7963 -0.65001562 2
10531 8286 8833 11.03307794 2
10532 8286 8833 6.80343853 2
10533 8953 7779 9.01893564 2
10534 8953 7779 8.47074577 2
10535 7816 7972 7.87333628 2
10536 7816 7972 9.38252132 2
10537 7291 8172 10.34720498 1
10538 7291 8172 9.40614842 2
10539 8173 8805 15.85512475 1
10540 8173 8805 16.79635076 2
10541 8894 7697 6.99721578 2
10542 8894 7697 2.46589993 1
10543 7449 7768 9.99276790 2
10544 7449 7768 14.33115979 2
10545 8864 7724 2.07249133 2
10546 8864 7724 -1.29642166 2
10547 8013 7528 16.73626607 2
10548 8013 7528 18.55086554 1
10549 8573 8546 0.32014431 2
10550 8573 8546 8.39840253 2
10551 8268 8381 11.74022460 1
10552 8268 8381 11.58932267 2
10553 8165 7960 16.51892013 2
10554 8165 7960 17.24923807 1
10555 7631 8739 -0.09173640 2
10556 7631 8739 0.88612209 2
10557 7827 7595 5.59348733 1
10558 7827 7595 1.54847743 2
10559 8377 7402 16.72273725 1
10560 8377 7402 10.41477618 2
10561 7128 7882 10.38086565 2
10562 7128 7882 11.14986328 1
10563 8454 7668 12.70615891 1
10564 8454 7668 11.95161485 1
10565 7428 8345 -0.74703505 2
10566 7428 8345 -0.73276692 2
10567 7631 8336 11.70239258 1
10568 7631 8336 10.71417418 1
10569 8105 8836 21.99488873 2
10570 8105 8836 19.56635221 1
10571 7966 7227 15.22962170 1
10572 7966 7227 10.75509056 2
10573 7631 9066 5.91816463 2
10574 7631 9066 6.12539861 1
10575 8664 7109 4.00241945 2
10576 8664 7109 4.40578159 1
10577 8664 8128 3.16112375 2
10578 8664 8128 5.21433599 2
10579 8173 7872 4.79455704 2
10580 8173 7872 8.01494348 2
10581 7994 8984 15.87663554 2
10582 7994 8984 13.53448589 2
10583 8951 7471 6.59213882 2
10584 8951 7471 2.40293416 2
10585 8806 7653 17.73266987 1
10586 8806 7653 12.97461736 1
10587 8341 7195 9.11900367 2
10588 8341 7195 7.10122892 2
10589 7350 7524 9.00346294 2
10590 7350 7524 9.60056994 2
10591 7941 8534 6.51972386 2
10592 7941 8534 10.28111285 2
10593 7256 8726 18.44798885 1
10594 7256 8726 11.46263469 2
10595 7180 7679 9.92344639 1
10596 7180 7679 4.77650048 2
10597 8118 8299 13.77650071 2
10598 8118 8299 13.21253057 2
10599 7559 8161 11.18807281 2
10600 7559 8161 17.26163734 1
10601 7959 7525 8.19056016 1
10602 7959 7525 12.43362309 2
10603 8118 7181 3.56904448 1
10604 8118 7181 14.50972961 1
10605 8355 8370 13.13268165 2
10606 8355 8370 13.70852375 2
10607 8021 8598 20.75854113 2
10608 8021 8598 21.05357017 2
10609 7180 7527 6.38077642 1
10610 7180 7527 -1.60235337 2
10611 8565 7120 15.53320413 2
10612 8565 7120 16.80122217 2
10613 8075 7362 15.33772519 2
10614 8075 7362 10.88292386 1
10615 8341 8431 6.29922997 2
10616 8341 8431 10.91081610 2
10617 8295 7608 23.40385862 2
10618 8295 7608 15.69426327 1
10619 7340 8973 14.30777421 1
10620 7340 8973 14.67132492 2
10621 8075 7706 8.50012607 2
10622 8075 7706 12.07250893 2
10623 8800 8889 13.74496620 2
10624 8800 8889 13.59914219 1
10625 7291 8363 4.49844362 2
10626 7291 8363 5.39549167 2
10627 7588 8536 9.35216549 2
10628 7588 8536 8.22058064 2
10629 8369 7345 14.32691318 2
10630 8369 7345 17.30873171 1
10631 8800 7574 18.99106796 2
10632 8800 7574 18.09247637 1
10633 7487 8183 12.49193164 2
10634 7487 8183 12.68968714 2
10635 7629 8774 13.69777885 1
10636 7629 8774 23.90174872 2
10637 8946 8074 14.93416144 1
10638 8946 8074 13.41710790 2
10639 7292 7999 8.44214564 1
10640 7292 7999 9.21517440 2
10641 8697 8978 7.14494281 2
10642 8697 8978 6.02159199 2
10643 7966 8603 5.10921888 2
10644 7966 8603 9.07798802 1
10645 8905 8780 8.82781276 2
10646 8905 8780 9.33165840 2
10647 8583 8479 6.48350360 2
10648 8583 8479 9.62101490 2
10649 8737 9044 10.20791903 2
10650 8737 9044 11.90828973 2
10651 9045 8727 20.61935854 2
10652 9045 8727 19.01887975 2
10653 7128 8530 12.25704609 2
10654 7128 8530 8.85341181 2
10655 7246 7127 4.95772174 2
10656 7246 7127 4.78239990 2
10657 7941 8028 10.45199353 2
10658 7941 8028 4.58635093 1
10659 7487 8752 -2.71058918 1
10660 7487 8752 7.51227283 1
10661 7827 9029 6.57112304 1
10662 7827 9029 11.67384798 2
10663 7559 8361 12.24780631 1
10664 7559 8361 11.16597032 2
10665 7438 8429 9.78529429 2
10666 7438 8429 2.68367189 1
10667 7487 8659 12.55046213 1
10668 7487 8659 16.45471922 2
10669 8075 7792 12.97314865 2
10670 8075 7792 16.58616994 2
10671 8268 7812 5.60331016 2
10672 8268 7812 3.98314238 2
10673 7851 8206 5.81873393 2
10674 7851 8206 3.29983438 2
10675 8318 7773 12.40110820 2
10676 8318 7773 10.99503877 2
10677 8021 8623 18.06003934 1
10678 8021 8623 17.59952625 2
10679 7875 7302 12.82266937 1
10680 7875 7302 14.02811600 1
10681 9015 7242 6.49443113 2
10682 9015 7242 9.37663589 2
10683 8966 8477 19.12446418 1
10684 8966 8477 16.91020439 2
10685 8101 7676 -0.98416888 2
10686 8101 7676 0.71188811 1
10687 8284 7798 11.28394267 2
10688 8284 7798 15.78470516 2
10689 8583 8029 12.26005428 2
10690 8583 8029 15.67649636 2
10691 7449 7376 10.79488163 2
10692 7449 7376 11.85429143 2
10693 8646 8133 21.38006060 1
10694 8646 8133 28.76593281 1
10695 8737 8208 9.85274216 1
10696 8737 8208 12.78465002 2
10697 8806 8080 19.48357853 2
10698 8806 8080 19.14229521 2
10699 8268 8414 3.66829688 2
10700 8268 8414 5.38275073 1
10701 8583 7346 11.90020181 2
10702 8583 7346 14.25903118 2
10703 8443 7928 12.35925411 2
10704 8443 7928 11.17984923 2
10705 8966 7585 12.73119290 2
10706 8966 7585 23.37504708 2
10707 7629 8186 12.43699870 1
10708 7629 8186 11.11215897 2
10709 7588 7334 5.97625628 2
10710 7588 7334 9.02784648 1
10711 8283 7576 10.21824704 2
10712 8283 7576 8.79740842 1
10713 8565 9053 12.89024983 2
10714 8565 9053 12.61776359 2
10715 7875 8813 11.39695995 2
10716 7875 8813 13.09749033 2
10717 8923 7503 3.99573611 2
10718 8923 7503 3.70447413 1
10719 8443 8816 11.36921468 2
10720 8443 8816 6.78448566 2
10721 7659 8585 16.60325694 1
10722 7659 8585 12.56844429 1
10723 7827 7680 15.62267087 2
10724 7827 7680 12.28262879 2
10725 7340 7233 9.87049278 2
10726 7340 7233 7.01486684 1
10727 8144 7698 6.26984781 1
10728 8144 7698 10.46517643 2
10729 7629 7530 11.07251653 2
10730 7629 7530 12.26238763 1
10731 7851 7379 6.98905853 2
10732 7851 7379 7.53216017 1
10733 7180 7869 11.57596398 1
10734 7180 7869 7.55524805 1
10735 9012 8357 14.95485965 2
10736 9012 8357 14.33536092 2
10737 8283 8100 9.72612775 1
10738 8283 8100 7.69494676 2
10739 8377 8624 16.62835941 2
10740 8377 8624 12.42867251 2
10741 7430 7198 12.19675597 2
10742 7430 7198 12.13337432 1
10743 7378 7300 16.79453843 2
10744 7378 7300 15.03172525 1
10745 7506 8242 12.09452620 2
10746 7506 8242 15.68764565 2
10747 8646 8554 16.65129933 1
10748 8646 8554 11.34037487 2
10749 8664 8542 12.01689980 1
10750 8664 8542 9.37292335 2
10751 7875 7387 16.69128141 2
10752 7875 7387 27.68887445 1
10753 7966 7303 8.98042151 2
10754 7966 7303 10.42494910 2
10755 7180 7174 9.73747743 2
10756 7180 7174 6.34075871 2
10757 8749 7152 10.43360897 2
10758 8749 7152 7.56070485 2
10759 8355 7394 15.52641160 1
10760 8355 7394 18.83223968 1
10761 8923 7283 10.37488063 2
10762 8923 7283 9.01053467 2
10763 8806 8177 11.81233686 1
10764 8806 8177 12.82500192 2
10765 8148 8162 12.31683519 1
10766 8148 8162 9.32387880 2
10767 7256 8488 5.68358349 1
10768 7256 8488 0.78631267 2
10769 8111 8746 4.34922740 1
10770 8111 8746 6.15580610 2
10771 7959 8247 -1.95670440 2
10772 7959 8247 4.30819491 1
10773 7430 9082 6.91578040 1
10774 7430 9082 0.53334283 2
10775 7412 8276 13.38114623 2
10776 7412 8276 13.87984575 1
10777 8284 8420 7.46176282 1
10778 8284 8420 4.76639569 1
10779 8886 7627 2.82158432 2
10780 8886 7627 2.82519397 2
10781 8966 7765 17.86712812 2
10782 8966 7765 16.81854614 2
10783 7710 8096 9.05613546 2
10784 7710 8096 13.52361054 2
10785 8286 7556 19.44911611 2
10786 8286 7556 10.78011112 2
10787 8664 8032 9.05324013 2
10788 8664 8032 8.42744086 1
10789 8806 9035 16.05178625 2
10790 8806 9035 15.18331073 2
10791 8573 8045 1.49073146 2
10792 8573 8045 -0.58127351 2
10793 7573 8182 7.32334105 2
10794 7573 8182 5.86484217 2
10795 7593 8244 11.36390350 2
10796 7593 8244 10.01510630 1
10797 8443 7311 33.36046660 1
10798 8443 7311 20.57173546 2
10799 7128 7289 15.78425012 2
10800 7128 7289 14.08722813 2
10801 8953 8473 14.06842394 2
10802 8953 8473 22.60383227 1
10803 8966 7326 12.87938448 1
10804 8966 7326 19.60324328 1
10805 7770 7813 11.29759888 2
10806 7770 7813 9.49957697 2
10807 9045 8929 15.88426252 2
10808 9045 8929 13.20827873 1
10809 8565 8988 20.35965711 1
10810 8565 8988 13.96195032 2
10811 8573 8390 6.45690040 1
10812 8573 8390 7.63153592 2
10813 8697 8841 9.35518117 2
10814 8697 8841 8.75090437 1
10815 9012 7217 11.70411457 2
10816 9012 7217 10.21734028 2
10817 7659 8876 8.81006976 2
10818 7659 8876 11.57282606 2
10819 8318 8091 13.78790302 2
10820 8318 8091 11.98164288 2
10821 7631 7712 3.96201804 2
10822 7631 7712 3.61813570 2
10823 8369 7200 0.60927204 2
10824 8369 7200 4.50814529 2
10825 7506 7295 2.63061444 2
10826 7506 7295 5.21732149 2
10827 8341 7299 13.07555757 2
10828 8341 7299 4.55191460 2
10829 8268 7489 4.78694120 2
10830 8268 7489 4.71235283 2
10831 8923 8550 11.15958366 2
10832 8923 8550 10.12358448 2
10833 7862 8127 7.92133933 1
10834 7862 8127 1.99801069 2
10835 7588 7958 15.59059025 1
10836 7588 7958 6.54152615 2
10837 7593 8822 12.56771705 2
10838 7593 8822 11.48946137 2
10839 7371 7987 11.87214146 1
10840 7371 7987 14.41616996 2
10841 7428 8987 8.34880491 2
10842 7428 8987 9.81977555 2
10843 8283 7243 12.48082077 2
10844 8283 7243 9.41336520 2
10845 7350 8280 11.58589758 2
10846 7350 8280 14.39371124 1
10847 8111 7978 3.42650459 2
10848 8111 7978 5.82365267 2
10849 7994 8511 13.56340482 2
10850 7994 8511 10.13902704 2
10851 7340 7323 8.95946692 2
10852 7340 7323 7.23445106 1
10853 7487 7169 15.54221963 1
10854 7487 7169 16.52490093 2
10855 7361 8999 17.90994071 2
10856 7361 8999 23.31556900 2
10857 8697 8315 7.53151544 2
10858 8697 8315 8.63387531 2
10859 7851 7234 6.54298192 2
10860 7851 7234 4.14263067 1
10861 8573 8092 3.93514649 2
10862 8573 8092 -2.47475561 2
10863 8118 7716 20.46796262 1
10864 8118 7716 21.50832251 2
10865 8443 7290 8.67685227 2
10866 8443 7290 10.03399046 1
10867 7291 8521 12.58324843 2
10868 7291 8521 8.92306523 2
10869 7430 8847 11.65588224 2
10870 7430 8847 9.75019848 1
10871 7423 8778 10.12632978 2
10872 7423 8778 10.58753330 2
10873 7775 7821 6.09109297 2
10874 7775 7821 6.30461045 2
10875 8765 7764 14.43148824 1
10876 8765 7764 14.86147172 2
10877 8664 7147 9.62122042 1
10878 8664 7147 4.55100025 2
10879 8595 7481 14.30206476 2
10880 8595 7481 14.43957305 2
10881 8148 7772 12.55849205 2
10882 8148 7772 13.08595180 1
10883 7287 8184 6.09090027 2
10884 7287 8184 4.23445655 2
10885 8946 9071 16.26722105 2
10886 8946 9071 23.42684563 2
10887 7573 8495 5.95392662 2
10888 7573 8495 1.62767274 2
10889 8355 7786 4.01418163 2
10890 8355 7786 5.09638873 2
10891 8088 8948 10.69203748 1
10892 8088 8948 10.08457103 1
10893 8583 7612 10.75057218 2
10894 8583 7612 11.84590843 1
10895 9012 8628 12.63192348 2
10896 9012 8628 10.97589288 2
10897 7740 8196 8.48677774 2
10898 7740 8196 1.31898576 2
10899 7292 8452 6.04766940 2
10900 7292 8452 6.72878436 2
10901 7659 7895 11.18683996 2
10902 7659 7895 8.26200549 2
10903 8765 8545 7.75682370 1
10904 8765 8545 8.76407733 2
10905 8111 8693 1.36463923 1
10906 8111 8693 1.21331491 2
10907 7851 8931 10.50896935 2
10908 7851 8931 10.82152103 1
10909 8165 8682 16.08148979 2
10910 8165 8682 11.86447028 2
10911 8610 7140 2.25478535 2
10912 8610 7140 7.01633100 2
10913 7365 7550 24.98601777 2
10914 7365 7550 22.09829920 1
10915 8595 8571 4.92047717 2
10916 8595 8571 6.16308583 2
10917 7371 7414 13.57551454 2
10918 7371 7414 13.12822699 2
10919 7862 8210 11.97409874 2
10920 7862 8210 14.44458351 2
10921 8905 8447 11.50630050 2
10922 8905 8447 13.36799573 2
10923 8664 8269 7.94120601 2
10924 8664 8269 15.20793627 2
10925 8166 8445 17.92269984 2
10926 8166 8445 12.39920770 2
10927 7659 7263 4.04779341 2
10928 7659 7263 5.58775242 2
10929 8021 8802 13.37937992 2
10930 8021 8802 14.38060054 1
10931 8443 7161 11.11925304 2
10932 8443 7161 20.51958810 1
10933 7128 8731 5.64139726 2
10934 7128 8731 10.81167741 2
10935 8864 7372 15.73717186 2
10936 8864 7372 16.19041029 2
10937 8690 8066 13.09502325 2
10938 8690 8066 12.71949972 2
10939 7423 7859 13.15764006 2
10940 7423 7859 13.34820921 2
10941 7770 7690 11.92126201 1
10942 7770 7690 12.36111583 2
10943 8148 7607 14.66975108 2
10944 8148 7607 8.28899495 2
10945 8295 8236 15.18905827 2
10946 8295 8236 13.21180186 1
10947 8013 8937 20.83596650 2
10948 8013 8937 21.03196608 2
10949 7438 7422 10.39692528 1
10950 7438 7422 9.62506996 2
10951 7851 7237 15.66051323 2
10952 7851 7237 12.53070328 2
10953 7123 8064 4.43577145 2
10954 7123 8064 4.68792985 2
10955 7875 7785 8.99393409 1
10956 7875 7785 6.63662921 2
10957 7941 8035 4.73356429 1
10958 7941 8035 7.45769448 2
10959 7966 8971 14.08448226 2
10960 7966 8971 12.79930454 2
10961 9051 8124 18.09096533 2
10962 9051 8124 10.78840662 2
10963 7775 8197 15.03053754 1
10964 7775 8197 12.78576901 1
10965 8697 8249 15.43219416 2
10966 8697 8249 10.97599887 2
10967 7862 7134 13.13791388 2
10968 7862 7134 12.48156922 2
10969 8111 8956 13.43571440 1
10970 8111 8956 8.87033348 1
10971 7710 8011 9.68082656 2
10972 7710 8011 7.50054349 2
10973 8806 7603 14.77937111 2
10974 8806 7603 17.40633082 1
10975 8951 8944 5.68246439 1
10976 8951 8944 6.95188009 1
10977 9051 8614 19.74759333 2
10978 9051 8614 10.81805382 2
10979 8283 7534 16.00238512 2
10980 8283 7534 23.36056949 2
10981 7430 8954 2.84961656 2
10982 7430 8954 3.31154351 2
10983 7256 7889 11.71876485 2
10984 7256 7889 6.10528880 2
10985 8409 7442 13.01952392 1
10986 8409 7442 8.96923049 1
10987 7378 8044 2.79940894 1
10988 7378 8044 3.99481769 1
10989 7423 8033 14.09969670 2
10990 7423 8033 14.05043063 2
10991 8595 8641 18.46745913 2
10992 8595 8641 8.90976640 2
10993 7659 8734 10.86779488 2
10994 7659 8734 12.44363549 2
10995 7851 7479 10.70985268 1
10996 7851 7479 8.03705669 2
10997 7659 8307 10.67035996 2
10998 7659 8307 14.38071014 2
10999 7659 8291 11.56141094 1
11000 7659 8291 17.25011611 2
11001 8355 7347 3.94801567 2
11002 8355 7347 7.64886637 2
11003 8768 8961 9.59031343 2
11004 8768 8961 11.18651120 2
11005 8268 8198 14.73471712 2
11006 8268 8198 11.41050756 2
11007 7588 7511 14.55028381 2
11008 7588 7511 6.99722725 1
11009 9051 7587 16.24717710 2
11010 9051 7587 19.04992830 1
11011 8864 7548 5.28730150 2
11012 8864 7548 4.34663491 2
11013 8173 7425 20.01920799 2
11014 8173 7425 16.27841454 2
11015 8690 7916 5.51515701 2
11016 8690 7916 9.08321616 1
11017 7629 7557 0.67664818 2
11018 7629 7557 1.80631154 2
11019 7180 7427 4.85800988 2
11020 7180 7427 4.93651392 2
11021 8286 8439 13.06738691 2
11022 8286 8439 7.43834578 2
11023 8166 8932 9.40292313 2
11024 8166 8932 12.88878214 2
11025 8864 7523 8.45058189 2
11026 8864 7523 3.36074540 2
11027 8443 7385 6.46179330 2
11028 8443 7385 8.30041082 1
11029 7365 7177 7.90888459 1
11030 7365 7177 12.26030355 2
11031 7994 7630 27.27342365 2
11032 7994 7630 21.91096436 2
11033 8443 7390 11.99900677 2
11034 8443 7390 8.57218570 1
11035 8318 8629 19.31173201 1
11036 8318 8629 17.00470886 1
11037 8737 8898 4.59727392 2
11038 8737 8898 8.44830740 1
11039 8800 8303 15.13436225 2
11040 8800 8303 14.80585660 2
11041 8768 8730 16.33690542 2
11042 8768 8730 17.07733162 2
11043 9051 7641 16.61326541 1
11044 9051 7641 16.18431218 2
11045 8341 7723 7.56528709 2
11046 8341 7723 4.88778596 2
11047 8111 7781 4.56657691 2
11048 8111 7781 3.26880810 1
11049 8905 8010 14.42672051 2
11050 8905 8010 14.84278881 2
11051 8573 8620 2.35329774 1
11052 8573 8620 -0.37684107 2
11053 7631 8399 7.28561747 2
11054 7631 8399 5.51600468 2
11055 8610 8611 8.61862185 2
11056 8610 8611 17.79447817 1
11057 7291 8829 8.92643045 2
11058 7291 8829 1.12040656 2
11059 8148 7439 14.23939696 2
11060 8148 7439 14.28178139 2
11061 7292 7600 4.75346924 2
11062 7292 7600 7.01508654 1
11063 7593 7518 12.83244446 2
11064 7593 7518 6.27608324 1
11065 7451 7686 13.16126051 2
11066 7451 7686 12.98464533 2
11067 7451 7374 14.07379354 2
11068 7451 7374 13.24913202 1
11069 8103 7801 16.66798771 1
11070 8103 7801 11.34600956 2
11071 8377 8630 13.26448620 1
11072 8377 8630 12.62093646 2
11073 8088 8983 11.11226989 1
11074 8088 8983 11.02275931 2
11075 8886 8643 5.44520621 2
11076 8886 8643 8.98964059 2
11077 7862 8375 8.95830949 2
11078 7862 8375 12.58209094 1
11079 8946 8552 14.28899909 2
11080 8946 8552 13.37627962 2
11081 7559 7924 7.47554915 1
11082 7559 7924 4.68935965 2
11083 8103 7719 15.72537961 2
11084 8103 7719 9.38538045 2
11085 8664 8041 8.80666112 2
11086 8664 8041 6.83390947 2
11087 7361 8413 11.24916474 2
11088 7361 8413 11.09223522 2
11089 8768 8885 12.17914276 2
11090 8768 8885 14.89027189 2
11091 8284 7734 15.58438964 2
11092 8284 7734 19.10483177 2
11093 8355 7262 5.87828134 2
11094 8355 7262 9.33497085 1
11095 7451 9081 6.31189565 1
11096 7451 9081 8.89898129 2
11097 7994 8638 19.66844084 2
11098 7994 8638 15.47951683 1
11099 7526 8870 5.33073032 2
11100 7526 8870 5.03297972 2
11101 9191 11057        16.50959169 2
11102 9191 11057        15.53027185 2
11103 10963 9144        8.26648126 2
11104 10963 9144        10.09986242 1
11105 10301 10713       14.53771271 1
11106 10301 10713       14.90654681 2
11107 10322 11004       11.12304296 2
11108 10322 11004       11.99970100 2
11109 10235 9570        19.78803624 2
11110 10235 9570        20.67122946 1
11111 10932 9302        15.69089123 2
11112 10932 9302        14.77305126 1
11113 9897 9362 13.42662645 1
11114 9897 9362 13.84974676 1
11115 10760 10925       17.60155865 2
11116 10760 10925       19.63988211 2
11117 9393 10194        22.00809410 2
11118 9393 10194        21.06004245 2
11119 9728 10794        12.21103514 2
11120 9728 10794        16.37115160 2
11121 9402 9405 13.48149740 2
11122 9402 9405 9.85311072 1
11123 9191 10035        21.09419736 2
11124 9191 10035        16.55146985 2
11125 10189 9825        18.21820308 2
11126 10189 9825        19.42045776 2
11127 11069 9616        19.62062891 1
11128 11069 9616        19.16216621 2
11129 10752 10087       13.59495768 2
11130 10752 10087       18.44920873 1
11131 9871 10006        17.85003996 1
11132 9871 10006        18.63415122 2
11133 9376 9839 21.17746556 2
11134 9376 9839 28.54988652 1
11135 10604 10247       13.39467854 2
11136 10604 10247       10.42447176 2
11137 9779 9187 13.97143854 1
11138 9779 9187 12.65959276 2
11139 10559 9365        18.08636420 2
11140 10559 9365        14.10899073 1
11141 10891 9560        7.23411503 1
11142 10891 9560        7.53624691 1
11143 10230 10049       14.91157589 2
11144 10230 10049       16.27253675 1
11145 10663 10365       10.78649387 2
11146 10663 10365       7.18214633 2
11147 9779 10094        27.66508789 1
11148 9779 10094        26.78609651 2
11149 9824 9571 14.38449009 2
11150 9824 9571 4.61262108 1
11151 10760 9243        11.30453850 2
11152 10760 9243        13.51459953 2
11153 9441 11017        2.05012221 2
11154 9441 11017        6.18671404 2
11155 10804 10674       14.53793231 1
11156 10804 10674       10.99523276 2
11157 10863 9232        13.48159523 2
11158 10863 9232        15.37648038 2
11159 9376 10864        21.37468443 2
11160 9376 10864        23.47435120 2
11161 10559 10196       10.50495905 2
11162 10559 10196       10.12563697 2
11163 9669 10651        23.70899078 2
11164 9669 10651        14.27490069 2
11165 10811 9463        8.29024633 2
11166 10811 9463        11.64835118 2
11167 9444 9261 2.61480187 1
11168 9444 9261 2.49389257 2
11169 9585 10529        1.28741537 1
11170 9585 10529        5.24074850 1
11171 9230 10886        22.19828102 2
11172 9230 10886        30.96308133 1
11173 10809 9573        17.60253408 2
11174 10809 9573        17.36487468 2
11175 9323 9622 7.29663284 1
11176 9323 9622 7.93249680 2
11177 10593 11085       11.52389560 1
11178 10593 11085       14.43049618 2
11179 10322 9534        11.58813269 1
11180 10322 9534        6.29897726 2
11181 9669 9273 11.79913376 2
11182 9669 9273 14.15206960 2
11183 9550 10117        13.72273412 2
11184 9550 10117        17.56758495 1
11185 10659 10646       3.89136839 2
11186 10659 10646       -3.43585895 2
11187 9444 10626        10.36427024 2
11188 9444 10626        7.33389444 2
11189 10301 10897       13.92330118 2
11190 10301 10897       13.38763055 2
11191 10811 9903        2.45627759 2
11192 10811 9903        6.84019635 1
11193 10563 9366        10.37115919 1
11194 10563 9366        9.35883118 2
11195 9640 9960 15.26543510 2
11196 9640 9960 13.52649719 2
11197 9779 11012        12.17596257 2
11198 9779 11012        8.65197951 1
11199 9608 10939        12.72141710 2
11200 9608 10939        16.48314357 1
11201 10301 10443       16.70553449 2
11202 10301 10443       17.95176692 1
11203 10100 9583        12.33095554 2
11204 10100 9583        13.64609098 2
11205 10694 10927       16.36473663 2
11206 10694 10927       20.00550967 2
11207 10630 9537        13.66006362 1
11208 10630 9537        9.46928991 1
11209 9871 10812        13.16785715 2
11210 9871 10812        11.46130205 2
11211 9796 10129        11.71607718 2
11212 9796 10129        5.46658221 2
11213 10169 10419       11.13033395 2
11214 10169 10419       15.00862297 2
11215 9523 10154        20.21578977 2
11216 9523 10154        19.13798053 2
11217 10322 10205       9.07612539 2
11218 10322 10205       10.04335632 1
11219 9470 10575        8.19791280 2
11220 9470 10575        10.59681010 2
11221 9640 9578 18.11392888 2
11222 9640 9578 19.66434390 2
11223 10108 10052       14.41253787 2
11224 10108 10052       19.93068966 2
11225 9585 9978 6.71687514 2
11226 9585 9978 0.99712599 1
11227 11010 10150       10.06914033 2
11228 11010 10150       20.74521689 2
11229 9728 10113        15.83119452 2
11230 9728 10113        16.75476563 2
11231 10809 9486        15.02378734 2
11232 10809 9486        13.90207160 1
11233 9176 10553        19.10499596 2
11234 9176 10553        26.28594476 2
11235 9338 9446 6.94982458 2
11236 9338 9446 9.28591738 2
11237 9636 10771        7.94406336 2
11238 9636 10771        4.56226665 2
11239 9636 10140        15.88503227 2
11240 9636 10140        15.36557340 1
11241 10563 11061       7.22449060 2
11242 10563 11061       6.35219073 1
11243 9338 9596 19.47737376 2
11244 9338 9596 20.43345724 2
11245 10985 10578       7.67225470 2
11246 10985 10578       7.72443825 2
11247 11035 9986        15.07092253 2
11248 11035 9986        14.79769528 2
11249 9393 10193        27.09511926 2
11250 9393 10193        29.87792200 2
11251 11069 9277        13.33890388 2
11252 11069 9277        18.03536867 2
11253 10322 10952       8.86649792 1
11254 10322 10952       12.91444224 2
11255 10963 9291        13.94748774 2
11256 10963 9291        14.55303559 2
11257 9523 10980        27.93878364 2
11258 9523 10980        34.02043570 1
11259 9523 10109        16.54737113 2
11260 9523 10109        16.42585667 2
11261 10891 10183       14.81821441 2
11262 10891 10183       15.25855358 2
11263 10604 9994        13.55594839 2
11264 10604 9994        9.12507128 2
11265 9824 10978        10.02178426 2
11266 9824 10978        8.95873815 2
11267 10604 9934        15.27838038 2
11268 10604 9934        9.13118272 2
11269 10293 10843       16.49672652 2
11270 10293 10843       14.15214761 2
11271 9374 11014        17.81896819 2
11272 9374 11014        14.55759588 2
11273 10752 9356        20.55765265 1
11274 10752 9356        32.60380538 1
11275 10301 9689        13.25875477 2
11276 10301 9689        14.26611580 1
11277 10252 9584        14.62616603 2
11278 10252 9584        14.61226104 2
11279 10464 10269       22.80706229 2
11280 10464 10269       18.82655514 2
11281 9659 10477        19.42071398 2
11282 9659 10477        19.69964495 2
11283 10853 11020       13.57833299 1
11284 10853 11020       6.55201457 1
11285 10809 9668        14.87815001 2
11286 10809 9668        16.35562757 1
11287 9139 10240        9.21862439 2
11288 9139 10240        9.28868263 2
11289 11010 9536        8.77635667 2
11290 11010 9536        10.82249599 2
11291 10985 10981       11.27013032 2
11292 10985 10981       2.98280754 2
11293 10914 9127        10.89688484 2
11294 10914 9127        14.93555538 2
11295 9826 10138        14.36013965 2
11296 9826 10138        12.12295971 1
11297 9592 9371 10.15841442 1
11298 9592 9371 13.98007825 2
11299 10914 9941        15.12198258 2
11300 10914 9941        15.31441501 2
11301 9470 10665        10.18704215 2
11302 9470 10665        14.92159639 2
11303 9369 10056        16.16575029 2
11304 9369 10056        16.10692267 2
11305 9897 9555 13.96712655 1
11306 9897 9555 7.84023911 1
11307 10630 10192       14.21130631 2
11308 10630 10192       9.66703042 2
11309 10169 9851        11.52795179 2
11310 10169 9851        11.56466949 1
11311 10914 10342       8.63861750 2
11312 10914 10342       12.72347563 1
11313 10802 10706       32.75805197 1
11314 10802 10706       23.72148860 2
11315 10475 10151       15.79154925 2
11316 10475 10151       17.35438402 1
11317 10158 10972       19.31130268 2
11318 10158 10972       16.28689564 1
11319 10402 9427        18.52517432 2
11320 10402 9427        17.09038431 2
11321 9533 9329 17.61516313 2
11322 9533 9329 17.94389190 1
11323 10557 10982       2.39798923 2
11324 10557 10982       5.35591498 2
11325 10600 11050       13.37688230 2
11326 10600 11050       16.67811785 2
11327 9540 10349        17.14753831 2
11328 9540 10349        17.10342298 2
11329 9369 9130 15.63626280 1
11330 9369 9130 17.57393563 1
11331 10475 10616       14.65888740 1
11332 10475 10616       15.97141648 2
11333 10853 11019       9.22985912 1
11334 10853 11019       14.98427221 2
11335 9659 9504 19.92462084 2
11336 9659 9504 19.88958811 2
11337 9824 10696        9.95738681 2
11338 9824 10696        11.87157926 1
11339 9702 10243        11.23046033 2
11340 9702 10243        9.01907876 2
11341 10571 9617        16.79112532 1
11342 10571 9617        13.66284364 2
11343 10100 9997        16.08884565 1
11344 10100 9997        11.91637141 2
11345 11010 10425       9.57246059 2
11346 11010 10425       12.69471364 1
11347 9898 9114 13.72107338 2
11348 9898 9114 15.62270533 1
11349 10963 9292        12.06551695 2
11350 10963 9292        16.44124359 2
11351 10167 10806       16.99457026 1
11352 10167 10806       17.09145050 1
11353 9374 10469        8.24079160 2
11354 9374 10469        10.38834736 2
11355 10694 10780       13.36625854 2
11356 10694 10780       15.46889631 1
11357 10210 10397       6.20922053 2
11358 10210 10397       7.96280979 2
11359 10663 10587       10.79917854 1
11360 10663 10587       10.91513382 2
11361 10630 10042       15.23242336 2
11362 10630 10042       13.75038465 2
11363 10189 9120        18.72165259 2
11364 10189 9120        15.15944564 2
11365 10507 10728       10.68791984 2
11366 10507 10728       15.25175207 2
11367 9550 9326 7.68788406 1
11368 9550 9326 14.03865129 2
11369 10230 10375       13.57492071 1
11370 10230 10375       13.37713381 2
11371 11069 10065       19.65596364 2
11372 11069 10065       14.65079229 2
11373 10402 9227        19.43121632 2
11374 10402 9227        15.57862099 2
11375 9176 9911 19.95105686 2
11376 9176 9911 20.34363734 1
11377 9441 9242 10.57311948 1
11378 9441 9242 11.79387291 2
11379 11056 9758        16.05066128 2
11380 11056 9758        16.89232840 2
11381 9550 10085        6.23522465 2
11382 9550 10085        6.52130283 2
11383 11035 9108        14.68706075 1
11384 11035 9108        12.52319551 1
11385 9376 10580        11.39516008 2
11386 9376 10580        10.83259177 2
11387 10863 9625        5.02663222 2
11388 10863 9625        2.89764917 1
11389 9479 9904 16.11760126 1
11390 9479 9904 18.78971861 2
11391 9669 10652        20.98236458 2
11392 9669 10652        14.72072936 2
11393 10563 9604        5.44920815 2
11394 10563 9604        10.73377220 2
11395 9441 11026        4.26986805 2
11396 9441 11026        7.74774056 2
11397 10246 9776        9.32190476 1
11398 10246 9776        11.07749315 1
11399 10694 10374       22.29570916 2
11400 10694 10374       23.75923258 2
11401 10571 9773        12.65908180 2
11402 10571 9773        13.54829263 2
11403 11035 10346       11.51175898 2
11404 11035 10346       15.85092958 2
11405 9871 11097        20.50777888 1
11406 9871 11097        19.80736804 1
11407 9338 9582 19.62114066 2
11408 9338 9582 16.84678084 2
11409 10554 11018       10.95030110 2
11410 10554 11018       8.38238204 2
11411 9192 9562 16.06090009 2
11412 9192 9562 18.70509117 2
11413 10563 10021       6.81242925 2
11414 10563 10021       2.24461709 2
11415 10108 10147       27.71614260 2
11416 10108 10147       30.47482001 2
11417 9728 10633        20.64063401 1
11418 9728 10633        16.71168386 1
11419 10747 9135        14.84466397 1
11420 10747 9135        17.34318402 2
11421 10158 9180        20.08726629 2
11422 10158 9180        11.15747983 2
11423 9372 10994        15.94819566 2
11424 9372 10994        14.66212264 2
11425 10507 10750       7.24085756 2
11426 10507 10750       10.80975285 2
11427 10158 9310        26.19843390 1
11428 10158 9310        40.22974503 1
11429 10804 10944       12.72101603 2
11430 10804 10944       10.51416844 2
11431 9374 9734 27.00280321 1
11432 9374 9734 18.79510902 2
11433 10158 9805        21.61490754 2
11434 10158 9805        26.45118121 2
11435 9139 10222        12.80303628 2
11436 9139 10222        10.76169638 2
11437 10604 10393       17.80638263 2
11438 10604 10393       19.79050767 1
11439 10158 10128       22.17347169 2
11440 10158 10128       22.27492888 1
11441 10158 9835        23.83054529 2
11442 10158 9835        19.56646449 1
11443 10293 9508        12.91921705 1
11444 10293 9508        13.37630384 1
11445 10863 9477        16.77377637 2
11446 10863 9477        15.87352145 2
11447 10554 10756       7.30113672 2
11448 10554 10756       8.83785136 2
11449 9640 10928        11.26727011 2
11450 9640 10928        12.60888399 1
11451 9436 10432        9.04460954 2
11452 9436 10432        7.19510612 2
11453 10293 10494       15.60845737 2
11454 10293 10494       16.39092659 2
11455 10293 9810        17.33678052 1
11456 10293 9810        16.34328273 1
11457 10402 9575        20.23609005 2
11458 10402 9575        13.95606672 2
11459 10230 9359        15.75828687 2
11460 10230 9359        17.01421203 1
11461 10081 9786        25.21814120 2
11462 10081 9786        24.13302194 2
11463 9191 10594        16.28948378 2
11464 9191 10594        14.11665225 2
11465 9323 10011        15.65982126 2
11466 9323 10011        15.05345224 1
11467 11094 10848       7.53238468 2
11468 11094 10848       9.44037733 2
11469 9393 9933 16.65956803 2
11470 9393 9933 13.87022555 2
11471 9402 10377        13.60898308 2
11472 9402 10377        14.48856238 2
11473 10350 9554        9.76682301 2
11474 10350 9554        7.86686723 2
11475 10811 9464        13.31200070 1
11476 10811 9464        12.46807417 2
11477 10571 10251       11.60690916 2
11478 10571 10251       14.12501844 1
11479 9779 10379        23.94796357 1
11480 9779 10379        17.27747863 1
11481 9640 10538        11.35185282 1
11482 9640 10538        17.15196658 2
11483 10804 10836       15.34442722 2
11484 10804 10836       14.30630789 2
11485 10559 10745       16.66367740 1
11486 10559 10745       11.13135589 1
11487 9636 10945        19.30012161 2
11488 9636 10945        16.63323086 2
11489 9540 10774        9.09243154 1
11490 9540 10774        7.02176704 2
11491 9230 11023        14.35796110 1
11492 9230 11023        12.87461738 2
11493 9482 10536        16.69183493 2
11494 9482 10536        10.33673236 2
11495 10694 9708        17.65726602 2
11496 10694 9708        22.61265565 2
11497 10350 9330        11.98592413 1
11498 10350 9330        15.30902937 2
11499 9533 10069        8.47444068 2
11500 9533 10069        6.53053347 1
11501 9230 10239        8.75411047 2
11502 9230 10239        17.28523034 2
11503 10000 9515        5.62794771 2
11504 10000 9515        5.86706201 2
11505 9283 9799 24.76447916 2
11506 9283 9799 23.09510005 2
11507 9644 9747 21.61112012 2
11508 9644 9747 20.62747578 2
11509 10932 9568        17.42245603 2
11510 10932 9568        20.92543263 2
11511 9644 9420 7.59469598 2
11512 9644 9420 11.18748659 2
11513 10835 10670       19.95639876 1
11514 10835 10670       15.60760917 2
11515 9139 11084        11.42825855 2
11516 9139 11084        17.93563592 2
11517 9592 10116        18.44704289 2
11518 9592 10116        10.97490644 2
11519 9393 10142        21.51669065 2
11520 9393 10142        22.24561442 2
11521 10760 9165        17.04929038 2
11522 10760 9165        25.95162666 2
11523 9338 10543        12.54832355 2
11524 9338 10543        11.67881854 2
11525 9436 9472 13.41208827 2
11526 9436 9472 13.07105296 1
11527 9374 11013        18.67271089 2
11528 9374 11013        18.51195293 2
11529 10210 9161        4.69931306 2
11530 10210 9161        6.25990330 1
11531 9174 11053        7.02810449 2
11532 9174 11053        6.39099845 2
11533 9479 10467        20.34918623 2
11534 9479 10467        17.48600769 2
11535 10100 9647        13.72641086 2
11536 10100 9647        18.01212735 1
11537 9444 9797 4.33349351 2
11538 9444 9797 8.50180193 1
11539 10797 10298       25.38066128 2
11540 10797 10298       20.91068228 2
11541 10891 11001       3.42230113 1
11542 10891 11001       7.89734753 2
11543 9283 10698        20.15700848 1
11544 9283 10698        26.78656199 1
11545 10932 9250        12.48083359 2
11546 10932 9250        16.38950604 1
11547 10853 9528        11.61113695 1
11548 10853 9528        11.29225490 2
11549 10802 9939        16.07995210 2
11550 10802 9939        18.15900653 2
11551 9444 10304        11.22842368 2
11552 9444 10304        14.81005493 2
11553 11035 9306        15.09839358 2
11554 11035 9306        18.39867425 2
11555 10158 10654       22.93494652 2
11556 10158 10654       18.35156898 2
11557 9702 9351 5.23590988 1
11558 9702 9351 5.67995815 2
11559 9393 9822 23.74927822 2
11560 9393 9822 22.82316189 2
11561 10563 10256       12.53044326 2
11562 10563 10256       15.64515692 2
11563 10402 10071       11.20374223 1
11564 10402 10071       12.53076301 2
11565 10081 9138        19.28062428 2
11566 10081 9138        12.56433835 2
11567 10000 10007       5.04290135 1
11568 10000 10007       7.17528510 2
11569 9898 10869        13.94648671 2
11570 9898 10869        17.48606641 2
11571 9176 9211 14.54863342 2
11572 9176 9211 11.34288212 2
11573 9523 10795        20.36686649 2
11574 9523 10795        22.16241049 1
11575 10963 10331       6.16278573 2
11576 10963 10331       7.63435138 2
11577 10402 10329       15.05732692 2
11578 10402 10329       12.95365204 1
11579 9871 10627        13.05188188 2
11580 9871 10627        14.42412189 2
11581 10747 10741       15.30762443 2
11582 10747 10741       15.04726694 1
11583 10835 10868       8.90759228 2
11584 10835 10868       15.13220193 2
11585 9374 10655        12.58889195 2
11586 9374 10655        12.34529857 2
11587 10600 9679        17.69394314 2
11588 10600 9679        19.40419472 2
11589 10350 10758       11.22635056 2
11590 10350 10758       5.53657575 2
11591 9323 9856 9.36064898 2
11592 9323 9856 14.77034381 2
11593 9669 10691        14.09122710 1
11594 9669 10691        17.58723857 2
11595 9436 9173 8.06772033 2
11596 9436 9173 7.10922989 2
11597 10350 10520       25.27258796 1
11598 10350 10520       17.78313328 2
11599 10210 9962        10.04293745 2
11600 10210 9962        7.48367330 2
11601 10108 10830       19.21731841 2
11602 10108 10830       15.60972469 1
11603 9796 10110        13.65753335 2
11604 9796 10110        15.82078158 1
11605 10475 10473       17.70981380 1
11606 10475 10473       13.20524279 2
11607 10963 9737        15.61333281 2
11608 10963 9737        13.05409456 2
11609 10081 10881       17.88061867 2
11610 10081 10881       19.63998833 2
11611 9826 10638        13.70151111 2
11612 9826 10638        12.51728008 2
11613 11010 9977        11.37287568 1
11614 11010 9977        11.00448222 2
11615 11069 10027       18.99794509 2
11616 11069 10027       18.42916234 1
11617 9640 10724        16.39531785 2
11618 9640 10724        15.63604156 1
11619 9688 10323        7.96508157 2
11620 9688 10323        5.38783360 1
11621 10804 10174       17.59848259 2
11622 10804 10174       16.13031697 2
11623 9796 10577        10.24466589 1
11624 9796 10577        8.67066355 1
11625 11056 9923        15.45989256 2
11626 11056 9923        12.81988383 1
11627 9585 9299 11.84142250 2
11628 9585 9299 12.89920984 2
11629 10557 9321        6.22371712 2
11630 10557 9321        5.91859010 2
11631 10593 10566       10.94553645 2
11632 10593 10566       8.75213529 2
11633 9779 10965        19.39406565 2
11634 9779 10965        15.85554525 2
11635 10464 9254        15.34766344 2
11636 10464 9254        17.45812257 1
11637 9769 11090        17.98306573 1
11638 9769 11090        19.20402758 2
11639 9441 9546 5.62373022 2
11640 9441 9546 11.02272739 2
11641 10507 9811        15.88838686 2
11642 10507 9811        9.41094202 2
11643 11035 10966       11.34483344 2
11644 11035 10966       15.44576293 2
11645 9702 9234 -4.70055341 2
11646 9702 9234 2.75775085 2
11647 10000 9890        12.88117502 2
11648 10000 9890        11.86700097 2
11649 10659 10887       3.77785337 2
11650 10659 10887       1.33499480 2
11651 9871 10005        17.58560775 2
11652 9871 10005        16.30920278 2
11653 10811 9121        7.97406128 2
11654 10811 9121        12.22202454 2
11655 9283 11079        19.71104813 1
11656 9283 11079        19.64952663 2
11657 9871 10504        18.21093748 2
11658 9871 10504        16.13613580 2
11659 9139 10884        11.49043934 2
11660 9139 10884        9.90883279 2
11661 9176 10668        14.38205584 2
11662 9176 10668        23.01629162 2
11663 9826 10681        6.57474869 1
11664 9826 10681        10.00063394 2
11665 9533 10708        14.41442646 1
11666 9533 10708        8.93185600 2
11667 9376 10997        11.53389944 1
11668 9376 10997        13.40194502 2
11669 9636 9845 18.69858104 1
11670 9636 9845 11.74606499 1
11671 10337 9634        15.39408702 2
11672 10337 9634        9.60460036 1
11673 10169 10225       25.39102830 2
11674 10169 10225       23.35308006 2
11675 9372 10993        18.30547161 1
11676 9372 10993        17.22847076 1
11677 10659 9908        4.84430894 2
11678 10659 9908        2.35215556 2
11679 9192 10915        11.13590525 2
11680 9192 10915        3.99877854 2
11681 11035 10338       24.37313142 2
11682 11035 10338       22.67801117 2
11683 9533 10613        15.60050097 1
11684 9533 10613        12.20025557 2
11685 10853 10621       10.96523082 1
11686 10853 10621       12.04519446 2
11687 9191 9260 13.89319922 2
11688 9191 9260 13.52819868 1
11689 10167 9919        13.88829231 1
11690 10167 9919        15.56176422 2
11691 9470 9396 5.45302304 1
11692 9470 9396 11.64232080 1
11693 9376 10783        5.72985219 2
11694 9376 10783        14.34785785 1
11695 9139 10299        18.95344392 1
11696 9139 10299        19.88852505 2
11697 9897 9914 14.85629685 2
11698 9897 9914 15.30148909 2
11699 10752 10373       15.85466697 2
11700 10752 10373       23.98570111 1
11701 10230 10738       14.59193338 2
11702 10230 10738       10.35883995 2
11703 10659 10948       5.73746861 2
11704 10659 10948       8.38718775 2
11705 10630 9719        15.41920551 2
11706 10630 9719        18.37092639 2
11707 9323 10105        10.44744946 1
11708 9323 10105        9.06865120 1
11709 9402 10038        7.87270784 2
11710 9402 10038        5.39828903 2
11711 9592 9384 11.56556656 2
11712 9592 9384 4.51649819 2
11713 11056 10177       18.93901545 2
11714 11056 10177       17.49052860 1
11715 9436 9610 6.60049209 2
11716 9436 9610 11.97268533 2
11717 9176 9670 13.42349896 1
11718 9176 9670 16.34931662 2
11719 9550 9884 10.85550726 2
11720 9550 9884 19.86544567 2
11721 9482 9355 13.73105220 2
11722 9482 9355 18.93689969 2
11723 10659 10175       0.57257934 2
11724 10659 10175       4.35606320 2
11725 9898 9245 19.95318232 2
11726 9898 9245 20.41936594 1
11727 10571 10207       12.42237122 1
11728 10571 10207       16.26966447 1
11729 9540 9432 12.29811339 2
11730 9540 9432 16.59275722 2
11731 9436 9471 12.21447775 1
11732 9436 9471 10.89009529 2
11733 9728 9921 13.68413083 2
11734 9728 9921 14.12967229 2
11735 10210 9506        4.79120568 2
11736 10210 9506        5.66044036 2
11737 9176 10834        9.40932428 2
11738 9176 10834        13.13946082 1
11739 9935 10779        4.76551763 2
11740 9935 10779        7.25082048 2
11741 9174 11054        5.50293430 2
11742 9174 11054        7.55703096 2
11743 9338 10418        15.75557019 2
11744 9338 10418        23.69652561 1
11745 10322 10907       11.94716234 2
11746 10322 10907       12.69887079 1
11747 10747 10149       12.18715069 2
11748 10747 10149       17.41718451 2
11749 10563 9842        10.58532971 2
11750 10563 9842        10.81311495 2
11751 10804 10831       13.48079935 2
11752 10804 10831       16.13495185 2
11753 10809 9469        19.71144173 1
11754 10809 9469        22.74584421 1
11755 9659 9456 17.75631441 2
11756 9659 9456 19.64722035 2
11757 9779 10820        12.93192174 2
11758 9779 10820        15.83884025 2
11759 9192 10784        12.55449124 1
11760 9192 10784        12.73924063 1
11761 10337 10258       22.91607850 1
11762 10337 10258       28.01610464 1
11763 10571 11063       13.71596396 2
11764 10571 11063       14.75691706 1
11765 9688 9267 14.22871850 1
11766 9688 9267 11.86422767 2
11767 9636 10617        29.10493234 2
11768 9636 10617        30.22440228 1
11769 10235 9305        15.07313226 2
11770 10235 9305        13.02549811 2
11771 9669 9459 11.44655912 1
11772 9669 9459 14.41326037 2
11773 9871 11083        18.47114535 1
11774 9871 11083        17.96695939 1
11775 10246 10512       8.71806629 2
11776 10246 10512       12.74159992 1
11777 10985 10736       15.77452210 2
11778 10985 10736       9.79665187 2
11779 9191 10187        13.55024196 2
11780 9191 10187        12.93771508 1
11781 9608 9750 14.03181599 1
11782 9608 9750 13.77584596 2
11783 9523 9691 23.08653749 1
11784 9523 9691 21.87123644 1
11785 9935 10254        8.59574019 1
11786 9935 10254        12.39913054 2
11787 9592 9870 5.83559493 2
11788 9592 9870 6.75426132 2
11789 9323 9201 17.03360407 2
11790 9323 9201 21.35981644 2
11791 10402 10039       12.05549270 1
11792 10402 10039       14.61401432 2
11793 9935 9520 14.46264014 2
11794 9935 9520 12.20185696 2
11795 9174 9435 12.59483532 2
11796 9174 9435 16.60698651 2
11797 9402 9489 12.87685446 1
11798 9402 9489 12.80208787 2
11799 11094 10583       8.52685172 2
11800 11094 10583       6.85307373 1
11801 9640 9499 16.27649574 2
11802 9640 9499 15.65891074 2
11803 10554 11007       15.70453359 1
11804 10554 11007       18.34999194 2
11805 10835 11041       22.52812595 2
11806 10835 11041       8.67785114 1
11807 9550 11022        4.80383184 2
11808 9550 11022        12.01185888 2
11809 10663 10234       13.54291602 2
11810 10663 10234       22.63677152 2
11811 9482 10292        12.10808627 2
11812 9482 10292        12.74498159 1
11813 9871 9732 20.10032810 2
11814 9871 9732 17.84625468 2
11815 11094 9156        8.96724278 1
11816 11094 9156        10.06377939 2
11817 9376 10525        13.05736262 2
11818 9376 10525        13.99959176 2
11819 9702 10317        11.28741380 1
11820 9702 10317        12.68173569 2
11821 10752 11040       26.39754171 2
11822 10752 11040       16.41785725 2
11823 10659 10888       -1.87580325 2
11824 10659 10888       -1.83511179 1
11825 9702 10582        8.84181526 2
11826 9702 10582        10.74954391 2
11827 9728 10793        14.75988728 2
11828 9728 10793        16.53912378 2
11829 9139 10302        24.24796852 1
11830 9139 10302        17.58610249 2
11831 10000 9454        -2.50108650 2
11832 10000 9454        2.67551167 2
11833 9369 10755        13.06900698 2
11834 9369 10755        16.03021403 1
11835 11069 10641       12.49134671 1
11836 11069 10641       10.22773694 2
11837 9540 9909 16.21724281 1
11838 9540 9909 14.29980611 2
11839 9688 9505 8.83261296 2
11840 9688 9505 6.08875538 1
11841 9592 9334 10.80487116 2
11842 9592 9334 11.82364951 2
11843 10246 10351       9.92614969 2
11844 10246 10351       10.23848388 1
11845 10604 9385        10.10163493 1
11846 10604 9385        10.54779903 2
11847 9176 9927 18.91686957 2
11848 9176 9927 19.64989648 2
11849 9174 9880 7.22297598 2
11850 9174 9880 5.22684268 2
11851 10600 11049       17.15944345 2
11852 10600 11049       14.90671017 2
11853 9323 9212 10.38837777 1
11854 9323 9212 17.36191822 1
11855 10914 10424       19.25462865 2
11856 10914 10424       16.86296977 1
11857 9374 9645 14.66877447 1
11858 9374 9645 9.85163923 1
11859 10100 10856       20.11812912 1
11860 10100 10856       25.64396292 1
11861 10189 9642        16.61165698 2
11862 10189 9642        22.45528894 2
11863 9402 10495        4.60655240 1
11864 9402 10495        1.43447840 2
11865 10189 9874        13.75579897 2
11866 10189 9874        13.89271356 1
11867 10252 10472       8.03818423 2
11868 10252 10472       6.03484468 2
11869 9644 10237        17.36636968 1
11870 9644 10237        15.11576051 2
11871 10747 10168       11.69391132 2
11872 10747 10168       15.13344246 2
11873 9644 10459        21.98926931 2
11874 9644 10459        17.59291098 2
11875 10985 9274        19.45231671 2
11876 10985 9274        13.65225647 2
11877 9935 10253        8.59416832 2
11878 9935 10253        6.93595093 2
11879 9688 10324        8.26376655 2
11880 9688 10324        11.72400536 2
11881 10301 9854        13.71233109 2
11882 10301 9854        9.30250444 2
11883 9230 10592        14.57321409 2
11884 9230 10592        12.87674481 1
11885 9659 9455 15.90299676 1
11886 9659 9455 14.74903247 2
11887 9702 9886 13.76903042 2
11888 9702 9886 21.69795673 2
11889 10853 9264        8.62273304 2
11890 10853 9264        8.22714176 1
11891 10593 10757       12.92552407 2
11892 10593 10757       15.58504132 1
11893 10593 9564        26.38020923 2
11894 10593 9564        17.36932746 1
11895 10252 10876       15.39555395 2
11896 10252 10876       14.15740821 1
11897 9323 10485        13.60306022 2
11898 9323 10485        16.94168583 1
11899 10593 9808        11.63189119 1
11900 10593 9808        12.96348034 2
11901 10985 9102        8.37918514 2
11902 10985 9102        10.70753641 2
11903 10100 10510       5.37292754 2
11904 10100 10510       13.14824309 1
11905 10604 9915        15.95449068 2
11906 10604 9915        17.22942074 1
11907 10189 10931       9.68506797 2
11908 10189 10931       18.92610666 2
11909 9372 10910        15.78328664 1
11910 9372 10910        17.97740963 2
11911 9283 9430 16.49958329 1
11912 9283 9430 10.45040583 2
11913 9826 11059        14.53175286 2
11914 9826 11059        13.22542796 2
11915 10963 9661        17.08177031 2
11916 10963 9661        13.28112045 1
11917 9897 9881 12.44265189 2
11918 9897 9881 12.39484615 2
11919 10350 10906       9.69718787 2
11920 10350 10906       4.47050335 2
11921 10863 9580        17.55585899 2
11922 10863 9580        17.76649261 2
11923 10464 9955        19.33223544 2
11924 10464 9955        15.95303853 2
11925 10747 9951        12.52473809 2
11926 10747 9951        11.25205150 2
11927 10571 10099       18.63168085 1
11928 10571 10099       8.74558838 1
11929 10081 10735       24.47938685 2
11930 10081 10735       21.71106808 2
11931 9323 10748        14.58057331 2
11932 9323 10748        11.36951356 2
11933 9826 10483        14.99543667 1
11934 9826 10483        14.57646345 2
11935 11056 10391       12.96787989 2
11936 11056 10391       14.81046941 1
11937 10604 10573       9.85036308 2
11938 10604 10573       7.81790027 2
11939 10600 10937       13.62031107 2
11940 10600 10937       17.41300858 2
11941 10169 10645       11.22123312 2
11942 10169 10645       16.34302705 2
11943 10557 10844       6.20531647 2
11944 10557 10844       4.70045560 2
11945 9769 11046        7.21193295 2
11946 9769 11046        10.71865257 1
11947 9540 9431 20.43380598 2
11948 9540 9431 14.52649010 1
11949 9482 9675 9.97671879 2
11950 9482 9675 9.45238997 1
11951 9608 10940        9.91710477 2
11952 9608 10940        12.61369654 2
11953 9479 10186        25.95048695 1
11954 9479 10186        17.81333627 2
11955 10475 10541       13.66873554 1
11956 10475 10541       13.41139259 2
11957 10169 9163        6.16464319 2
11958 10169 9163        7.48525790 2
11959 10554 10620       15.43532959 1
11960 10554 10620       17.16435232 2
11961 9636 10319        9.90003923 1
11962 9636 10319        11.27406195 1
11963 9139 9207 20.09612269 2
11964 9139 9207 19.26169129 1
11965 9659 9307 17.65505376 2
11966 9659 9307 15.58933443 1
11967 10630 9449        21.04018664 2
11968 10630 9449        20.81946350 2
11969 10301 10313       11.54541535 2
11970 10301 10313       10.20451071 2
11971 9192 10265        22.27023986 2
11972 9192 10265        16.93424030 1
11973 9897 9421 6.69918548 1
11974 9897 9421 7.66621539 1
11975 9523 9511 22.67443014 2
11976 9523 9511 23.36899435 1
11977 9728 10634        17.98007662 2
11978 9728 10634        17.59624230 2
11979 10337 10004       12.49560997 2
11980 10337 10004       9.80181621 2
11981 10464 9331        18.68730287 2
11982 10464 9331        14.59587542 2
11983 10507 9710        11.71533959 2
11984 10507 9710        16.15274084 2
11985 9369 10489        22.08263920 2
11986 9369 10489        27.83143696 1
11987 9230 9674 13.60343389 2
11988 9230 9674 18.14416929 2
11989 10337 10257       14.43830208 2
11990 10337 10257       20.75730787 1
11991 9393 10332        34.27425002 1
11992 9393 10332        20.77146152 1
11993 9376 10157        16.72496271 2
11994 9376 10157        19.33756639 2
11995 9608 9837 10.04810223 2
11996 9608 9837 10.47698669 1
11997 10630 9752        21.73269468 1
11998 10630 9752        19.54472132 2
11999 9688 10440        18.90865610 2
12000 9688 10440        18.86099672 2
12001 10600 9665        12.54752349 2
12002 10600 9665        22.47948231 2
12003 10167 9883        19.72556696 2
12004 10167 9883        28.11159202 2
12005 9191 10307        15.30818555 2
12006 9191 10307        14.43068530 2
12007 9550 9828 12.87614256 2
12008 9550 9828 11.09354231 2
12009 10559 10090       12.80814662 1
12010 10559 10090       11.41906607 1
12011 10464 10361       31.09321874 1
12012 10464 10361       20.13217761 1
12013 9779 10103        5.89452830 1
12014 9779 10103        -1.07826324 2
12015 9174 10195        14.79845850 2
12016 9174 10195        14.90579994 1
12017 10802 10082       25.05591738 2
12018 10802 10082       25.06228267 1
12019 10167 10414       14.67916253 2
12020 10167 10414       11.03480995 2
12021 9444 9706 7.36166906 1
12022 9444 9706 6.86802049 2
12023 9533 10176        14.26099293 2
12024 9533 10176        13.86333215 2
12025 10914 9347        21.98342038 2
12026 10914 9347        13.28866051 2
12027 9728 10825        12.71076392 2
12028 9728 10825        15.51094716 2
12029 10809 10119       16.36235811 1
12030 10809 10119       13.04072381 2
12031 10752 10431       15.33030783 2
12032 10752 10431       17.47210813 1
12033 9470 9800 19.12897163 1
12034 9470 9800 17.47891499 2
12035 9444 10657        9.40767061 1
12036 9444 10657        11.49388798 1
12037 10760 10550       10.89574246 1
12038 10760 10550       23.16981157 1
12039 9444 9663 18.89025700 1
12040 9444 9663 15.55734242 2
12041 11056 10178       14.05293487 2
12042 11056 10178       20.93797007 2
12043 10659 9280        -7.71769111 2
12044 10659 9280        -8.81474691 1
12045 10158 9693        22.17025342 2
12046 10158 9693        24.68754996 1
12047 10760 10416       4.58147912 2
12048 10760 10416       6.41460677 1
12049 9523 11067        23.46671879 2
12050 9523 11067        20.84857843 2
12051 10571 9619        4.79346092 2
12052 10571 9619        9.22610990 2
12053 10557 9771        3.94751673 2
12054 10557 9771        6.77268170 2
12055 10932 10231       19.58565427 2
12056 10932 10231       19.04114037 2
12057 10100 10392       16.04505651 2
12058 10100 10392       15.34253264 2
12059 10963 9386        10.85927763 2
12060 10963 9386        13.24676079 2
12061 10464 10333       23.79092900 2
12062 10464 10333       24.49469753 2
12063 10464 9552        21.94032788 1
12064 10464 9552        18.55322854 2
12065 10835 9367        15.37934707 1
12066 10835 9367        15.02236311 2
12067 9826 10335        15.47485113 2
12068 9826 10335        18.56730443 2
12069 9897 9276 11.35492591 1
12070 9897 9276 9.68717874 2
12071 10804 10249       12.64255562 2
12072 10804 10249       12.83731326 2
12073 10747 10720       10.63176002 2
12074 10747 10720       12.47304197 2
12075 10802 9285        9.61877971 2
12076 10802 9285        15.37892134 1
12077 10235 10406       22.79611674 1
12078 10235 10406       25.22456621 2
12079 10554 10276       11.89407513 2
12080 10554 10276       11.76714335 1
12081 9338 9595 12.57520410 2
12082 9338 9595 11.57489053 2
12083 9769 10933        7.92837355 2
12084 9769 10933        12.45431145 2
12085 9376 9196 19.89337106 2
12086 9376 9196 23.08951686 2
12087 10210 9649        3.82782953 2
12088 10210 9649        8.36940518 2
12089 10985 9313        13.90792132 2
12090 10985 9313        18.20459539 1
12091 9897 9606 8.38128048 1
12092 9897 9606 8.71426937 2
12093 9372 10909        19.61118329 1
12094 9372 10909        19.64415445 2
12095 10747 9379        7.82958602 2
12096 10747 9379        9.48166848 1
12097 10293 11091       18.22822812 2
12098 10293 11091       16.37521416 2
12099 9230 9671 8.42392473 2
12100 9230 9671 12.64727975 2
12101 9174 10579        6.40485832 2
12102 9174 10579        6.60677052 2
12103 10932 9780        22.19396311 2
12104 10932 9780        21.79005195 2
12105 9436 9314 13.63996474 2
12106 9436 9314 15.52073470 2
12107 10600 11000       18.71704241 2
12108 10600 11000       17.04170592 2
12109 10230 10951       17.42646151 2
12110 10230 10951       16.03170695 2
12111 9444 10336        12.15092166 2
12112 9444 10336        16.51693930 2
12113 10563 10631       23.59435604 1
12114 10563 10631       12.70753750 2
12115 10252 9194        12.43304691 2
12116 10252 9194        14.96403667 2
12117 10081 10790       20.98897147 2
12118 10081 10790       20.96691046 1
12119 9550 10782        11.98668518 2
12120 9550 10782        10.18379709 2
12121 10081 11080       26.38656261 2
12122 10081 11080       15.91194968 1
12123 10797 9404        37.09725099 1
12124 10797 9404        26.94519078 2
12125 9444 10761        10.06444631 2
12126 9444 10761        13.42196022 2
12127 11056 9925        11.66077305 1
12128 11056 9925        14.40799746 2
12129 10293 11092       25.29318469 2
12130 10293 11092       19.26228203 2
12131 9898 9518 17.38119597 2
12132 9898 9518 16.49712792 2
12133 9369 10506        12.37714941 1
12134 9369 10506        12.43340957 2
12135 9192 10245        20.77547275 2
12136 9192 10245        18.99519055 2
12137 10630 9248        10.77355403 1
12138 10630 9248        7.16048074 2
12139 9479 9991 21.10723010 2
12140 9479 9991 21.57771606 1
12141 9533 11088        14.63003344 2
12142 9533 11088        13.17204146 1
12143 10663 10714       11.32485243 2
12144 10663 10714       8.99304260 2
12145 9540 9885 15.62250283 2
12146 9540 9885 11.76707805 2
12147 10802 9496        11.13943073 2
12148 10802 9496        11.84872561 2
12149 10301 10709       7.95251246 2
12150 10301 10709       10.55018920 1
12151 10559 10089       11.44845230 2
12152 10559 10089       21.23300107 2
12153 9533 10990        16.33450522 2
12154 9533 10990        11.10216684 2
12155 9523 10487        18.87242537 1
12156 9523 10487        21.27573903 2
12157 10337 9928        17.77483737 2
12158 10337 9928        11.02350514 2
12159 11010 10286       20.66481814 2
12160 11010 10286       16.13886440 2
12161 10694 10330       16.22995475 2
12162 10694 10330       13.69052595 1
12163 9139 10622        16.06458903 2
12164 9139 10622        14.75019316 2
12165 10507 10031       6.85492990 1
12166 10507 10031       3.95494161 2
12167 11010 10206       21.31409007 1
12168 11010 10206       20.47807194 2
12169 9688 10211        13.20592211 2
12170 9688 10211        13.43824627 2
12171 9283 10444        15.28684867 2
12172 9283 10444        17.72271011 1
12173 9470 9524 29.90909734 1
12174 9470 9524 21.91506484 2
12175 10167 10314       12.07453558 2
12176 10167 10314       6.87905653 1
12177 10811 10895       6.99441298 2
12178 10811 10895       11.65451449 2
12179 9702 10673        3.67589807 1
12180 9702 10673        6.21668454 2
12181 9608 9150 12.01408556 1
12182 9608 9150 9.67163202 2
12183 10475 9765        22.39219678 1
12184 10475 9765        16.55272990 1
12185 9376 10611        12.52491556 2
12186 9376 10611        16.30218600 2
12187 10891 9481        11.08196582 2
12188 10891 9481        16.36918567 2
12189 10663 10275       12.14278375 1
12190 10663 10275       10.01782029 1
12191 10235 9525        18.02502220 2
12192 10235 9525        12.51524021 2
12193 9533 9474 9.35024886 2
12194 9533 9474 8.53613324 2
12195 11010 9182        14.06717426 1
12196 11010 9182        10.97652425 1
12197 9585 9387 4.73490367 2
12198 9585 9387 -1.26721716 2
12199 10322 9697        8.68364499 2
12200 10322 9697        13.25094203 2
12201 9585 10371        7.54941271 1
12202 9585 10371        4.81280384 2
12203 10322 9216        15.13545490 2
12204 10322 9216        16.05458220 2
12205 11094 9576        12.26653458 2
12206 11094 9576        7.47029962 2
12207 10350 10547       12.19727069 2
12208 10350 10547       14.91751683 2
12209 9479 10040        17.59705121 2
12210 9479 10040        20.26758824 2
12211 10252 10534       8.61454019 1
12212 10252 10534       10.62156588 2
12213 10000 9809        7.25984851 2
12214 10000 9809        7.17927465 2
12215 10797 10800       21.39049856 2
12216 10797 10800       24.37775280 2
12217 10797 10917       25.75585449 2
12218 10797 10917       26.39061464 2
12219 11094 9510        11.24227956 2
12220 11094 9510        9.59740737 2
12221 10797 9742        27.58009230 2
12222 10797 9742        27.04058753 1
12223 9479 10636        25.40136505 2
12224 9479 10636        29.18647480 2
12225 9174 10262        8.80818633 2
12226 9174 10262        7.66783947 2
12227 10246 10278       15.21182870 2
12228 10246 10278       11.46082314 1
12229 10189 10719       17.34814408 2
12230 10189 10719       21.68842914 2
12231 10301 10101       15.62322031 1
12232 10301 10101       16.44871702 2
12233 10797 10842       20.67187421 2
12234 10797 10842       26.02950920 2
12235 9796 10212        20.77764135 1
12236 9796 10212        19.72342618 2
12237 10604 9370        17.84734352 2
12238 10604 9370        18.75555508 1
12239 10853 9603        3.82724724 2
12240 10853 9603        6.75377918 2
12241 9592 9850 16.60655838 2
12242 9592 9850 23.38499863 1
12243 9636 10904        14.33519615 1
12244 9636 10904        17.02843503 2
12245 10246 10826       9.85181106 2
12246 10246 10826       7.63691191 1
12247 10108 11044       24.30124455 2
12248 10108 11044       21.51314271 2
12249 10557 9124        8.24848011 2
12250 10557 9124        12.92530304 1
12251 10600 9360        16.26543444 2
12252 10600 9360        10.59826575 2
12253 10853 9175        12.65911503 1
12254 10853 9175        18.11854085 2
12255 10337 10569       18.80155016 1
12256 10337 10569       22.85299207 2
12257 10246 10028       10.05372625 2
12258 10246 10028       14.19566397 2
12259 10557 9258        15.31166370 2
12260 10557 9258        15.84758765 2
12261 10559 9638        11.51113913 2
12262 10559 9638        12.45286067 2
12263 10914 9239        15.58917226 2
12264 10914 9239        18.46400476 2
12265 10932 10405       17.87776765 1
12266 10932 10405       16.37110975 2
12267 9191 10896        16.15898865 2
12268 9191 10896        13.72018093 1
12269 11010 9290        14.56597151 1
12270 11010 9290        15.65452499 1
12271 10293 10676       11.43269551 2
12272 10293 10676       17.54690557 1
12273 9636 9770 18.92236095 2
12274 9636 9770 19.04358041 1
12275 9402 9626 6.58298541 2
12276 9402 9626 4.69108572 1
12277 10252 10091       8.26759045 2
12278 10252 10091       13.93188742 1
12279 10337 9920        12.72301985 1
12280 10337 9920        14.63409410 2
12281 10891 10913       19.04038869 2
12282 10891 10913       21.68191312 2
12283 10802 10754       16.97338489 2
12284 10802 10754       19.38863900 2
12285 10210 9218        0.35909089 2
12286 10210 9218        6.83125078 2
12287 9393 10096        22.83667622 1
12288 9393 10096        22.26082578 2
12289 9640 9968 21.64831193 2
12290 9640 9968 35.52345268 2
12291 10760 10015       13.97818002 1
12292 10760 10015       19.20869166 1
12293 10337 10003       15.11385701 2
12294 10337 10003       16.54048637 1
12295 9796 10111        14.37830728 1
12296 9796 10111        14.30342061 2
12297 10108 9889        22.47339072 2
12298 10108 9889        23.47304098 2
12299 10293 10353       14.55655457 2
12300 10293 10353       12.06569974 2
12301 10475 9867        11.72361480 2
12302 10475 9867        14.70180445 2
12303 9374 11093        13.39260408 2
12304 9374 11093        11.17336343 1
12305 10797 9345        21.30564313 1
12306 10797 9345        24.96532140 1
12307 10663 9948        4.69588827 2
12308 10663 9948        4.83820480 2
12309 9372 10208        9.41744342 2
12310 9372 10208        9.26532206 2
12311 10507 10390       6.15242994 2
12312 10507 10390       9.28230034 2
12313 9796 10048        14.76510303 2
12314 9796 10048        10.40214069 2
12315 10000 10134       3.22080373 2
12316 10000 10134       6.86824319 2
12317 10809 9373        16.52344616 2
12318 10809 9373        23.00145578 2
12319 9402 10102        14.42074632 2
12320 9402 10102        16.45411565 2
12321 9826 11060        14.83044891 2
12322 9826 11060        15.69588407 2
12323 10804 9149        14.40315043 2
12324 10804 9149        14.23489870 1
12325 10809 9932        15.77396590 1
12326 10809 9932        17.11122269 2
12327 9369 9214 12.54597366 2
12328 9369 9214 14.66965946 2
12329 9898 9461 13.00257662 2
12330 9898 9461 15.84982332 2
12331 10863 10136       14.49690043 2
12332 10863 10136       11.25778161 2
12333 10835 10532       11.48608409 1
12334 10835 10532       12.10446344 2
12335 9470 9312 15.49153792 2
12336 9470 9312 16.49457367 2
12337 11094 9400        10.00611507 2
12338 11094 9400        11.81131074 1
12339 9283 10597        22.23217837 2
12340 9283 10597        20.73135937 2
12341 10169 10204       16.22004465 2
12342 10169 10204       10.98065740 1
12343 10760 10446       12.65264810 2
12344 10760 10446       9.82686167 1
12345 10322 10036       15.07845856 2
12346 10322 10036       18.39332314 2
12347 10235 9567        22.65302187 2
12348 10235 9567        22.81856464 2
12349 10752 11039       23.23115181 1
12350 10752 11039       18.25500564 2
12351 9230 10591        14.30334306 2
12352 9230 10591        11.25628749 2
12353 10694 10704       17.13430891 2
12354 10694 10704       18.57855305 2
12355 9608 10445        -0.02473787 2
12356 9608 10445        5.39986401 2
12357 9540 9364 8.78705782 2
12358 9540 9364 8.53002355 2
12359 10350 10327       11.09392418 2
12360 10350 10327       7.65203237 2
12361 9824 9716 1.46175479 2
12362 9824 9716 0.97261807 1
12363 10811 9181        4.15123165 2
12364 10811 9181        4.15170489 2
12365 9550 10086        3.22859935 2
12366 9550 10086        4.06753032 2
12367 9374 10470        9.54755191 2
12368 9374 10470        15.49833955 2
12369 9479 10523        13.30746615 2
12370 9479 10523        11.38000224 1
12371 10475 9746        15.27566832 2
12372 10475 9746        20.30741812 2
12373 9592 10703        14.63309035 2
12374 9592 10703        14.10844945 2
12375 10554 10954       10.08403271 1
12376 10554 10954       10.24859754 2
12377 9230 9852 11.08370575 2
12378 9230 9852 13.69845957 2
12379 9592 9615 21.32092162 2
12380 9592 9615 20.26533436 2
12381 9769 9635 12.45373265 2
12382 9769 9635 12.32430013 2
12383 9441 10407        15.42568715 2
12384 9441 10407        12.67506369 1
12385 9192 10962        8.12476873 2
12386 9192 10962        13.06723540 2
12387 10835 9429        11.91754345 2
12388 10835 9429        6.89514907 2
12389 10100 10855       18.30301332 1
12390 10100 10855       16.04919173 2
12391 11056 9924        12.78101493 2
12392 11056 9924        17.48544877 2
12393 10402 10723       20.06349661 1
12394 10402 10723       22.39653541 2
12395 10507 9443        4.58897546 1
12396 10507 9443        5.67137646 2
12397 9659 10348        11.82891317 2
12398 9659 10348        15.62899077 2
12399 10804 10131       14.20144610 2
12400 10804 10131       16.01580206 2
12401 10554 10033       10.31719708 2
12402 10554 10033       12.15281403 2
12403 9585 10372        12.53356366 2
12404 9585 10372        8.29395480 2
12405 10571 10450       12.20444695 2
12406 10571 10450       11.09814808 2
12407 11069 11075       13.84834506 2
12408 11069 11075       10.32884054 2
12409 10108 10552       20.21954240 1
12410 10108 10552       21.34129153 2
12411 9640 9802 8.35364663 2
12412 9640 9802 11.06942808 2
12413 10891 9655        13.14579417 1
12414 10891 9655        7.61596688 2
12415 9898 10389        16.31581972 2
12416 9898 10389        18.87845234 1
12417 10932 9450        21.44644054 1
12418 10932 9450        20.32417849 1
12419 10167 10715       17.40462261 2
12420 10167 10715       14.29782564 1
12421 10811 9878        8.32289153 2
12422 10811 9878        4.94639871 2
12423 9482 9401 14.57694221 2
12424 9482 9401 13.39674680 2
12425 9283 10063        21.58620932 2
12426 9283 10063        24.50841029 2
12427 10593 10702       19.75979605 1
12428 10593 10702       14.06638476 2
12429 10563 10717       8.25249392 2
12430 10563 10717       6.83723904 2
12431 10802 10753       18.12632389 1
12432 10802 10753       13.09439780 2
12433 10891 10687       9.81364524 2
12434 10891 10687       8.31376650 1
12435 9871 10130        15.54682059 1
12436 9871 10130        11.33813184 1
12437 10863 10851       15.51519295 2
12438 10863 10851       12.43707908 2
12439 10914 9942        15.83658152 2
12440 10914 9942        11.16939871 2
12441 9533 10141        10.32366714 2
12442 9533 10141        9.12971165 2
12443 11010 9289        15.33236574 2
12444 11010 9289        13.32858024 2
12445 9897 9382 14.81759369 2
12446 9897 9382 19.99903337 2
12447 10246 9517        7.94498241 2
12448 10246 9517        8.81389760 2
12449 10963 10170       11.91060332 1
12450 10963 10170       14.94110453 2
12451 9338 9294 14.13180885 2
12452 9338 9294 15.17016280 1
12453 9374 10810        16.39715378 2
12454 9374 10810        15.24503187 2
12455 9441 9907 5.99227935 2
12456 9441 9907 7.62346405 2
12457 10760 10991       18.34835890 2
12458 10760 10991       20.15320256 2
12459 11035 11070       16.67708619 1
12460 11035 11070       12.49143638 1
12461 10464 9738        12.51911475 2
12462 10464 9738        11.16427404 2
12463 11056 10873       11.23975275 2
12464 11056 10873       15.34171358 2
12465 9728 9241 21.65252687 1
12466 9728 9241 16.64306766 2
12467 9372 10850        15.21292767 2
12468 9372 10850        12.20044005 1
12469 10853 9527        10.83741458 2
12470 10853 9527        7.89436894 2
12471 9779 9711 26.50883517 1
12472 9779 9711 13.57423190 1
12473 9444 10625        4.61193919 2
12474 9444 10625        10.46960402 2
12475 10985 10454       10.33285225 2
12476 10985 10454       8.95922270 1
12477 10167 10326       13.05089105 1
12478 10167 10326       17.08676055 2
12479 10563 9721        7.31245332 2
12480 10563 9721        9.48216177 2
12481 10559 9410        12.86011633 2
12482 10559 9410        14.27578608 2
12483 10100 9859        17.87669696 2
12484 10100 9859        18.63861978 2
12485 10863 9113        13.05854034 1
12486 10863 9113        20.44848297 2
12487 9935 9971 14.10045933 2
12488 9935 9971 11.86782218 1
12489 9323 9751 17.68585676 2
12490 9323 9751 19.66878965 2
12491 9374 10610        4.80446799 1
12492 9374 10610        7.86054107 2
12493 10000 10277       8.69074765 2
12494 10000 10277       11.53260795 1
12495 10811 9879        3.05876609 2
12496 10811 9879        6.63185074 2
12497 10000 9970        4.12630663 2
12498 10000 9970        12.56082072 2
12499 9470 10924        24.14340642 2
12500 9470 10924        12.52858020 2
12501 10337 11052       7.90773038 2
12502 10337 11052       3.77329832 1
12503 9369 10159        17.13713216 2
12504 9369 10159        15.16318361 2
12505 10554 10172       11.64758811 2
12506 10554 10172       14.97247253 2
12507 9176 10098        30.23698053 1
12508 9176 10098        23.21729722 1
12509 9533 9631 4.85194531 2
12510 9533 9631 7.08211320 2
12511 10246 10840       16.15855411 2
12512 10246 10840       11.48205169 1
12513 10985 10290       13.15756049 2
12514 10985 10290       9.70403019 2
12515 10322 10859       10.81782752 2
12516 10322 10859       8.41985859 2
12517 10246 9787        31.38184147 1
12518 10246 9787        12.06082403 1
12519 10235 9956        19.22822730 2
12520 10235 9956        24.16131328 1
12521 10747 9324        15.45226674 1
12522 10747 9324        17.54589255 2
12523 9897 9240 15.36602439 1
12524 9897 9240 11.33721001 2
12525 9338 9685 7.57058201 2
12526 9338 9685 9.61963167 2
12527 9540 9848 13.17886251 1
12528 9540 9848 13.25750118 1
12529 9898 9605 5.25388137 2
12530 9898 9605 4.86589929 1
12531 10252 10572       9.82592906 2
12532 10252 10572       13.18265352 2
12533 10659 11011       -1.99942644 2
12534 10659 11011       5.19058772 2
12535 9796 10590        13.94894736 2
12536 9796 10590        12.83845799 2
12537 9482 10662        10.56538119 2
12538 9482 10662        16.62194625 2
12539 10081 10034       20.11150835 2
12540 10081 10034       19.00396006 2
12541 9688 10283        4.07347080 2
12542 9688 10283        2.32168861 1
12543 9402 10942        10.16879347 1
12544 9402 10942        18.32042476 2
12545 10932 9558        21.67988917 2
12546 10932 9558        20.33318406 2
12547 10811 9513        4.93851781 2
12548 10811 9513        4.11142204 2
12549 9796 9265 20.73694992 2
12550 9796 9265 12.21062691 1
12551 9393 10068        21.68641222 2
12552 9393 10068        20.35348794 2
12553 9769 10316        9.37231076 1
12554 9769 10316        11.75237875 1
12555 9636 10076        9.04369162 2
12556 9636 10076        13.00526133 2
12557 10747 10817       9.74234399 1
12558 10747 10817       10.89963517 2
12559 9192 10822        7.58427006 1
12560 9192 10822        9.64447494 2
12561 9659 9389 10.14781188 2
12562 9659 9389 13.30381056 2
12563 9540 9847 14.44322653 2
12564 9540 9847 11.70222565 2
12565 9669 9340 14.73015352 2
12566 9669 9340 9.28416513 2
12567 9191 10640        15.13204416 1
12568 9191 10640        15.41733573 2
12569 10081 9137        18.81425048 2
12570 10081 9137        18.29893572 1
12571 10475 10847       8.43635765 2
12572 10475 10847       8.48819065 2
12573 9669 9672 15.25504188 2
12574 9669 9672 14.92384978 1
12575 11069 10343       14.68741946 1
12576 11069 10343       13.52750235 1
12577 11069 11076       9.62230398 2
12578 11069 11076       19.71049628 2
12579 9935 9938 11.59317133 2
12580 9935 9938 9.74130397 2
12581 10797 9213        20.78519503 1
12582 10797 9213        17.00153229 2
12583 10235 10992       15.64482124 2
12584 10235 10992       16.27082911 1
12585 9192 11058        7.07936320 1
12586 9192 11058        3.79509270 2
12587 10169 9468        11.39532579 2
12588 10169 9468        13.77337266 2
12589 10891 10203       8.23115106 2
12590 10891 10203       6.58680069 1
12591 9436 9381 5.44778892 1
12592 9436 9381 10.70121030 2
12593 9688 10911        8.63315476 2
12594 9688 10911        7.21239867 2
12595 10559 9409        17.79192072 1
12596 10559 9409        16.08683142 1
12597 10210 10786       5.71050555 2
12598 10210 10786       6.46527906 2
12599 9585 9440 7.76809530 2
12600 9585 9440 5.70564744 2
12601 10804 9105        6.37395031 2
12602 10804 9105        5.48831923 1
12603 10604 9153        9.01634227 2
12604 10604 9153        10.36018164 2
12605 9871 10017        7.27676511 2
12606 9871 10017        6.78001790 2
12607 9470 9905 10.28161526 1
12608 9470 9905 8.56157087 2
12609 9769 10143        9.16805973 2
12610 9769 10143        13.06368851 2
12611 10189 9168        22.20812152 2
12612 10189 9168        31.67685524 1
12613 10000 10858       10.73996670 2
12614 10000 10858       10.09436717 1
12615 9393 9341 23.05012710 2
12616 9393 9341 15.28727829 2
12617 10663 10943       11.86415341 2
12618 10663 10943       18.90157214 1
12619 9540 9820 18.55590753 2
12620 9540 9820 16.07795310 1
12621 9644 9683 16.92440013 1
12622 9644 9683 17.73828577 2
12623 9728 9840 26.03145497 1
12624 9728 9840 23.93576417 1
12625 9482 10281        13.78234757 2
12626 9482 10281        5.98463794 2
12627 9479 11042        20.39974757 1
12628 9479 11042        16.85701302 2
12629 9436 9251 10.99149836 2
12630 9436 9251 13.45331728 2
12631 9826 10137        8.88254617 2
12632 9826 10137        12.99664702 1
12633 10663 9772        5.81727531 2
12634 10663 9772        8.07243121 2
12635 10963 10120       16.33625173 1
12636 10963 10120       11.94257111 2
12637 9644 10607        25.72709675 1
12638 9644 10607        30.38149689 1
12639 10563 9272        15.73347814 2
12640 10563 9272        16.55574357 2
12641 9369 9830 11.28313234 2
12642 9369 9830 14.35240849 2
12643 9585 9487 8.04720968 2
12644 9585 9487 12.02437830 2
12645 9688 10284        9.30809033 2
12646 9688 10284        6.56092179 2
12647 10914 10899       14.78352120 1
12648 10914 10899       13.39220769 2
12649 10557 10998       9.24039925 2
12650 10557 10998       6.95074976 2
12651 10108 10148       22.08036035 1
12652 10108 10148       24.20273218 2
12653 9436 10309        6.31465682 2
12654 9436 10309        4.62352045 2
12655 10659 9700        0.45791343 1
12656 10659 9700        -0.61814179 1
12657 9550 10819        14.50954795 1
12658 9550 10819        6.77306558 2
12659 9523 10153        18.37003369 2
12660 9523 10153        19.90487199 2
12661 10571 9730        19.24992470 2
12662 10571 9730        24.52806928 1
12663 10337 9954        11.88743176 2
12664 10337 9954        16.20048826 2
12665 10554 10171       13.59827171 1
12666 10554 10171       12.87619702 2
12667 10475 10690       15.78522496 2
12668 10475 10690       15.67831538 1
12669 10189 9707        17.75946978 2
12670 10189 9707        14.54996548 1
12671 9824 10959        11.13073082 2
12672 9824 10959        12.02640774 2
12673 9935 10967        12.49218748 2
12674 9935 10967        13.59917723 2
12675 9174 10001        12.11680277 2
12676 9174 10001        11.83958559 2
12677 9935 10546        -1.78165734 2
12678 9935 10546        1.78440829 2
12679 10235 9141        9.22662555 2
12680 10235 9141        12.25446096 2
12681 10760 10415       16.95226000 2
12682 10760 10415       16.54898929 2
12683 10853 9451        14.34280907 2
12684 10853 9451        16.89079192 2
12685 9592 10533        13.52050404 1
12686 9592 10533        17.88067443 1
12687 10593 11032       18.33538394 2
12688 10593 11032       21.25665380 2
12689 9482 10073        15.59186446 2
12690 9482 10073        15.41155500 1
12691 9702 10226        4.86859477 2
12692 9702 10226        11.86767514 2
12693 10000 11009       11.88454149 2
12694 10000 11009       12.83567042 2
12695 10235 10770       11.85375526 2
12696 10235 10770       17.30102583 1
12697 10809 9574        19.71886910 2
12698 10809 9574        14.75665916 1
12699 11094 10584       3.60506471 2
12700 11094 10584       6.51611572 2
12701 9608 9817 8.46321946 1
12702 9608 9817 12.35767818 2
12703 11069 10878       9.45078315 2
12704 11069 10878       7.01922406 2
12705 9644 10608        25.30706983 2
12706 9644 10608        23.51969073 1
12707 10593 11047       12.20981067 2
12708 10593 11047       11.04108066 2
12709 9174 9157 15.13861048 1
12710 9174 9157 9.83518531 2
12711 11010 10426       6.79230079 2
12712 11010 10426       11.15089441 2
12713 10210 9438        8.67267327 2
12714 10210 9438        6.03269433 2
12715 10802 9944        16.17341677 1
12716 10802 9944        20.13653774 2
12717 10863 9579        23.40098901 1
12718 10863 9579        20.22016767 1
12719 9523 10979        21.47231128 2
12720 9523 10979        21.67168778 1
12721 9139 9624 12.66353892 1
12722 9139 9624 16.19692348 2
12723 10108 10093       19.23114283 1
12724 10108 10093       26.67941627 2
12725 10747 10602       15.55324361 1
12726 10747 10602       9.52839421 2
12727 9640 9348 10.11297403 2
12728 9640 9348 6.64255647 2
12729 9176 9353 17.83789131 2
12730 9176 9353 17.59090175 2
12731 10507 9812        9.56421219 2
12732 10507 9812        13.46444066 2
12733 10507 9969        9.27009578 2
12734 10507 9969        13.77138546 1
12735 9372 10014        29.61075526 1
12736 9372 10014        26.76986879 2
12737 9230 11024        14.60699138 1
12738 9230 11024        14.09722741 2
12739 9592 10066        24.14473736 1
12740 9592 10066        27.73318289 1
12741 10081 10540       22.93024783 1
12742 10081 10540       22.70301265 1
12743 10604 9729        16.44927115 1
12744 10604 9729        16.41101249 2
12745 11056 10874       12.20999426 1
12746 11056 10874       10.22295128 2
12747 10350 9756        12.35920650 1
12748 10350 9756        9.50701614 2
12749 10108 10051       20.11771408 2
12750 10108 10051       19.12815635 2
12751 9402 9972 8.17820447 2
12752 9402 9972 6.29061406 1
12753 9402 9256 4.75468742 1
12754 9402 9256 8.62805384 2
12755 10853 10362       19.48356020 2
12756 10853 10362       20.33359142 1
12757 9441 9545 0.20482887 2
12758 9441 9545 8.03218226 1
12759 10835 10054       15.80083340 2
12760 10835 10054       18.14372673 1
12761 9897 9882 9.70122857 2
12762 9897 9882 7.76087647 2
12763 10230 10499       15.45636852 2
12764 10230 10499       17.35909867 2
12765 9824 10509        1.31968517 1
12766 9824 10509        3.39506106 2
12767 9644 10862        9.80673524 2
12768 9644 10862        10.03070436 2
12769 10167 10413       11.10487205 2
12770 10167 10413       9.62060685 1
12771 10630 10191       14.64062005 2
12772 10630 10191       10.61821452 2
12773 9898 10838        18.99839927 1
12774 9898 10838        15.48268257 2
12775 10230 10920       16.64922240 2
12776 10230 10920       18.39849641 2
12777 10760 10341       11.65447095 1
12778 10760 10341       9.12589833 2
12779 10252 10092       10.91603785 1
12780 10252 10092       9.10733262 1
12781 9369 10356        16.32857586 2
12782 9369 10356        14.18413421 2
12783 9769 11045        14.03158693 2
12784 9769 11045        15.00322745 1
12785 9669 10442        15.08485959 2
12786 9669 10442        13.09902635 1
12787 10600 9957        8.65486887 2
12788 10600 9957        7.52772887 2
12789 10301 9209        3.50676442 2
12790 10301 9209        4.34286888 2
12791 10252 10080       7.25427402 1
12792 10252 10080       9.51063826 1
12793 11094 10936       10.95920363 2
12794 11094 10936       12.40518192 2
12795 10169 10115       5.23609999 1
12796 10169 10115       6.08378079 2
12797 10108 10857       17.87102877 1
12798 10108 10857       16.81665069 2
12799 9796 9177 17.28436415 2
12800 9796 9177 18.46944581 2
12801 10694 9563        23.72831082 2
12802 10694 9563        21.48568131 2
12803 9372 9816 13.69167027 2
12804 9372 9816 17.90856726 2
12805 10559 9788        10.38294542 2
12806 10559 9788        19.47977882 2
12807 10301 11074       16.21261743 2
12808 10301 11074       12.12946561 2
12809 9640 10560        16.51463194 2
12810 9640 10560        11.76468516 2
12811 9338 10729        11.14599227 2
12812 9338 10729        15.45223163 2
12813 9702 9205 6.24650160 1
12814 9702 9205 7.11890630 1
12815 9898 9778 19.39045895 2
12816 9898 9778 15.43832023 2
12817 9441 9134 6.04559909 1
12818 9441 9134 10.14137062 2
12819 10167 10805       19.68720495 2
12820 10167 10805       17.30371440 2
12821 10350 10653       10.22365886 2
12822 10350 10653       14.60138964 2
12823 9935 9164 10.00312630 2
12824 9935 9164 6.86243817 1
12825 9608 10827        16.29183015 2
12826 9608 10827        12.99976295 2
12827 9479 9926 11.93173382 2
12828 9479 9926 16.19504479 1
12829 9608 10215        11.07639482 2
12830 9608 10215        13.16837880 2
12831 10571 11099       5.64265524 2
12832 10571 11099       14.82993803 1
12833 9824 10716        10.87505810 2
12834 9824 10716        13.36438746 1
12835 9482 10359        5.00696367 1
12836 9482 10359        4.84629113 2
12837 10252 9259        12.19143268 1
12838 10252 9259        14.18958484 2
12839 9174 10388        5.12685619 1
12840 9174 10388        7.61563330 2
12841 11035 10883       9.78977041 1
12842 11035 10883       10.26678228 2
12843 9372 11005        22.91668243 2
12844 9372 11005        19.87749297 1
12845 10557 10220       11.53514506 2
12846 10557 10220       11.39524520 2
12847 10464 9791        19.82144963 2
12848 10464 9791        21.55173903 2
12849 10169 10078       14.77489842 2
12850 10169 10078       17.20834147 2
12851 9728 9922 19.18723942 2
12852 9728 9922 15.37916012 1
12853 10835 9790        11.39106370 2
12854 10835 9790        3.27293647 2
12855 10809 9723        13.16034036 2
12856 10809 9723        13.20915362 2
12857 9550 10300        9.83854017 1
12858 9550 10300        9.57578970 2
12859 9323 9293 10.41044622 2
12860 9323 9293 13.13714316 2
12861 9769 9621 16.27239311 1
12862 9769 9621 17.54749218 2
12863 10663 9475        1.88847078 2
12864 10663 9475        6.36486898 1
12865 9796 9439 16.48161429 2
12866 9796 9439 14.86000921 2
12867 9482 10902        9.27713598 1
12868 9482 10902        13.97525179 2
12869 10811 9910        10.47361691 2
12870 10811 9910        4.57576901 2
12871 9779 9399 12.62829233 2
12872 9779 9399 10.80636428 2
12873 9192 9316 8.29152379 2
12874 9192 9316 10.15871254 2
12875 9826 10050        11.39402403 2
12876 9826 10050        8.10822880 2
12877 10402 9532        10.62344088 2
12878 10402 9532        21.81166102 2
12879 10630 10097       12.47894128 2
12880 10630 10097       13.45770958 1
12881 10600 10382       7.89569138 2
12882 10600 10382       9.73013373 2
12883 11056 9368        12.94472663 1
12884 11056 9368        11.95288249 2
12885 9824 10669        12.91823864 2
12886 9824 10669        11.69597156 2
12887 9191 11087        15.62310890 2
12888 9191 11087        15.70106259 1
12889 9608 9228 13.20416160 2
12890 9608 9228 9.23562497 2
12891 9659 10259        15.79986710 2
12892 9659 10259        17.99781449 1
12893 10475 10689       13.64190064 2
12894 10475 10689       17.61659982 2
12895 9585 9512 8.37008634 2
12896 9585 9512 10.47008465 2
12897 10189 10030       16.76640786 1
12898 10189 10030       16.04041280 2
12899 10100 9949        11.54237008 1
12900 10100 9949        16.90355657 2
12901 10963 10977       17.72275818 2
12902 10963 10977       16.23633134 2
12903 10464 9599        11.16698890 1
12904 10464 9599        9.24621289 2
12905 9659 10347        19.09348047 1
12906 9659 10347        23.49553372 2
12907 10210 9678        8.73748681 1
12908 10210 9678        5.85053096 2
12909 9176 9297 10.83335447 2
12910 9176 9297 16.63315617 2
12911 10985 11100       5.26392109 1
12912 10985 11100       5.48983189 2
12913 10835 9445        11.42077137 2
12914 10835 9445        13.16745694 2
12915 11094 10482       14.38823367 2
12916 11094 10482       13.35891892 2
12917 10167 9390        16.03294643 2
12918 10167 9390        15.79164080 2
12919 9898 9275 17.60349265 2
12920 9898 9275 19.34986682 2
12921 9283 9613 15.69930969 2
12922 9283 9613 14.71486534 2
12923 10158 9375        20.07510645 1
12924 10158 9375        26.97388338 1
12925 10554 9950        17.50406086 2
12926 10554 9950        20.90296016 2
12927 9702 9295 10.02151390 2
12928 9702 9295 8.84010999 2
12929 10694 9894        23.81309312 1
12930 10694 9894        17.67718732 2
12931 10593 11031       23.62636762 1
12932 10593 11031       25.49717148 2
12933 9230 9424 15.35693083 2
12934 9230 9424 20.36793479 2
12935 10802 9119        16.42697656 1
12936 10802 9119        16.43140292 2
12937 9376 10264        19.21595074 1
12938 9376 10264        19.90276662 2
12939 9669 10528        16.90994231 2
12940 9669 10528        9.12836084 2
12941 9192 10961        18.30720902 2
12942 9192 10961        17.70034849 1
12943 11035 9268        16.29887585 2
12944 11035 9268        16.16792665 2
12945 10752 11055       18.28109987 1
12946 10752 11055       16.94084704 2
12947 10914 9901        17.57649590 2
12948 10914 9901        14.96589535 1
12949 9669 10692        13.93274018 1
12950 9669 10692        11.45957978 2
12951 10293 10675       12.14658881 1
12952 10293 10675       14.81706139 2
12953 10559 10919       14.57274298 2
12954 10559 10919       15.44278916 2
12955 10797 9403        23.28754132 2
12956 10797 9403        23.39773025 2
12957 10932 10179       19.17090191 2
12958 10932 10179       19.68736561 2
12959 10809 9270        14.16229706 2
12960 10809 9270        16.55972691 2
12961 9824 9801 1.39001595 2
12962 9824 9801 5.78096284 2
12963 10230 10731       13.77627073 2
12964 10230 10731       10.44189529 2
12965 10863 10486       21.80417483 2
12966 10863 10486       29.89852481 2
12967 10863 9210        8.63802423 2
12968 10863 9210        8.91582758 2
12969 10557 10462       7.62312883 1
12970 10557 10462       6.47630192 2
12971 10507 10743       15.82801690 2
12972 10507 10743       22.47128342 2
12973 10752 9987        20.43279449 1
12974 10752 9987        21.46928304 2
12975 10402 10785       23.41567404 2
12976 10402 10785       32.24569024 1
12977 10557 10219       11.72376416 2
12978 10557 10219       5.76049062 2
12979 10797 10064       26.43839484 2
12980 10797 10064       25.76950834 2
12981 10235 9999        12.08819486 2
12982 10235 9999        20.97008882 1
12983 10322 10799       13.53113562 2
12984 10322 10799       15.42716767 2
12985 10081 10685       13.01632656 1
12986 10081 10685       9.06437049 1
12987 10630 10197       11.60646798 2
12988 10630 10197       16.27815423 2
12989 9636 9103 13.95750753 2
12990 9636 9103 15.09029490 2
12991 10891 10984       6.65615010 2
12992 10891 10984       8.54027182 2
12993 9824 9864 10.30956291 1
12994 9824 9864 13.58000202 1
12995 10835 9844        13.91847769 2
12996 10835 9844        10.91391487 2
12997 9470 9687 14.34448081 1
12998 9470 9687 13.42621376 2
12999 10804 10173       12.43586136 2
13000 10804 10173       15.86114500 2
13001 9393 9821 22.01819866 2
13002 9393 9821 23.37378066 2
13003 9826 10515        12.59741507 2
13004 9826 10515        11.24262846 2
13005 10293 9794        7.21920522 2
13006 10293 9794        13.27991896 2
13007 10593 10565       8.19742205 1
13008 10593 10565       5.65054066 2
13009 9283 9199 13.78735798 2
13010 9283 9199 18.02065454 1
13011 10752 10046       22.34499178 2
13012 10752 10046       13.65820415 2
13013 10932 9278        21.29786282 2
13014 10932 9278        18.47378009 1
13015 10600 9958        11.23139364 2
13016 10600 9958        10.22522850 2
13017 10246 10429       15.09870134 2
13018 10246 10429       16.14752767 1
13019 9338 10526        14.72215575 1
13020 9338 10526        19.56131837 2
13021 10659 10947       9.36194455 2
13022 10659 10947       7.95242255 1
13023 9283 9984 25.01879512 2
13024 9283 9984 22.48732499 2
13025 10158 10127       21.12013806 2
13026 10158 10127       28.07892379 1
13027 10189 10807       26.82553737 1
13028 10189 10807       18.83540710 2
13029 10663 9906        8.46452265 2
13030 10663 9906        9.28890101 2
13031 11035 10072       9.16198560 2
13032 11035 10072       12.61077875 1
13033 9369 10267        9.32584682 1
13034 9369 10267        10.05925563 2
13035 10694 10926       20.25956130 2
13036 10694 10926       19.79470203 2
13037 9659 10889        11.43768020 1
13038 9659 10889        12.65454896 2
13039 9644 10238        21.96173104 1
13040 9644 10238        21.14721579 1
13041 9372 9731 21.01859731 1
13042 9372 9731 20.34366205 2
13043 9441 10095        8.77225089 2
13044 9441 10095        10.75534752 1
13045 9436 9912 8.04541793 2
13046 9436 9912 10.90139194 2
13047 10891 10983       12.70721657 2
13048 10891 10983       11.78486891 1
13049 9779 10214        19.86756363 2
13050 9779 10214        25.98629056 1
13051 10210 9872        8.41818991 2
13052 10210 9872        6.57031208 2
13053 9441 9598 10.81274004 1
13054 9441 9598 6.46255846 2
13055 9769 11089        12.41554694 2
13056 9769 11089        11.89265818 2
13057 10802 9988        25.61687612 1
13058 10802 9988        12.61202933 2
13059 10230 9646        14.07546720 2
13060 10230 9646        15.40372464 2
13061 9644 9748 19.36225040 2
13062 9644 9748 18.91883967 1
13063 10169 10647       11.98837174 2
13064 10169 10647       10.04217245 1
13065 11094 10465       3.14482224 1
13066 11094 10465       2.62451160 2
13067 9585 10530        6.47223816 2
13068 9585 10530        3.86214193 2
13069 9688 9434 15.79574701 2
13070 9688 9434 12.63799638 1
13071 9470 10740        12.33446947 2
13072 9470 10740        16.50009407 2
13073 10694 9522        23.82055965 1
13074 10694 9522        27.30950183 2
13075 11069 9609        1.51400412 2
13076 11069 9609        3.19623052 2
13077 9191 11066        17.33173613 2
13078 9191 11066        16.00690111 2
13079 10402 9433        19.73506648 1
13080 10402 9433        18.05933163 2
13081 10985 10280       9.35587260 1
13082 10985 10280       12.08057374 1
13083 9479 9992 19.46039260 2
13084 9479 9992 19.06204939 1
13085 9769 9493 22.90711333 2
13086 9769 9493 18.55554902 2
13087 10350 10453       5.18624899 1
13088 10350 10453       10.15680246 2
13089 9139 9229 24.53852203 2
13090 9139 9229 23.26895492 2
13091 10230 10268       15.19827446 2
13092 10230 10268       10.58989796 1
13093 10752 10935       25.78065230 1
13094 10752 10935       19.75410745 2
13095 10914 9902        19.72510564 1
13096 10914 9902        17.64389864 2
13097 9935 10816        11.30284397 2
13098 9935 10816        13.67982012 2
13099 10100 9648        16.55242951 2
13100 10100 9648        12.98645252 2
13101 12929 11942       21.81238134 2
13102 12929 11942       19.73953473 2
13103 12010 11610       17.67813552 2
13104 12010 11610       16.15352184 2
13105 13050 11115       16.85509326 2
13106 13050 11115       21.53621884 1
13107 11688 13036       19.12011126 2
13108 11688 13036       15.42132353 2
13109 12883 12180       11.67440316 2
13110 12883 12180       7.07498561 1
13111 11147 11576       17.36915633 1
13112 11147 11576       21.83215313 2
13113 12167 11263       17.92525527 2
13114 12167 11263       22.46739637 2
13115 12183 12213       14.46521302 2
13116 12183 12213       13.88040806 2
13117 12393 12959       17.75610239 1
13118 12393 12959       13.87934073 2
13119 12349 12766       11.12529554 2
13120 12349 12766       15.17688027 2
13121 11130 12886       20.99793892 1
13122 11130 12886       13.84960968 1
13123 11812 11802       13.18132170 1
13124 11812 11802       11.18423897 2
13125 12929 12120       13.53946185 2
13126 12929 12120       14.50823208 2
13127 12982 12648       18.40420459 2
13128 12982 12648       15.69146511 2
13129 12647 13060       11.11061577 2
13130 12647 13060       19.58270836 2
13131 11127 12738       16.82587516 2
13132 11127 12738       15.31483056 2
13133 12123 13085       27.95979248 2
13134 12123 13085       31.46815677 2
13135 12618 13058       12.90460890 2
13136 12618 13058       13.92616435 2
13137 12662 11506       20.08333421 2
13138 12662 11506       24.14778249 2
13139 12113 11532       14.56193059 2
13140 12113 11532       13.27638822 2
13141 11700 11490       15.70023131 1
13142 11700 11490       17.81638671 2
13143 11744 12335       19.77521444 2
13144 11744 12335       16.17452835 2
13145 12011 12145       24.50584877 1
13146 12011 12145       23.10381485 2
13147 12517 11149       24.63018452 2
13148 12517 11149       21.78451501 2
13149 13010 11534       14.84555743 2
13150 13010 11534       16.32740435 2
13151 12190 11254       11.11717089 2
13152 12190 11254       13.28093208 1
13153 13081 12893       13.05245818 2
13154 13081 12893       10.39213427 2
13155 13026 12979       27.95247828 2
13156 13026 12979       30.41365850 2
13157 12662 11320       25.52582504 2
13158 12662 11320       20.40093911 2
13159 11348 11786       15.99424325 2
13160 11348 11786       16.96069386 1
13161 12295 11664       16.35886374 2
13162 12295 11664       10.53267268 2
13163 11768 11841       15.81083927 2
13164 11768 11841       28.63074295 1
13165 12010 13066       6.62345485 2
13166 12010 13066       2.01554490 2
13167 12393 12960       17.04681429 2
13168 12393 12960       22.95838735 2
13169 11744 11250       36.24615104 1
13170 11744 11250       31.09885577 2
13171 12189 12658       9.87595935 1
13172 12189 12658       4.79252306 2
13173 11428 11236       28.91636506 2
13174 11428 11236       24.04204606 1
13175 11765 11473       9.59724593 2
13176 11765 11473       14.30057300 2
13177 13079 12589       14.06496252 2
13178 13079 12589       10.54431895 1
13179 11147 11160       27.25834084 2
13180 11147 11160       27.39912859 2
13181 13093 11117       19.61506620 2
13182 13093 11117       24.45830852 2
13183 11812 12703       6.23776426 2
13184 11812 12703       11.26998037 2
13185 12189 11216       15.82168125 2
13186 12189 11216       17.81939717 2
13187 12140 11900       16.33601505 2
13188 12140 11900       19.01626947 2
13189 11762 12522       24.13034025 2
13190 11762 12522       29.07244421 2
13191 11283 11332       15.20443745 1
13192 11283 11332       15.53526621 2
13193 11479 12870       18.57472551 2
13194 11479 12870       10.76014547 2
13195 12883 11583       9.90428247 2
13196 12883 11583       8.24542855 2
13197 11927 11304       10.91785749 2
13198 11927 11304       18.27096279 2
13199 12982 11693       12.17163212 2
13200 12982 11693       9.38621987 2
13201 12982 11143       19.18001615 2
13202 12982 11143       17.69582033 2
13203 13073 12757       11.11315839 2
13204 13073 12757       13.89285271 1
13205 13010 12034       17.05434241 1
13206 13010 12034       22.20770766 2
13207 13081 12914       12.58313910 2
13208 13081 12914       11.55660133 1
13209 12735 12972       26.66925398 1
13210 12735 12972       34.98428426 1
13211 11513 12987       11.89463899 2
13212 11513 12987       11.76705440 2
13213 11544 11801       21.11120386 1
13214 11544 11801       22.90142761 2
13215 11274 12078       27.71022629 2
13216 11274 12078       30.99169379 1
13217 11765 11432       12.20839931 1
13218 11765 11432       15.44479713 1
13219 13039 12535       16.58336490 2
13220 13039 12535       17.38339217 2
13221 12349 11912       14.58192737 2
13222 12349 11912       16.17993702 2
13223 12010 12058       12.48735184 2
13224 12010 12058       12.46151424 1
13225 11297 12874       8.16011389 2
13226 11297 12874       10.70951876 2
13227 12662 11505       23.18122922 2
13228 12662 11505       26.40515353 2
13229 12011 12197       20.14794505 2
13230 12011 12197       20.84469497 2
13231 11765 12331       12.77633318 2
13232 11765 12331       17.22949830 2
13233 11130 11722       20.22982391 2
13234 11130 11722       22.98023178 2
13235 12929 12300       18.72162757 2
13236 12929 12300       17.54011235 2
13237 11479 12177       12.99745110 2
13238 11479 12177       15.73205841 2
13239 11784 12432       17.19416187 2
13240 11784 12432       15.62490468 2
13241 12735 11345       17.75740668 2
13242 12735 11345       18.04409502 2
13243 11313 11361       24.62613112 1
13244 11313 11361       24.65551301 2
13245 12190 12910       16.87401937 2
13246 12190 12910       13.99218556 2
13247 11544 12551       24.14474762 2
13248 11544 12551       21.82387536 2
13249 11172 11745       21.88184621 2
13250 11172 11745       24.08763851 2
13251 11753 12258       17.19686283 2
13252 11753 12258       14.26345147 1
13253 13057 12902       16.81182438 2
13254 13057 12902       20.83250241 1
13255 12167 12529       14.61299969 1
13256 12167 12529       13.72037614 2
13257 12623 12303       21.89654183 2
13258 12623 12303       17.03588839 1
13259 12739 12261       13.79119817 2
13260 12739 12261       19.34632128 1
13261 13079 13025       18.36773826 1
13262 13079 13025       22.07913734 2
13263 11130 11471       16.54605762 2
13264 11130 11471       15.67617138 2
13265 12747 12796       5.53557966 2
13266 12747 12796       9.35004973 2
13267 11927 11556       18.97006330 1
13268 11927 11556       21.97129388 2
13269 11854 12371       14.88594725 2
13270 11854 12371       13.93966666 2
13271 13039 12088       15.14753343 2
13272 13039 12088       11.87924998 1
13273 12612 12566       20.07798133 1
13274 12612 12566       18.98669832 2
13275 11986 11381       13.61077505 2
13276 11986 11381       17.86487715 2
13277 11663 12040       11.59955284 2
13278 11663 12040       12.26599296 1
13279 12465 12689       17.55807346 2
13280 12465 12689       22.80746922 2
13281 12612 12204       28.46120318 1
13282 12612 12204       30.25360812 2
13283 12123 11524       26.04685449 2
13284 12123 11524       21.76785442 1
13285 11744 12524       16.53561452 1
13286 11744 12524       17.98410557 2
13287 11986 12484       22.54637983 2
13288 11986 12484       23.22746698 2
13289 11258 11751       25.25740758 2
13290 11258 11751       21.17506661 1
13291 12740 12830       22.70202329 2
13292 12740 12830       20.99027448 2
13293 11744 12424       18.63256873 1
13294 11744 12424       17.41106958 1
13295 12517 12457       21.71015228 2
13296 12517 12457       26.14806644 2
13297 12520 12085       21.89609372 1
13298 12520 12085       20.19327581 2
13299 11479 12622       20.94839882 2
13300 11479 12622       19.93608390 1
13301 12612 11653       20.62722721 2
13302 12612 11653       20.34298450 2
13303 12427 12547       14.74298830 2
13304 12427 12547       10.95571525 2
13305 12523 12645       9.87514300 1
13306 12523 12645       11.28348157 1
13307 12635 12952       15.26950867 1
13308 12635 12952       11.36746673 1
13309 12465 12307       13.37792420 2
13310 12465 12307       13.66487964 2
13311 13073 11335       21.99167598 2
13312 13073 11335       22.58538589 1
13313 12735 11380       28.16375722 2
13314 12735 11380       20.82985808 2
13315 12523 12846       18.08418475 2
13316 12523 12846       13.52256950 1
13317 11753 11770       15.86596672 2
13318 11753 11770       17.04708802 2
13319 11597 12968       17.93155697 1
13320 11597 12968       17.33978772 1
13321 13026 11293       19.43923486 2
13322 13026 11293       22.43257799 2
13323 12735 11598       26.20056694 2
13324 12735 11598       24.87696102 2
13325 13027 12024       20.76612496 2
13326 13027 12024       20.41832817 2
13327 11274 11880       25.02570078 2
13328 11274 11880       22.95106457 2
13329 12190 11606       6.72007788 2
13330 12190 11606       11.10800432 2
13331 11544 11525       20.06019491 2
13332 11544 11525       20.77810425 2
13333 11927 12482       17.55215216 2
13334 11927 12482       17.27577039 2
13335 12189 12166       8.70277195 2
13336 12189 12166       11.32312359 1
13337 11909 12653       10.37513404 1
13338 11909 12653       5.15531171 2
13339 11829 12675       19.37031543 2
13340 11829 12675       20.21507516 2
13341 12465 12705       23.80461791 2
13342 12465 12705       24.30513008 2
13343 12189 11426       6.40480290 2
13344 12189 11426       13.39791053 2
13345 12173 11287       18.92479230 2
13346 12173 11287       17.20912640 2
13347 12523 12289       19.19722426 1
13348 12523 12289       17.77177519 1
13349 11538 11241       8.63157103 2
13350 11538 11241       8.11484933 1
13351 12982 11355       15.62941542 2
13352 12982 11355       15.16832157 1
13353 13027 11716       19.17828840 2
13354 13027 11716       18.96274014 1
13355 12393 12587       13.36029831 2
13356 12393 12587       15.74720467 2
13357 12431 12153       15.54042478 2
13358 12431 12153       18.69344212 2
13359 13050 11519       23.01653873 2
13360 13050 11519       23.64772134 2
13361 13081 11514       11.55894014 2
13362 13081 11514       8.56496048 1
13363 12720 12601       12.08380102 1
13364 12720 12601       10.91697413 2
13365 11172 12464       23.75065261 2
13366 11172 12464       21.59652752 2
13367 11991 11632       16.45484168 1
13368 11991 11632       22.10981697 2
13369 12747 12953       10.89991737 2
13370 12747 12953       8.93649010 2
13371 12242 12192       12.51291012 2
13372 12242 12192       18.67346992 2
13373 12739 12114       15.23649604 2
13374 12739 12114       20.19816574 2
13375 11130 12309       11.23900478 1
13376 11130 12309       12.02018921 2
13377 13050 11465       17.88658593 2
13378 13050 11465       26.02953051 2
13379 11297 11715       5.49338795 2
13380 11297 11715       8.95563667 2
13381 11513 12849       15.60731261 2
13382 11513 12849       15.82465524 2
13383 12349 12751       16.38416662 2
13384 12349 12751       13.96484229 2
13385 11953 12206       15.60114091 2
13386 11953 12206       15.86077426 2
13387 11860 12556       17.97790245 2
13388 11860 12556       16.63844581 1
13389 12349 11737       18.14437358 1
13390 12349 11737       17.85134357 2
13391 12295 12147       8.96961900 2
13392 12295 12147       7.37007521 1
13393 11597 12708       17.68456066 2
13394 11597 12708       21.25387513 2
13395 11134 12159       27.07031713 2
13396 11134 12159       24.05356429 2
13397 12517 12946       24.38426447 2
13398 12517 12946       22.70588170 1
13399 12190 12909       12.06622331 2
13400 12190 12909       8.06667269 2
13401 11348 12359       12.86099558 2
13402 11348 12359       12.19857017 1
13403 12010 11609       11.82991952 2
13404 12010 11609       11.16228410 2
13405 11991 11279       32.85363538 2
13406 11991 11279       34.21428603 1
13407 13050 11709       14.08817432 1
13408 13050 11709       19.91753656 1
13409 11428 12906       35.80851535 2
13410 11428 12906       35.17308738 1
13411 12517 12290       48.36848621 1
13412 12517 12290       39.38554995 2
13413 11927 11555       23.08299102 2
13414 11927 11555       23.38807896 2
13415 11538 12227       11.83861847 2
13416 11538 12227       12.46631738 2
13417 11829 11234       21.32751768 2
13418 11829 11234       30.67964958 1
13419 12272 12450       15.33269161 2
13420 12272 12450       17.46736603 2
13421 12011 12876       17.41113188 2
13422 12011 12876       18.78551327 2
13423 11147 12163       22.71371438 2
13424 11147 12163       21.16570755 1
13425 11909 11518       11.38288401 2
13426 11909 11518       16.11355164 2
13427 12721 11502       16.01170796 1
13428 12721 11502       13.78843381 2
13429 12090 12944       17.43278657 2
13430 12090 12944       19.05076484 2
13431 12183 13061       21.84309160 2
13432 12183 13061       19.61248784 2
13433 12272 12636       10.52408775 2
13434 12272 12636       14.88645268 1
13435 11663 12443       15.15966245 2
13436 11663 12443       10.31866721 1
13437 11479 11589       17.76253518 1
13438 11479 11589       18.60287288 2
13439 11927 12806       29.61665509 1
13440 11927 12806       19.46819070 2
13441 11313 12749       29.83737501 2
13442 11313 12749       28.11890367 2
13443 11768 11846       17.19179215 2
13444 11768 11846       22.37311895 2
13445 12183 11360       19.54780839 1
13446 12183 11360       16.83576012 1
13447 12982 11777       20.08258977 1
13448 12982 11777       17.92686521 2
13449 11172 12964       21.57245379 2
13450 11172 12964       20.42108439 1
13451 12471 11882       18.26990792 2
13452 12471 11882       19.59412397 2
13453 12647 12961       6.91438400 1
13454 12647 12961       8.01503000 2
13455 12638 11965       25.15232251 1
13456 12638 11965       25.69053595 2
13457 11348 12673       13.01029208 2
13458 11348 12673       12.55703133 2
13459 11597 12967       15.83204499 2
13460 11597 12967       23.57403099 2
13461 12739 12767       16.86004468 2
13462 12739 12767       14.26471619 1
13463 12018 12827       20.45717904 2
13464 12018 12827       15.49289081 2
13465 11134 11446       23.19592120 2
13466 11134 11446       24.11864629 1
13467 12471 11191       14.25436635 2
13468 12471 11191       14.43977786 1
13469 12113 11851       21.47780438 2
13470 12113 11851       24.16708637 1
13471 11274 12049       29.01557436 2
13472 11274 12049       28.70274369 2
13473 13010 13069       16.01636602 2
13474 13010 13069       15.11491653 2
13475 13081 12710       9.61203051 1
13476 13081 12710       7.35184231 2
13477 11762 11237       18.35555037 2
13478 11762 11237       20.23080055 2
13479 12520 12544       24.07567864 2
13480 12520 12544       20.79158152 2
13481 12427 12872       13.46876789 2
13482 12427 12872       15.81661153 1
13483 11700 11559       24.12249468 2
13484 11700 11559       27.48056694 2
13485 12929 11941       19.33542079 1
13486 12929 11941       17.70158793 1
13487 12173 11522       29.57612423 1
13488 12173 11522       28.81210769 2
13489 13079 11619       15.12117071 2
13490 13079 11619       14.65662799 1
13491 12523 12845       9.83157219 2
13492 12523 12845       13.82537035 2
13493 11663 11468       9.42633049 2
13494 11663 11468       6.82595245 1
13495 12173 11971       25.77173106 2
13496 12173 11971       27.34599426 2
13497 11953 12860       19.80023184 1
13498 11953 12860       20.17626154 2
13499 11765 12573       12.05201332 2
13500 11765 12573       15.44900169 1
13501 12520 12474       19.54916325 1
13502 12520 12474       19.17518981 2
13503 12167 12092       12.19490582 2
13504 12167 12092       15.73345247 2
13505 12038 12470       12.35916356 2
13506 12038 12470       14.03435294 1
13507 12662 11577       17.48324947 2
13508 12662 11577       17.68317737 2
13509 11744 11488       20.39461161 1
13510 11744 11488       23.28840609 2
13511 11431 12558       15.76949099 2
13512 11431 12558       18.28093008 2
13513 12883 12730       14.46129297 2
13514 12883 12730       14.62992214 1
13515 13093 12489       22.06487825 1
13516 13093 12489       20.84814514 2
13517 11147 11164       20.93638925 2
13518 11147 11164       19.15328272 2
13519 11513 12939       20.53952973 2
13520 11513 12939       17.12536461 2
13521 12574 11910       12.86044584 2
13522 12574 11910       17.01804906 2
13523 11258 12684       23.08110829 2
13524 11258 12684       30.72823141 1
13525 12740 11558       17.83397425 1
13526 12740 11558       18.38677718 2
13527 11953 11328       25.83250357 2
13528 11953 11328       20.22949103 1
13529 12176 11625       10.95786312 1
13530 12176 11625       9.30953257 1
13531 12431 12848       17.53120291 2
13532 12431 12848       21.52298098 2
13533 11283 11430       7.01622586 2
13534 11283 11430       14.19858555 2
13535 12189 11862       17.50505772 2
13536 12189 11862       16.93682783 2
13537 11812 12353       15.46479352 2
13538 11812 12353       11.64289324 1
13539 12720 11929       22.54614827 2
13540 12720 11929       27.35386219 2
13541 12393 11290       13.20557100 1
13542 12393 11290       15.70820666 2
13543 12038 11985       25.80071363 2
13544 12038 11985       20.94397676 1
13545 13010 11949       11.47486318 2
13546 13010 11949       13.85235528 1
13547 13018 11157       13.07258905 2
13548 13018 11157       12.24243313 2
13549 11762 11931       23.29085107 2
13550 11762 11931       21.94414950 2
13551 13026 12933       23.39652226 2
13552 13026 12933       18.20827308 2
13553 12832 11813       15.98760039 1
13554 12832 11813       21.09103885 2
13555 13081 12667       9.65356877 2
13556 13081 12667       11.82626687 2
13557 12623 11651       20.85871763 1
13558 12623 11651       19.72579476 2
13559 12929 11539       23.00556223 1
13560 12929 11539       25.90029896 2
13561 12976 11729       21.78430894 1
13562 12976 11729       18.26475656 1
13563 13010 11135       16.49574160 2
13564 13010 11135       14.58130938 2
13565 11134 12160       23.42588676 2
13566 11134 12160       22.28256660 1
13567 13093 11363       22.19058331 1
13568 13093 11363       25.28930985 1
13569 12183 12853       22.08562705 2
13570 12183 12853       17.03753141 2
13571 12883 12318       24.48120889 2
13572 12883 12318       19.28774755 2
13573 11313 13090       25.84402132 1
13574 11313 13090       28.55157793 1
13575 12507 11804       27.36487701 2
13576 12507 11804       26.81610085 2
13577 12612 12546       27.89614818 2
13578 12612 12546       21.16541135 2
13579 12637 12241       18.40526539 2
13580 12637 12241       23.32634557 2
13581 11130 12955       18.80808503 2
13582 11130 12955       21.87211321 2
13583 12747 12486       20.69719703 1
13584 12747 12486       21.86614549 2
13585 12623 11580       19.48916552 2
13586 12623 11580       18.88030076 2
13587 11700 12707       14.51684808 2
13588 11700 12707       15.65013478 2
13589 12618 11139       17.64682432 1
13590 12618 11139       24.27486955 1
13591 12623 12337       19.07534420 2
13592 12623 12337       17.28342306 2
13593 12635 11956       20.69746066 2
13594 12635 11956       14.25050561 2
13595 12295 11635       13.86070723 2
13596 12295 11635       13.73622082 2
13597 12201 11849       6.87845132 1
13598 12201 11849       5.26029013 2
13599 12183 12214       12.89229476 2
13600 12183 12214       11.11140534 1
13601 11431 13020       23.29081274 2
13602 11431 13020       24.48340524 2
13603 12721 12438       9.51249867 2
13604 12721 12438       12.00015897 2
13605 11283 11429       12.52731055 1
13606 11283 11429       13.18977831 2
13607 13057 13012       19.10528743 1
13608 13057 13012       18.21038653 2
13609 12123 12267       27.87165813 1
13610 12123 12267       24.82911609 1
13611 11297 12873       7.18691283 2
13612 11297 12873       9.58751051 1
13613 11313 11309       24.41693698 1
13614 11313 11309       21.19446561 2
13615 13073 11308       13.31317866 2
13616 13073 11308       18.91020494 2
13617 11768 11294       26.83753278 2
13618 11768 11294       22.63737179 2
13619 11909 11712       10.00030564 2
13620 11909 11712       9.00202421 1
13621 11274 12495       19.07453278 1
13622 11274 12495       17.91200894 2
13623 13057 11261       22.37969492 2
13624 13057 11261       22.90428553 2
13625 11688 12630       13.64460277 2
13626 11688 12630       12.83542224 1
13627 11130 11713       23.13670747 2
13628 11130 11713       18.10633779 1
13629 12338 11282       19.34923224 2
13630 12338 11282       15.40126177 1
13631 13026 11987       22.88388482 1
13632 13026 11987       16.87226539 2
13633 12976 12406       23.51624773 2
13634 12976 12406       18.40951502 1
13635 11258 12125       21.33752583 2
13636 11258 12125       18.03366068 2
13637 12295 12169       14.40905989 2
13638 12295 12169       13.79504295 1
13639 11147 11817       18.29291191 2
13640 11147 11817       15.56320018 2
13641 13039 12865       22.30804533 2
13642 13039 12865       16.81328361 2
13643 11700 11483       21.66989563 2
13644 11700 11483       22.12738319 2
13645 12635 12807       17.99447851 1
13646 12635 12807       17.90047515 2
13647 12471 12275       16.57285387 1
13648 12471 12275       17.99697665 2
13649 12183 11870       18.21761978 1
13650 12183 11870       17.64556319 1
13651 12985 12447       7.71668302 2
13652 12985 12447       9.18759759 2
13653 12338 12625       7.54347940 2
13654 12338 12625       15.94313982 2
13655 12507 13016       19.11901796 2
13656 12507 13016       19.93934821 2
13657 11431 12244       23.62308549 1
13658 11431 12244       23.77035307 2
13659 11538 12215       15.82906741 2
13660 11538 12215       14.70350706 2
13661 12393 12296       17.21498224 2
13662 12393 12296       16.11575984 2
13663 12740 11311       19.49162677 2
13664 12740 11311       14.10434429 1
13665 11127 12847       19.54537483 2
13666 11127 12847       23.00425332 1
13667 11313 12115       24.41071503 2
13668 11313 12115       23.84282866 2
13669 12189 12533       5.70601591 1
13670 12189 12533       4.85663034 2
13671 11860 12989       17.13327525 2
13672 11860 12989       19.68851979 1
13673 13073 11739       12.21957780 2
13674 13073 11739       13.76033590 2
13675 12431 12430       14.28429868 2
13676 12431 12430       10.92350737 2
13677 11812 11855       16.95057978 2
13678 11812 11855       12.34051972 1
13679 11428 11235       21.59816464 2
13680 11428 11235       22.41837353 2
13681 12201 12156       13.02164265 2
13682 12201 12156       18.65030879 2
13683 12638 11349       19.12012337 2
13684 12638 11349       21.59727149 2
13685 11744 11825       17.53897008 2
13686 11744 11825       15.24177672 2
13687 11744 11220       17.86172693 2
13688 11744 11220       15.97603231 2
13689 12176 12392       13.74345665 1
13690 12176 12392       15.47452727 1
13691 12427 12871       14.45514624 2
13692 12427 12871       10.27628232 2
13693 12465 11353       16.98412095 2
13694 12465 11353       11.59296565 2
13695 11953 11643       16.22863940 2
13696 11953 11643       18.35649336 2
13697 11753 11833       17.85714723 1
13698 11753 11833       15.42262343 1
13699 13079 11542       16.15595021 1
13700 13079 11542       12.13892729 2
13701 11854 12112       19.79318267 1
13702 11854 12112       14.55966442 2
13703 11860 12990       22.47644614 2
13704 11860 12990       21.26158923 2
13705 13039 12800       22.10871030 2
13706 13039 12800       18.62918950 2
13707 11127 12188       20.76585774 2
13708 11127 12188       16.65708109 2
13709 13081 11705       14.30519449 2
13710 13081 11705       8.72104557 2
13711 12140 12321       19.65597521 2
13712 12140 12321       19.09714574 1
13713 11663 12552       10.54065233 2
13714 11663 12552       15.49909180 2
13715 12720 12022       12.62823718 2
13716 12720 12022       15.66402726 2
13717 12123 12326       27.28446411 2
13718 12123 12326       30.40143971 2
13719 12735 12712       16.16856629 1
13720 12735 12712       18.87940714 2
13721 11130 12928       10.10570146 2
13722 11130 12928       10.75958530 2
13723 11147 13008       17.49137760 1
13724 11147 13008       15.80428929 1
13725 11860 11487       19.78466704 1
13726 11860 11487       24.59444190 2
13727 11597 11533       21.93781712 1
13728 11597 11533       22.39058334 2
13729 12612 11645       14.35801432 2
13730 12612 11645       6.14618621 2
13731 12338 11281       11.30456182 1
13732 12338 11281       19.90800174 2
13733 13018 11638       19.48511932 1
13734 13018 11638       18.15687231 2
13735 11700 13001       21.87687893 2
13736 11700 13001       22.88876133 2
13737 11544 11847       21.81698600 2
13738 11544 11847       19.98201880 2
13739 11762 12343       19.63093386 1
13740 11762 12343       17.78530965 2
13741 11172 11400       28.53240851 2
13742 11172 11400       29.22070938 2
13743 11753 13013       21.21562511 2
13744 11753 13013       17.86780560 2
13745 11134 12075       18.33539107 2
13746 11134 12075       17.61950433 1
13747 11283 12764       17.35847780 2
13748 11283 12764       15.06556104 2
13749 12427 12499       21.55556611 2
13750 12427 12499       28.09057437 1
13751 12507 11224       25.68734764 1
13752 12507 11224       28.33024112 2
13753 12465 12308       10.90608164 2
13754 12465 12308       12.57039278 2
13755 12176 11682       16.79947333 2
13756 12176 11682       13.42502844 2
13757 12465 11879       12.66904991 1
13758 12465 11879       15.39668248 1
13759 11428 13003       25.78513457 1
13760 11428 13003       27.01022271 1
13761 12338 11978       13.23998701 1
13762 12338 11978       13.66845307 2
13763 11753 12478       23.01851512 2
13764 11753 12478       22.46642385 2
13765 12349 12606       15.62868103 2
13766 12349 12606       15.76254159 1
13767 12739 11476       15.96339561 1
13768 12739 11476       19.64593627 2
13769 11688 11798       8.17604752 2
13770 11688 11798       14.30085115 2
13771 12638 11628       19.40258045 2
13772 12638 11628       31.09711591 1
13773 12242 12154       18.73324797 2
13774 12242 12154       13.76830258 2
13775 11765 11873       17.30675992 2
13776 11765 11873       19.06292109 2
13777 11854 12680       12.68646843 2
13778 11854 12680       15.92536863 2
13779 12393 12681       16.77564836 2
13780 12393 12681       21.49100189 2
13781 12929 12119       16.30514213 1
13782 12929 12119       19.66577977 2
13783 12747 12855       11.19320300 2
13784 12747 12855       13.23155407 2
13785 13093 12458       19.71912720 2
13786 13093 12458       25.67224109 1
13787 12740 11999       24.94217175 2
13788 12740 11999       23.90930068 2
13789 12635 12271       12.08355129 2
13790 12635 12271       14.83778892 2
13791 13081 12674       9.82456084 2
13792 13081 12674       10.93127476 2
13793 12176 11702       7.34383368 2
13794 12176 11702       7.09234158 2
13795 11812 12221       19.56574583 2
13796 11812 12221       20.11486762 2
13797 12183 11262       21.64496331 2
13798 12183 11262       18.84706098 2
13799 11669 11217       17.02522714 1
13800 11669 11217       16.39017210 2
13801 12113 12633       13.59639282 2
13802 12113 12633       14.02673204 2
13803 11134 11387       15.74462732 1
13804 11134 11387       19.77226007 2
13805 11313 13089       34.38158062 2
13806 11313 13089       29.37772334 1
13807 11991 11280       31.31491721 1
13808 11991 11280       24.99144252 2
13809 11597 12697       21.63008776 2
13810 11597 12697       23.84358644 2
13811 11172 11893       36.66966275 1
13812 11172 11893       33.06025676 1
13813 11860 12135       25.57648662 2
13814 11860 12135       27.57799620 2
13815 12740 11808       20.31625274 2
13816 12740 11808       16.94954461 2
13817 12190 11724       7.97296571 2
13818 12190 11724       8.79838312 2
13819 12393 12588       17.13567322 1
13820 12393 12588       17.54356492 2
13821 11663 12493       5.42640993 2
13822 11663 12493       5.04731299 1
13823 11127 11403       11.30821283 2
13824 11127 11403       16.00912599 2
13825 11829 12676       18.77899256 2
13826 11829 12676       19.10212158 1
13827 11754 11245       16.08752714 2
13828 11754 11245       10.86176142 1
13829 13057 12616       19.79287422 1
13830 13057 12616       19.55367334 2
13831 12929 12071       18.59940438 2
13832 12929 12071       17.42519882 2
13833 12662 12525       17.26827146 2
13834 12662 12525       15.04809130 1
13835 12011 12380       26.26084712 2
13836 12011 12380       26.26695828 1
13837 11754 11246       13.48886343 2
13838 11754 11246       14.37542709 2
13839 12113 11325       18.35074070 2
13840 12113 11325       21.41636611 1
13841 12272 11687       14.57758320 1
13842 12272 11687       14.75823739 1
13843 11538 12216       14.32812733 2
13844 11538 12216       15.17325216 2
13845 11258 11767       31.63104715 2
13846 11258 11767       37.95436866 2
13847 12201 12640       10.22351645 2
13848 12201 12640       15.89666495 2
13849 12140 11660       11.88184378 2
13850 12140 11660       14.49034866 2
13851 12520 12185       15.59216663 1
13852 12520 12185       15.85576954 2
13853 11597 12099       15.48148082 1
13854 11597 12099       18.21256819 2
13855 11765 11474       10.70151508 1
13856 11765 11474       11.83873190 1
13857 12173 11838       24.74544583 2
13858 12173 11838       21.68308989 2
13859 11127 11259       15.82771260 2
13860 11127 11259       17.08689541 2
13861 12520 11740       12.49296748 2
13862 12520 11740       19.10194394 2
13863 12140 11292       8.67998923 2
13864 12140 11292       11.51853832 2
13865 11663 12051       3.80423076 2
13866 11663 12051       1.19423545 2
13867 12739 12262       22.57286497 1
13868 12739 12262       18.10515536 2
13869 12623 11579       18.84825355 2
13870 12623 11579       20.51662032 2
13871 11313 12066       25.16905780 2
13872 11313 12066       23.97350334 1
13873 12123 11339       24.60008458 2
13874 12123 11339       27.81828426 2
13875 12018 13029       15.81011504 1
13876 12018 13029       18.97053977 2
13877 12090 11741       11.02869503 2
13878 12090 11741       13.86591733 1
13879 11297 12560       6.72102927 1
13880 11297 12560       13.47736433 2
13881 12638 12599       22.86851242 2
13882 12638 12599       16.39153901 2
13883 11513 12440       18.69760565 2
13884 11513 12440       14.41340465 1
13885 11274 12210       28.33876140 1
13886 11274 12210       23.55387374 1
13887 12637 11230       21.82681554 2
13888 12637 11230       18.71696122 2
13889 12523 12908       10.35503144 2
13890 12523 12908       10.34406398 1
13891 12739 12219       16.46464927 1
13892 12739 12219       15.86332475 2
13893 12471 12320       25.49058310 2
13894 12471 12320       18.63219404 2
13895 12924 13042       23.70176479 1
13896 12924 13042       25.18560025 1
13897 12427 12442       10.24563287 2
13898 12427 12442       14.63074762 2
13899 12638 11994       25.18065369 2
13900 12638 11994       30.74783508 1
13901 12735 12446       33.33785780 1
13902 12735 12446       25.51669743 2
13903 12623 12537       19.33289195 2
13904 12623 12537       17.81331506 1
13905 11762 12650       18.81249946 2
13906 11762 12650       14.32613354 1
13907 11172 12801       29.51943218 1
13908 11172 12801       22.98897600 2
13909 11274 11165       23.13585262 1
13910 11274 11165       24.13893532 2
13911 11754 12592       16.49139080 1
13912 11754 12592       15.24863791 2
13913 11134 12759       21.24965768 2
13914 11134 12759       19.71876320 2
13915 11986 12212       26.21593038 2
13916 11986 12212       18.68086954 1
13917 13073 12045       23.64884643 2
13918 13073 12045       21.15702260 2
13919 12507 11441       31.57134874 2
13920 12507 11441       31.06605066 1
13921 11953 12008       18.75022983 2
13922 11953 12008       17.22234648 1
13923 11669 11594       20.55064242 2
13924 11669 11594       18.32796609 2
13925 12272 11640       12.32548630 2
13926 12272 11640       14.28838782 2
13927 12427 12414       10.91418236 2
13928 12427 12414       14.94225389 2
13929 12507 12634       13.36747376 2
13930 12507 12634       20.69827146 2
13931 12173 11449       20.80706004 2
13932 12173 11449       19.51738050 2
13933 11127 11404       18.06471286 2
13934 11127 11404       19.81125069 1
13935 12018 12803       17.96102288 2
13936 12018 12803       18.94923490 2
13937 12113 12251       18.89932610 1
13938 12113 12251       22.04067099 2
13939 11688 11823       10.59511256 1
13940 11688 11823       4.90236751 2
13941 12167 11107       12.19053694 2
13942 12167 11107       19.30269974 2
13943 11538 11591       9.65870670 2
13944 11538 11591       6.98613311 2
13945 12637 12577       14.88725102 1
13946 12637 12577       17.66681799 2
13947 12242 12191       21.36446550 1
13948 12242 12191       21.36816884 2
13949 11754 12666       19.42623709 1
13950 11754 12666       13.53132284 2
13951 12173 12412       22.60088320 2
13952 12173 12412       22.89646057 1
13953 11986 12097       23.84417550 2
13954 11986 12097       24.55313627 2
13955 12574 12171       16.58472746 2
13956 12574 12171       14.96459730 1
13957 12431 11409       13.22232633 2
13958 12431 11409       15.14747589 1
13959 12985 12026       9.67143868 2
13960 12985 12026       10.99540222 1
13961 11909 11711       17.80644506 2
13962 11909 11711       12.12778356 2
13963 12140 11875       20.73710101 2
13964 12140 11875       28.52897246 1
13965 12739 12538       22.67474619 2
13966 12739 12538       19.39220850 2
13967 11597 12100       20.48355448 2
13968 11597 12100       17.73480130 2
13969 12140 12810       11.52061915 2
13970 12140 12810       12.41574799 1
13971 12242 12095       15.41490521 1
13972 12242 12095       17.30350477 2
13973 13027 12582       21.77860841 1
13974 13027 12582       20.25475836 2
13975 12740 11493       22.63486742 2
13976 12740 11493       24.33122474 2
13977 13073 12891       19.72148371 2
13978 13073 12891       17.93289945 2
13979 12623 12182       19.73546669 1
13980 12623 12182       21.75872016 2
13981 12976 12699       20.31382037 2
13982 12976 12699       16.69437242 2
13983 11274 12492       22.99088892 2
13984 11274 12492       17.91576307 1
13985 11258 11219       18.63479371 2
13986 11258 11219       18.75222530 2
13987 11986 12116       21.46146759 2
13988 11986 12116       19.23580550 1
13989 12272 12421       11.40128407 1
13990 12272 12421       14.82858727 2
13991 12038 12469       19.19617660 2
13992 12038 12469       16.46201347 2
13993 13093 11903       14.35492135 2
13994 13093 11903       17.24463192 1
13995 11428 11461       31.56313619 2
13996 11428 11461       36.07032501 2
13997 11909 11983       13.01123154 2
13998 11909 11983       12.71526099 2
13999 11538 13006       12.25184302 1
14000 11538 13006       8.18989381 1
14001 11134 12157       22.74597023 2
14002 11134 12157       25.77030755 2
14003 11283 13096       15.87614151 1
14004 11283 13096       15.98062716 2
14005 12523 12930       16.98619363 2
14006 12523 12930       13.74274024 2
14007 12523 12480       8.37531361 2
14008 12523 12480       12.22860355 1
14009 12140 12322       17.44584635 2
14010 12140 12322       18.76715319 2
14011 13026 12980       24.36156517 1
14012 13026 12980       29.28587231 2
14013 13093 12748       17.49164449 2
14014 13093 12748       11.61652552 2
14015 12721 11501       9.99127350 2
14016 12721 11501       7.68273017 2
14017 13057 12785       22.11180116 1
14018 13057 12785       22.42535246 1
14019 11348 12367       14.96436907 2
14020 11348 12367       13.71028246 2
14021 13027 13046       19.56484347 2
14022 13027 13046       19.47114712 2
14023 11127 11788       10.43501382 2
14024 11127 11788       14.85116643 1
14025 12635 12263       12.46237140 2
14026 12635 12263       14.15424483 2
14027 11784 13075       13.94556795 1
14028 11784 13075       6.84727350 2
14029 11927 11503       10.31585260 1
14030 11927 11503       13.06511856 2
14031 11909 12444       15.74765637 2
14032 11909 12444       12.67607608 2
14033 11597 12631       13.88211428 2
14034 11597 12631       16.74051729 2
14035 12038 11888       29.09894213 1
14036 12038 11888       27.01156273 2
14037 11754 12809       21.09015729 1
14038 11754 12809       20.33377829 2
14039 12721 12226       8.39648280 1
14040 12721 12226       15.89548379 2
14041 11768 12256       25.33190815 2
14042 11768 12256       30.70630796 2
14043 12747 12798       17.07791723 1
14044 12747 12798       14.03768638 2
14045 12618 11125       19.46842528 1
14046 12618 11125       15.24681332 2
14047 12985 11374       10.10522588 2
14048 12985 11374       14.47838493 2
14049 11854 12348       22.14627231 2
14050 11854 12348       19.70375319 2
14051 13073 12217       26.65851821 1
14052 13073 12217       24.33029299 2
14053 11784 11861       17.87674569 2
14054 11784 11861       15.15372129 2
14055 11909 12688       17.16103608 2
14056 11909 12688       20.27399302 2
14057 12167 11267       27.52412494 2
14058 12167 11267       16.69243161 1
14059 12924 12411       18.66927271 1
14060 12924 12411       15.95356720 1
14061 12242 12843       25.44550555 2
14062 12242 12843       21.56379415 1
14063 11768 11842       22.52934792 2
14064 11768 11842       21.82809894 1
14065 12140 12842       13.09103446 2
14066 12140 12842       20.15550727 2
14067 11860 12136       24.30369246 2
14068 11860 12136       25.49469696 2
14069 11513 12884       17.33034842 2
14070 11513 12884       18.72882398 2
14071 12832 11814       16.72608989 1
14072 12832 11814       15.89306870 2
14073 11909 12932       17.85281971 2
14074 11909 12932       22.46370131 1
14075 12662 11422       18.31863479 1
14076 12662 11422       20.32666710 2
14077 12011 11718       24.29157434 1
14078 12011 11718       23.75651118 2
14079 11688 11677       3.88287180 1
14080 11688 11677       10.33431785 2
14081 12635 11748       17.29895891 2
14082 12635 11748       23.27367346 2
14083 13026 12003       19.23479070 1
14084 13026 12003       22.18908144 2
14085 13079 12074       19.34261137 2
14086 13079 12074       16.23586719 2
14087 11544 12282       24.74504235 2
14088 11544 12282       24.85392156 2
14089 12295 12394       18.14671913 2
14090 12295 12394       17.12997383 2
14091 12637 12131       20.97311443 2
14092 12637 12131       21.64465704 2
14093 12338 11214       14.00859860 2
14094 12338 11214       12.99026502 2
14095 11669 12950       13.32458894 2
14096 11669 12950       11.84912201 2
14097 12574 12248       14.68634643 1
14098 12574 12248       14.42599344 1
14099 11513 11674       32.27386920 1
14100 11513 11674       20.56295672 2
14101 11991 11182       25.64802739 1
14102 11991 11182       22.28680405 2
14103 12242 13021       17.59380332 2
14104 12242 13021       14.89668137 2
14105 12735 12555       22.22034357 1
14106 12735 12555       17.92409477 1
14107 12637 11681       26.69612409 1
14108 12637 11681       26.38187785 1
14109 12574 11411       15.07765286 1
14110 12574 11411       11.75590823 2
14111 11986 11453       22.32218419 2
14112 11986 11453       22.53646269 2
14113 12747 11848       15.05383342 1
14114 12747 11848       14.60559571 2
14115 12431 11666       12.88260045 2
14116 12431 11666       10.66331524 1
14117 11744 12336       18.21589646 2
14118 11744 12336       22.77897948 1
14119 12167 11268       16.27797796 2
14120 12167 11268       17.08013626 1
14121 11283 11266       9.93366326 2
14122 11283 11266       9.42806395 1
14123 12976 12916       25.35912660 1
14124 12976 12916       16.85136151 2
14125 12090 12887       16.84009807 2
14126 12090 12887       15.28472878 2
14127 11479 12283       20.53124085 1
14128 11479 12283       21.69750778 1
14129 12612 12545       30.60674084 2
14130 12612 12545       25.69814526 2
14131 12574 11416       26.47540790 2
14132 12574 11416       24.69182422 2
14133 12517 11671       24.13224488 2
14134 12517 11671       21.42269001 2
14135 13010 12992       15.38873616 2
14136 13010 12992       14.64571290 2
14137 11431 11679       21.42908224 2
14138 11431 11679       25.83689934 1
14139 12123 11123       33.35742993 1
14140 12123 11123       26.52266875 1
14141 12038 11303       19.12304927 2
14142 12038 11303       22.05397716 1
14143 11538 12643       6.91438214 2
14144 11538 12643       8.54542033 2
14145 12721 12571       10.85905423 2
14146 12721 12571       4.68924688 2
14147 11597 12087       15.03795933 2
14148 11597 12087       13.63952345 1
14149 12176 12390       10.07315950 2
14150 12176 12390       7.78317783 2
14151 12201 11573       12.79708892 2
14152 12201 11573       17.46445458 2
14153 12982 11496       28.92179808 2
14154 12982 11496       21.98142761 2
14155 12517 11174       26.84953793 2
14156 12517 11174       24.35506255 2
14157 12349 12423       13.46187569 2
14158 12349 12423       19.45554226 2
14159 11130 12042       25.74122126 1
14160 11130 12042       18.49086737 2
14161 11909 11517       18.63254317 2
14162 11909 11517       15.97479860 1
14163 12427 11154       13.99790293 2
14164 12427 11154       11.30713989 2
14165 11127 11492       13.62077346 1
14166 11127 11492       13.81375194 2
14167 12090 11793       16.73986428 1
14168 12090 11793       17.18242098 2
14169 11172 12802       26.32666777 2
14170 11172 12802       24.61189536 1
14171 12272 11386       12.64319444 1
14172 12272 11386       17.24270099 1
14173 12832 12975       20.04656620 2
14174 12832 12975       19.84597937 2
14175 12113 11326       17.17522134 2
14176 12113 11326       20.78580920 2
14177 11700 12913       14.01546181 2
14178 11700 12913       18.06641770 2
14179 11663 11551       9.62234062 2
14180 11663 11551       6.42720484 2
14181 11431 12107       25.05738668 2
14182 11431 12107       24.49045319 2
14183 11431 12641       20.13789725 1
14184 11431 12641       17.79639326 2
14185 11784 11897       20.45456323 2
14186 11784 11897       9.94658981 2
14187 12190 11186       -1.54477308 2
14188 12190 11186       3.89876307 1
14189 11812 12277       12.90970542 1
14190 11812 12277       4.54793753 2
14191 12985 12877       11.81038158 2
14192 12985 12877       8.36636919 2
14193 13050 11970       18.58866630 2
14194 13050 11970       20.62209557 2
14195 12011 12358       19.23853523 2
14196 12011 12358       19.81957477 2
14197 12647 11103       11.93063818 1
14198 12647 11103       13.72012150 2
14199 12176 11204       7.09240186 2
14200 12176 11204       8.56151708 2
14201 12985 11678       5.26585766 2
14202 12985 11678       10.69672882 1
14203 12721 11630       5.93651799 1
14204 12721 11630       8.13550750 2
14205 12173 11521       19.52657275 2
14206 12173 11521       24.03945336 2
14207 13039 12536       15.68378974 2
14208 13039 12536       18.44620026 2
14209 13050 12311       16.09565373 2
14210 13050 12311       17.97102600 2
14211 12189 12152       17.89710822 2
14212 12189 12152       20.58939516 2
14213 12338 11415       18.61744095 2
14214 12338 11415       11.68084854 2
14215 12740 12110       19.92143718 2
14216 12740 12110       23.50315169 2
14217 12090 11686       13.05720617 2
14218 12090 11686       20.78918575 2
14219 13027 12106       19.78001074 2
14220 13027 12106       23.24451095 2
14221 12638 11319       22.81697991 2
14222 12638 11319       24.20221395 2
14223 13079 12921       18.03392135 2
14224 13079 12921       14.80440781 2
14225 11688 11278       13.44782041 2
14226 11688 11278       14.61613218 2
14227 12507 12750       23.62369968 1
14228 12507 12750       28.14829639 1
14229 13018 12445       16.00278097 1
14230 13018 12445       15.02578029 2
14231 12721 12081       9.17858158 2
14232 12721 12081       12.29203844 2
14233 12465 12822       20.32057644 2
14234 12465 12822       18.36363537 1
14235 12982 11477       16.40594185 1
14236 12982 11477       13.43733785 1
14237 11829 11633       26.22275884 1
14238 11829 11633       20.11211713 2
14239 11669 12970       15.12157879 2
14240 11669 12970       11.68387680 1
14241 11700 11484       21.26024948 1
14242 11700 11484       23.33114042 2
14243 12832 11756       18.12390048 2
14244 12832 11756       19.60797515 1
14245 11754 12257       14.31246493 2
14246 11754 12257       16.33778833 1
14247 12662 12401       19.85241998 2
14248 12662 12401       13.87790800 1
14249 11812 12298       17.43824681 2
14250 11812 12298       20.65073358 2
14251 11829 11918       18.29577719 2
14252 11829 11918       17.80353087 1
14253 11431 11680       14.37062456 2
14254 11431 11680       12.55109468 1
14255 11860 12316       17.25245379 2
14256 11860 12316       14.72038981 1
14257 12176 11366       10.08145390 1
14258 12176 11366       13.49773270 1
14259 11134 12207       21.17799159 2
14260 11134 12207       21.80625716 2
14261 12520 12858       18.17203173 1
14262 12520 12858       19.99910445 2
14263 12038 12714       13.76139395 2
14264 12038 12714       12.40188853 2
14265 12883 12642       13.07116139 2
14266 12883 12642       14.90529405 2
14267 12720 13000       19.16703726 2
14268 12720 13000       20.19408673 2
14269 11753 12769       11.87316313 2
14270 11753 12769       15.59370083 2
14271 11762 11238       16.53704309 2
14272 11762 11238       14.28501123 2
14273 12018 12144       20.25662442 1
14274 12018 12144       15.79573789 2
14275 12976 12426       27.87195036 2
14276 12976 12426       31.06412237 2
14277 12647 11661       9.46788730 2
14278 12647 11661       11.91861120 2
14279 13039 12736       28.68041441 2
14280 13039 12736       25.45739528 2
14281 11953 12345       18.05690472 2
14282 11953 12345       18.93308088 2
14283 12739 12220       18.29170077 2
14284 12739 12220       16.20335054 1
14285 12976 11401       20.60253022 1
14286 12976 11401       29.58427095 1
14287 12740 11843       21.26596403 1
14288 12740 11843       17.53176204 2
14289 12295 11867       12.14197253 2
14290 12295 11867       11.27278906 2
14291 11431 11336       23.38177253 1
14292 11431 11336       21.87836539 1
14293 12010 12027       9.55209003 2
14294 12010 12027       13.85901150 2
14295 11991 12926       29.50576652 2
14296 11991 12926       31.14640370 2
14297 12090 11340       11.91242090 2
14298 12090 11340       12.04115646 2
14299 13079 12958       16.56898509 2
14300 13079 12958       19.17177904 1
14301 11669 11938       11.87743470 1
14302 11669 11938       10.34314468 2
14303 11669 11969       17.22628538 2
14304 11669 11969       16.88651273 2
14305 12173 12419       25.95582131 2
14306 12173 12419       24.36536016 2
14307 12471 12754       18.47538531 2
14308 12471 12754       19.88371256 2
14309 13081 11206       15.72411215 1
14310 13081 11206       14.62092477 2
14311 11812 11656       17.98106632 2
14312 11812 11656       18.53337886 2
14313 12507 12692       20.47090775 1
14314 12507 12692       23.55409775 2
14315 11688 11650       3.89576552 2
14316 11688 11650       6.73288927 1
14317 12832 11228       18.07691382 2
14318 12832 11228       17.93038740 1
14319 13050 11710       13.94532357 1
14320 13050 11710       15.57030568 2
14321 11765 11789       15.78097997 2
14322 11765 11789       14.58010075 2
14323 12393 11907       14.58249500 2
14324 12393 11907       14.55995461 1
14325 13027 11795       21.53313749 2
14326 13027 11795       20.19364455 2
14327 11768 11980       18.12315539 2
14328 11768 11980       16.14851735 1
14329 11147 11391       30.14417174 2
14330 11147 11391       25.18362647 2
14331 12662 11832       11.56421513 2
14332 12662 11832       15.83954979 2
14333 12176 13100       12.64911434 2
14334 12176 13100       8.18497765 2
14335 12618 12346       19.04077897 2
14336 12618 12346       20.23974863 2
14337 12638 12070       17.79557935 2
14338 12638 12070       21.32047662 2
14339 12038 11887       14.36980223 2
14340 12038 11887       20.18703447 2
14341 11753 11951       11.92805994 1
14342 11753 11951       15.59722168 2
14343 11784 11364       18.99210668 2
14344 11784 11364       19.40653022 2
14345 12635 12611       13.06773134 1
14346 12635 12611       20.22571933 2
14347 11258 12383       22.85455440 2
14348 11258 12383       30.84983632 1
14349 12574 12594       9.84553389 1
14350 12574 12594       12.80235790 1
14351 13081 12695       12.68732025 2
14352 13081 12695       6.90207042 2
14353 11854 12259       17.90165220 1
14354 11854 12259       17.57063800 2
14355 12976 11592       24.70802675 2
14356 12976 11592       26.28104850 1
14357 13026 11239       21.78355059 2
14358 13026 11239       21.18657131 2
14359 11754 11408       25.22687804 2
14360 11754 11408       17.85989349 2
14361 11431 12811       19.39504497 2
14362 11431 12811       19.01833303 2
14363 12574 11865       14.70361600 1
14364 12574 11865       18.76341740 2
14365 12183 12407       20.06237058 2
14366 12183 12407       17.76124898 2
14367 12740 11373       26.00382160 1
14368 12740 11373       21.19006917 2
14369 12190 12151       9.98406130 1
14370 12190 12151       9.57185270 2
14371 11258 11930       26.63456354 1
14372 11258 11930       27.63589656 2
14373 12982 11472       18.52231949 2
14374 12982 11472       18.38581966 2
14375 11669 11979       16.27042935 1
14376 11669 11979       15.73850060 2
14377 13027 11596       15.70967791 2
14378 13027 11596       20.14271121 2
14379 13010 12966       29.23251819 1
14380 13010 12966       23.46924305 2
14381 12747 11295       8.98263700 1
14382 12747 11295       15.73523323 2
14383 12883 12497       4.69752194 2
14384 12883 12497       5.75409816 2
14385 12242 11926       15.85075772 2
14386 12242 11926       19.97009018 2
14387 11127 11923       20.25687855 2
14388 11127 11923       20.27441732 2
14389 11768 11512       23.37243106 2
14390 11768 11512       19.57612600 2
14391 13039 12236       20.74559264 2
14392 13039 12236       24.75191766 2
14393 12427 11599       20.22090610 2
14394 12427 11599       20.46836921 2
14395 11784 12284       22.82315347 2
14396 11784 12284       20.15668514 2
14397 12635 11126       18.68519747 2
14398 12635 11126       18.15736177 2
14399 12924 11734       18.98909248 2
14400 12924 11734       19.42124377 2
14401 12242 11424       16.86149978 2
14402 12242 11424       21.67027332 2
14403 12010 12057       16.55014455 2
14404 12010 12057       12.99273527 2
14405 12739 12000       24.17337256 2
14406 12739 12000       21.46103803 2
14407 12924 11194       17.79409888 1
14408 12924 11194       16.60129635 1
14409 11538 12332       10.52890979 2
14410 11538 12332       9.00772074 2
14411 11172 12963       23.84428697 2
14412 11172 12963       23.30061434 1
14413 11172 11701       24.28875479 1
14414 11172 11701       21.64008086 2
14415 12735 11642       16.40702820 2
14416 12735 11642       17.70805577 2
14417 12018 12804       22.38527861 2
14418 12018 12804       19.36769997 1
14419 11348 11878       14.96251363 2
14420 11348 11878       8.56634363 2
14421 12038 11420       20.92624656 2
14422 12038 11420       19.57233881 2
14423 12272 12422       9.06806640 2
14424 12272 12422       12.25493760 1
14425 12976 12055       23.23215479 2
14426 12976 12055       34.14100510 2
14427 13026 12004       35.81790790 1
14428 13026 12004       22.67281947 2
14429 13057 13011       25.19621669 2
14430 13057 13011       25.71908706 2
14431 12295 12453       15.04996833 2
14432 12295 12453       12.51980746 2
14433 12720 12652       22.29616615 2
14434 12720 12652       22.60929007 2
14435 11544 12405       18.72215555 2
14436 11544 12405       20.52428335 2
14437 12623 11163       27.36430749 2
14438 12623 11163       24.93502391 2
14439 11274 12496       19.74880309 1
14440 11274 12496       19.33551233 2
14441 13026 11569       16.80742852 1
14442 13026 11569       16.94459464 2
14443 11854 11510       23.33696067 1
14444 11854 11510       15.21254308 2
14445 12720 11459       16.30293623 2
14446 12720 11459       18.08999385 2
14447 12113 12146       12.32066832 2
14448 12113 12146       18.14231682 1
14449 11765 11499       10.51812550 2
14450 11765 11499       12.39955926 1
14451 12832 12597       6.89682399 2
14452 12832 12597       11.98817367 2
14453 12739 12109       20.21640397 2
14454 12739 12109       22.99320487 2
14455 12647 12461       12.06049232 1
14456 12647 12461       7.64989989 2
14457 11428 11662       37.76765300 1
14458 11428 11662       31.90020494 2
14459 12011 11947       21.90766325 1
14460 12011 11947       29.01069581 1
14461 12123 11120       25.05975475 2
14462 12123 11120       36.70487208 1
14463 11953 11644       21.62799119 1
14464 11953 11644       16.43531626 2
14465 11538 11445       12.20562039 2
14466 11538 11445       13.66806203 2
14467 12574 12399       17.25399652 1
14468 12574 12399       11.31834612 2
14469 12295 11124       17.36378158 1
14470 12295 11124       12.10112752 1
14471 11829 12060       19.08450453 2
14472 11829 12060       20.90628965 1
14473 13010 11375       16.16534827 1
14474 13010 11375       19.13993149 2
14475 12721 12451       10.89462119 2
14476 12721 12451       16.14521876 2
14477 11544 12281       22.94145251 1
14478 11544 12281       24.18271554 1
14479 12201 11699       3.82860632 2
14480 12201 11699       12.25848350 1
14481 11829 12983       15.75068267 2
14482 11829 12983       19.03015047 2
14483 11991 12505       19.31379740 2
14484 11991 12505       22.88882708 2
14485 11700 13067       14.07693283 2
14486 11700 13067       15.54211488 1
14487 12018 11968       23.97529498 2
14488 12018 11968       24.24660182 1
14489 13079 11439       24.96548154 2
14490 13079 11439       16.73058781 2
14491 11297 11659       9.11461731 2
14492 11297 11659       9.42791558 1
14493 12647 12580       12.63241162 1
14494 12647 12580       11.31856448 2
14495 11991 12350       25.16033723 2
14496 11991 12350       25.35402351 2
14497 12272 12568       15.35730220 1
14498 12272 12568       19.63048739 1
14499 12832 13059       14.66055187 2
14500 12832 13059       12.47312361 2
14501 11854 11998       19.87382939 2
14502 11854 11998       20.59234812 1
14503 11986 11917       19.27130566 1
14504 11986 11917       19.31299589 2
14505 12201 11231       12.79232066 2
14506 12201 11231       9.32629425 1
14507 12662 11831       10.80902488 2
14508 12662 11831       10.43443601 2
14509 12090 11531       11.42826100 1
14510 12090 11531       9.13205885 2
14511 12011 11608       25.39193012 2
14512 12011 11608       23.85027215 2
14513 13050 11291       16.69412785 1
14514 13050 11291       29.66930320 2
14515 12201 13054       5.55744878 2
14516 12201 13054       8.60264398 1
14517 11927 11504       12.46785751 2
14518 11927 11504       11.25621485 2
14519 13057 12168       25.29289509 1
14520 13057 12168       24.23175663 2
14521 12183 11508       19.15263179 2
14522 12183 11508       20.18659736 1
14523 12924 11195       18.62066058 2
14524 12924 11195       22.09207146 1
14525 11927 12240       11.69724274 2
14526 11927 12240       11.71646687 2
14527 12612 11654       20.58372947 1
14528 12612 11654       24.28236837 2
14529 11762 12372       23.92814927 2
14530 11762 12372       26.01448798 2
14531 11428 12002       33.36217262 2
14532 11428 12002       38.77669409 2
14533 11753 11515       11.25415429 2
14534 11753 11515       17.38818040 2
14535 12113 11935       21.21677894 2
14536 12113 11935       15.87374576 1
14537 11784 11782       17.54130172 2
14538 11784 11782       18.72642723 2
14539 11991 11821       38.14625291 1
14540 11991 11821       31.32011797 2
14541 12507 12691       18.38086916 1
14542 12507 12691       13.86432180 2
14543 12201 13098       11.99209843 2
14544 12201 13098       12.46189263 2
14545 11986 12203       26.13571427 2
14546 11986 12203       23.02026072 2
14547 13010 11136       14.09591567 2
14548 13010 11136       15.86884178 2
14549 12011 11128       26.82026714 1
14550 12011 11128       26.33509776 1
14551 12173 11901       19.15632896 1
14552 12173 11901       19.18768873 2
14553 11513 12532       13.93819659 1
14554 11513 12532       20.40713209 2
14555 13081 12628       10.80997830 2
14556 13081 12628       13.00685828 1
14557 13050 11116       18.42180252 2
14558 13050 11116       26.27135038 2
14559 12883 12729       18.21262419 2
14560 12883 12729       17.31493996 2
14561 11479 11145       16.14945491 2
14562 11479 11145       17.50498111 1
14563 11348 11315       14.77707794 2
14564 11348 11315       6.82217357 1
14565 12465 13030       11.01896957 2
14566 12465 13030       18.52745454 2
14567 11754 11407       18.06684778 1
14568 11754 11407       26.97584682 2
14569 11130 12323       14.02370042 1
14570 11130 12323       14.87359272 2
14571 12349 12671       17.50956943 2
14572 12349 12671       14.84682550 2
14573 11860 13017       22.60021062 2
14574 11860 13017       19.22510588 2
14575 12123 12108       27.42412000 2
14576 12123 12108       27.33423742 1
14577 11313 11362       24.21299163 2
14578 11313 11362       22.79432553 1
14579 12471 12775       23.95055690 1
14580 12471 12775       17.95894700 2
14581 12173 12082       20.16210906 1
14582 12173 12082       19.30667236 2
14583 12985 11553       13.35873509 2
14584 12985 11553       16.15185172 1
14585 12471 12232       25.84114584 2
14586 12471 12232       24.25980990 2
14587 11513 12531       13.84083334 1
14588 11513 12531       12.48712360 2
14589 12517 12121       29.14397750 2
14590 12517 12121       33.05661576 1
14591 12924 12475       21.79366666 1
14592 12924 12475       16.13395780 1
14593 12338 12224       21.53736985 2
14594 12338 12224       19.87124546 2
14595 11313 11954       23.24834149 2
14596 11313 11954       24.93481352 2
14597 11274 12050       27.11244011 1
14598 11274 12050       26.90623066 2
14599 12038 12498       20.82766582 2
14600 12038 12498       22.72971640 2
14601 11544 11302       21.81180354 2
14602 11544 11302       20.43527821 2
14603 12349 12313       16.50950582 1
14604 12349 12313       20.89072266 2
14605 12431 11757       14.69757044 1
14606 12431 11757       13.44393745 2
14607 11130 12041       17.48039792 2
14608 11130 12041       11.27013918 2
14609 12349 11943       18.37744462 2
14610 12349 11943       15.73843920 1
14611 12189 12199       4.17224850 1
14612 12189 12199       5.96910254 2
14613 11854 12615       17.12970556 2
14614 11854 12615       22.21600554 2
14615 12662 12339       24.11360946 1
14616 12662 12339       25.75243150 1
14617 12393 12047       10.99397775 2
14618 12393 12047       7.84465027 2
14619 11134 12649       23.22186883 2
14620 11134 12649       18.07668041 2
14621 12520 12677       7.94400098 2
14622 12520 12677       9.86389237 2
14623 11538 12719       11.62898665 2
14624 11538 12719       15.83408919 2
14625 11753 11482       15.70878373 1
14626 11753 11482       16.64329203 2
14627 12637 12578       22.21683547 2
14628 12637 12578       29.34243160 2
14629 12721 12293       16.82773890 2
14630 12721 12293       11.75138894 1
14631 11348 12912       7.78398642 2
14632 11348 12912       6.65558412 2
14633 12427 11153       9.48410827 1
14634 12427 11153       10.72323940 2
14635 11297 12234       16.34206890 1
14636 11297 12234       20.03713728 2
14637 12985 12878       17.46729265 2
14638 12985 12878       21.11668500 2
14639 12010 12678       7.45086303 1
14640 12010 12678       7.65532267 2
14641 12618 11495       14.76792908 2
14642 12618 11495       16.85943463 1
14643 12721 12437       13.47078691 2
14644 12721 12437       15.22095874 2
14645 12183 12996       18.79441352 1
14646 12183 12996       15.39924299 2
14647 12338 13045       11.90222215 1
14648 12338 13045       9.22498002 2
14649 11431 11766       17.10500055 1
14650 11431 11766       21.79094299 1
14651 11297 11779       10.24504982 2
14652 11297 11779       7.66251996 2
14653 12189 12660       19.48316588 2
14654 12189 12660       15.10053689 2
14655 12883 11334       15.24189922 1
14656 12883 11334       13.75256543 1
14657 11348 11520       20.01918461 2
14658 11348 11520       20.06716115 1
14659 12018 12863       11.32520976 2
14660 12018 12863       10.19759864 2
14661 11860 12043       8.21822281 1
14662 11860 12043       2.21130349 2
14663 11258 12999       22.27195798 2
14664 11258 12999       18.72487746 2
14665 11812 12230       21.20415041 2
14666 11812 12230       15.10381063 1
14667 13010 12273       16.52381560 2
14668 13010 12273       17.31422593 2
14669 12523 12541       9.99512000 2
14670 12523 12541       5.57197028 1
14671 11953 11891       18.63591266 1
14672 11953 11891       18.72991494 2
14673 12295 11981       16.93865455 2
14674 12295 11981       16.84435093 2
14675 11597 12890       17.62542361 2
14676 11597 12890       23.06951184 1
14677 12431 12509       12.80788993 1
14678 12431 12509       8.23149763 2
14679 11768 12519       24.63738179 1
14680 11768 12519       22.56646517 2
14681 11812 12819       17.40640011 1
14682 11812 12819       18.06449653 1
14683 12635 12397       12.34520126 2
14684 12635 12397       11.97868993 2
14685 13039 11937       14.76541278 2
14686 13039 11937       15.06993739 2
14687 12638 11159       27.20139941 2
14688 12638 11159       24.27331286 2
14689 11313 12286       22.19157931 2
14690 11313 12286       17.45274868 2
14691 13093 11324       18.46710926 1
14692 13093 11324       13.53986335 2
14693 11479 11255       15.79248579 2
14694 11479 11255       22.61595339 2
14695 11479 11382       13.37702701 2
14696 11479 11382       14.78491408 2
14697 11784 13076       12.42120322 2
14698 11784 13076       12.60012569 2
14699 12735 12971       25.36042646 2
14700 12735 12971       21.04918999 2
14701 12623 12936       20.42785811 1
14702 12623 12936       23.22271757 1
14703 13079 12579       15.85257358 2
14704 13079 12579       14.40472833 1
14705 13018 11222       19.33140214 2
14706 13018 11222       17.71258695 2
14707 12272 11958       11.39660390 1
14708 12272 11958       16.10902731 1
14709 12574 11171       15.90113050 2
14710 12574 11171       17.94187951 2
14711 11829 11634       20.98006609 2
14712 11829 11634       17.62660283 2
14713 12982 12129       24.97798362 1
14714 12982 12129       22.07619547 1
14715 12295 11564       13.40429670 2
14716 12295 11564       13.89853579 1
14717 13057 11244       21.53120111 2
14718 13057 11244       24.16881792 1
14719 12242 11703       10.64526629 2
14720 12242 11703       13.52684392 2
14721 12242 12513       20.64369116 2
14722 12242 12513       24.81168556 1
14723 12010 11614       8.37738106 2
14724 12010 11614       10.72123999 2
14725 12832 12762       11.77139303 2
14726 12832 12762       9.24176540 1
14727 11283 11265       12.28754015 2
14728 11283 11265       10.49983080 2
14729 12637 12014       6.53948040 2
14730 12637 12014       12.16678114 2
14731 12010 12823       8.67736856 2
14732 12010 12823       11.91653220 2
14733 11860 12918       19.40700736 2
14734 11860 12918       22.62328978 2
14735 12924 12917       23.31376001 1
14736 12924 12917       23.10333423 2
14737 12647 11720       24.99783597 1
14738 12647 11720       18.53905244 2
14739 12924 12851       21.61998994 2
14740 12924 12851       23.38591160 1
14741 11283 12947       14.12306578 1
14742 11283 12947       11.32189212 2
14743 12612 11529       20.39704437 2
14744 12612 11529       17.41509954 1
14745 13093 12490       25.09268594 1
14746 13093 12490       23.65518459 2
14747 12720 11752       16.26821854 2
14748 12720 11752       20.54646718 2
14749 11688 11868       8.89902461 1
14750 11688 11868       7.53932951 1
14751 12113 11810       29.09186906 1
14752 12113 11810       26.49459256 2
14753 12090 12101       13.22541010 2
14754 12090 12101       10.28791293 1
14755 12465 12368       19.31859173 1
14756 12465 12368       21.53869868 2
14757 12924 13074       26.74213975 2
14758 12924 13074       29.22361413 2
14759 11762 12351       20.19811760 2
14760 11762 12351       23.45142941 2
14761 12018 11271       20.80439351 2
14762 12018 11271       21.33808176 2
14763 13018 12704       8.99985845 2
14764 13018 12704       11.78976036 2
14765 11297 11545       7.66892271 1
14766 11297 11545       9.46170224 2
14767 11986 12089       18.17289156 2
14768 11986 12089       22.89076466 2
14769 12190 11470       6.30323251 1
14770 12190 11470       7.36195159 2
14771 13027 11600       19.50439310 2
14772 13027 11600       15.59658782 2
14773 12618 11148       24.37181852 2
14774 12618 11148       27.06967242 1
14775 12618 12017       20.94220884 2
14776 12618 12017       26.95687869 1
14777 11829 12059       17.81529806 2
14778 11829 12059       16.73547859 2
14779 11700 13002       25.55004836 1
14780 11700 13002       20.39164018 2
14781 11479 12178       19.58968297 1
14782 11479 12178       18.81640777 2
14783 13093 11249       24.96118004 2
14784 13093 11249       28.87385450 2
14785 12427 12369       17.17405689 2
14786 12427 12369       13.87946632 2
14787 11258 12247       29.92774711 2
14788 11258 12247       30.94205123 2
14789 11768 11248       19.82099006 2
14790 11768 11248       24.55423722 1
14791 11854 11696       17.07334438 1
14792 11854 11696       19.81119073 2
14793 12517 12664       24.38851986 2
14794 12517 12664       26.01347533 2
14795 13018 13055       13.22649343 2
14796 13018 13055       13.18947847 1
14797 12985 11434       26.17654916 2
14798 12985 11434       17.82037524 1
14799 11765 12511       15.08596962 2
14800 11765 12511       19.24879805 2
14801 11147 12549       28.10225590 2
14802 11147 12549       25.64379517 2
14803 12018 11967       24.05601330 2
14804 12018 11967       24.59595143 1
14805 13073 12772       18.18173852 1
14806 13073 12772       16.85081527 1
14807 11991 11448       20.53426608 2
14808 11991 11448       22.88033606 2
14809 12929 12329       16.07843984 2
14810 12929 12329       18.31944031 1
14811 12140 11876       19.87285449 2
14812 12140 11876       21.16563393 2
14813 12011 12198       14.24305509 1
14814 12011 12198       15.62278900 2
14815 12982 12130       21.02347877 2
14816 12982 12130       21.30323410 2
14817 11348 12733       14.13140849 2
14818 11348 12733       13.72325813 2
14819 11669 12218       23.03936124 2
14820 11669 12218       24.82632186 2
14821 11147 11668       20.28539654 2
14822 11147 11668       18.22768979 2
14823 12038 12789       11.95029943 2
14824 12038 12789       13.87175578 1
14825 12471 11507       21.37697498 1
14826 12471 11507       25.36756485 2
14827 12637 12132       19.63325890 2
14828 12637 12132       20.71646846 1
14829 12520 11188       14.65991476 2
14830 12520 11188       14.63197606 2
14831 11348 11920       9.25401849 2
14832 11348 11920       9.19741108 2
14833 12618 12669       17.86174440 2
14834 12618 12669       17.58516870 1
14835 12747 12158       12.78840455 2
14836 12747 12158       7.26400296 2
14837 12520 11187       16.23061871 2
14838 12520 11187       22.64575556 2
14839 13027 11595       19.29341917 2
14840 13027 11595       14.37615716 2
14841 11663 11467       9.41736945 1
14842 11663 11467       1.76016025 2
14843 12010 12252       8.54397866 1
14844 12010 12252       10.41496520 1
14845 11274 11839       21.21437736 1
14846 11274 11839       20.75991865 1
14847 12517 12663       20.92371176 1
14848 12517 12663       19.68978925 1
14849 13057 12763       22.74907863 1
14850 13057 12763       19.94182548 2
14851 11927 12479       13.74214484 2
14852 11927 12479       9.44123417 2
14853 12176 11957       2.01523346 2
14854 12176 11957       4.28440699 2
14855 11909 11458       12.88679423 1
14856 11909 11458       12.67406363 2
14857 11784 13056       18.36886811 2
14858 11784 13056       17.40678137 1
14859 11953 11178       20.35451001 2
14860 11953 11178       23.51678121 2
14861 13018 12128       16.81870552 1
14862 13018 12128       12.22126965 2
14863 11544 12661       17.81040892 1
14864 11544 12661       32.44937685 1
14865 11513 12264       17.75238321 2
14866 11513 12264       19.30564451 2
14867 13073 11993       17.01278156 2
14868 13073 11993       18.54618562 2
14869 12747 12683       13.85448004 2
14870 12747 12683       13.05340861 1
14871 11744 11390       26.02038778 2
14872 11744 11390       21.27385909 2
14873 13039 11684       13.25639342 2
14874 13039 11684       14.54544825 2
14875 11428 11385       25.36254421 2
14876 11428 11385       26.61823130 1
14877 11754 12506       17.09224768 2
14878 11754 12506       24.99697577 1
14879 12647 11805       19.53791840 2
14880 12647 11805       20.44191036 1
14881 12924 11872       23.34081150 2
14882 12924 11872       25.30201095 2
14883 12832 12239       10.30067727 1
14884 12832 12239       8.11033552 2
14885 12612 11769       22.54153233 2
14886 12612 11769       21.70555272 2
14887 12638 11229       17.20224982 2
14888 12638 11229       23.52525972 2
14889 11762 12646       13.88816490 1
14890 11762 12646       19.52347989 1
14891 11768 11790       22.77213426 2
14892 11768 11790       30.94466574 1
14893 12393 12117       21.06338739 1
14894 12393 12117       21.84765632 1
14895 11283 11378       16.29295876 2
14896 11283 11378       13.41537423 2
14897 12574 13028       15.48599250 1
14898 12574 13028       18.29204483 1
14899 12720 12500       16.84059323 2
14900 12720 12500       12.76008832 2
14901 11428 11435       18.08282120 2
14902 11428 11435       30.57681509 1
14903 11669 11180       14.18545531 2
14904 11669 11180       10.85413801 1
14905 12431 12079       14.07599989 2
14906 12431 12079       15.61998233 1
14907 12090 12938       14.56752515 1
14908 12090 12938       23.80849349 1
14909 11258 11621       37.43659873 1
14910 11258 11621       24.02629423 2
14911 11172 11251       23.18158103 1
14912 11172 11251       17.35241760 2
14913 12123 11905       26.18296109 2
14914 12123 11905       25.26943654 2
14915 11479 11151       18.13954457 2
14916 11479 11151       19.79920118 1
14917 12167 11550       18.71266649 2
14918 12167 11550       19.76285216 2
14919 11754 11199       18.47073591 2
14920 11754 11199       18.14937706 2
14921 12618 11462       26.26783084 2
14922 12618 11462       20.16269875 2
14923 11744 12608       14.75387318 2
14924 11744 12608       10.71064361 1
14925 12167 11952       10.63203978 2
14926 12167 11952       16.12826838 2
14927 11762 12352       19.04354103 2
14928 11762 12352       22.83563040 2
14929 11700 12388       10.14330714 2
14930 11700 12388       17.81765277 2
14931 12190 11723       3.96929559 2
14932 12190 11723       4.29879758 1
14933 12976 11588       27.36323185 1
14934 12976 11588       30.86708403 2
14935 11991 11631       23.65648743 2
14936 11991 11631       23.84311692 2
14937 12929 12341       21.83358776 1
14938 12929 12341       23.92161833 2
14939 11953 12619       24.39456537 2
14940 11953 12619       30.79842242 1
14941 12349 12504       17.57209725 2
14942 12349 12504       18.34019617 2
14943 12720 12901       19.85760909 2
14944 12720 12901       16.90341416 1
14945 12647 12355       2.25143591 2
14946 12647 12355       2.60540739 2
14947 13018 11372       14.03832976 2
14948 13018 11372       16.54617186 2
14949 12612 12565       17.31543832 2
14950 12612 12565       25.39257584 1
14951 11297 12376       10.95190840 2
14952 11297 12376       7.07987197 2
14953 13057 11939       23.87506097 2
14954 13057 11939       15.23415457 2
14955 12272 11256       17.76670756 2
14956 12272 11256       13.81418410 2
14957 13039 11454       21.12975025 2
14958 13039 11454       19.58218120 2
14959 12637 12815       23.41879460 2
14960 12637 12815       26.32169310 2
14961 12638 13031       20.77559326 2
14962 12638 13031       19.21828872 2
14963 12635 12193       11.62148112 2
14964 12635 12193       15.64123915 2
14965 12520 12086       22.65146126 2
14966 12520 12086       26.75157628 1
14967 12471 12319       20.18122945 2
14968 12471 12319       20.61407343 2
14969 13018 12965       16.27589636 1
14970 13018 12965       24.38182172 1
14971 12507 12788       15.97310149 1
14972 12507 12788       21.41294254 2
14973 13093 11118       28.11748066 2
14974 13093 11118       22.23832922 1
14975 12740 12829       17.85533956 2
14976 12740 12829       20.46478518 2
14977 11544 12831       15.98710874 2
14978 11544 12831       11.48763950 2
14979 13018 11371       18.78060878 2
14980 13018 11371       20.66142466 2
14981 11663 12249       5.90300297 2
14982 11663 12249       5.90619749 1
14983 11753 11516       17.58511904 2
14984 11753 11516       19.94275709 2
14985 11927 12516       10.76828593 2
14986 11927 12516       10.36012466 1
14987 11765 11775       7.85616378 2
14988 11765 11775       7.66351277 2
14989 12637 12374       20.87563297 2
14990 12637 12374       16.41808662 2
14991 12189 12659       14.21663182 2
14992 12189 12659       13.98461979 2
14993 12431 11410       15.96890415 1
14994 12431 11410       10.89784904 2
14995 12338 11457       19.43910170 2
14996 12338 11457       20.06165226 2
14997 12201 12981       8.27887610 2
14998 12201 12981       4.22079988 2
14999 12113 11721       18.18259864 1
15000 12113 11721       18.70370847 1
15001 13027 11796       22.25976924 1
15002 13027 11796       24.18472561 2
15003 12465 11639       10.56039389 1
15004 12465 11639       15.08179555 2
15005 12985 12025       17.33220963 1
15006 12985 12025       18.95077013 2
15007 11986 12299       24.78176324 2
15008 11986 12299       18.39088793 2
15009 12832 12881       10.57181214 2
15010 12832 12881       9.14244513 2
15011 12747 12410       17.35855030 1
15012 12747 12410       14.52796917 2
15013 12523 11889       8.86066409 2
15014 12523 11889       13.56632211 1
15015 11829 12564       15.81859337 2
15016 11829 12564       19.41366878 2
15017 12090 11587       22.85593184 2
15018 12090 11587       16.31532320 2
15019 12431 11982       19.18910105 2
15020 12431 11982       18.74059309 2
15021 12201 13097       3.16453902 2
15022 12201 13097       10.41968990 2
15023 13026 11988       26.57451566 2
15024 13026 11988       30.14678849 1
15025 12929 11611       19.85046877 2
15026 12929 11611       20.82391655 2
15027 12123 11275       27.65866004 2
15028 12123 11275       22.67284506 2
15029 11127 11646       13.62393267 2
15030 11127 11646       14.02714195 2
15031 12176 11535       8.37091786 2
15032 12176 11535       7.76175610 2
15033 11283 11189       15.84159926 2
15034 11283 11189       15.83089728 2
15035 11428 12073       25.28075537 2
15036 11428 12073       24.85573006 1
15037 13050 11864       9.64823496 2
15038 13050 11864       8.40808461 1
15039 12517 12833       24.07095848 2
15040 12517 12833       23.14276830 2
15041 12523 11617       21.21412962 2
15042 12523 11617       16.22342200 2
15043 12167 12859       14.81462716 2
15044 12167 12859       14.89093233 1
15045 12623 11652       24.14860415 2
15046 12623 11652       16.19412308 2
15047 12190 12724       21.66207795 2
15048 12190 12724       22.72630564 2
15049 11784 11581       18.76200964 2
15050 11784 11581       20.01463115 2
15051 12507 12366       18.59453364 2
15052 12507 12366       13.69780930 2
15053 12985 11317       14.92245899 2
15054 12985 11317       15.39233910 2
15055 12618 12569       16.61719096 2
15056 12618 12569       14.02001167 2
15057 11688 11121       11.38030081 1
15058 11688 11121       13.14463765 1
15059 11688 11649       5.78833689 2
15060 11688 11649       12.81365216 2
15061 11297 11102       14.83612328 2
15062 11297 11102       15.01802635 1
15063 11663 11368       10.97024982 2
15064 11663 11368       8.38922554 2
15065 11513 11772       17.68784312 2
15066 11513 11772       15.31093810 2
15067 11147 12866       22.35350910 2
15068 11147 12866       23.62570797 1
15069 11854 12934       17.97271327 1
15070 11854 12934       19.69766473 2
15071 12883 11528       13.07067286 1
15072 12883 11528       15.27281446 1
15073 12338 12626       4.38704759 2
15074 12338 12626       7.56094006 2
15075 13079 12056       19.54744189 2
15076 13079 12056       19.56492021 2
15077 12167 11975       23.32781126 1
15078 12167 11975       19.14228714 2
15079 12735 12787       19.21291602 2
15080 12735 12787       17.34788664 2
15081 12976 12915       21.49805888 2
15082 12976 12915       23.72508791 2
15083 12140 11327       17.46013031 2
15084 12140 11327       20.85947456 2
15085 12647 11673       28.17874259 1
15086 12647 11673       18.39403613 2
15087 12883 11395       6.50588234 2
15088 12883 11395       3.43835986 2
15089 12720 13071       18.18200065 2
15090 12720 13071       17.70521183 2
15091 12471 12716       29.38008943 2
15092 12471 12716       22.28091927 1
15093 12018 12503       22.87335593 1
15094 12018 12503       17.27664809 2
15095 11669 11989       11.34581124 1
15096 11669 11989       13.39924727 1
15097 11134 11830       23.44025392 2
15098 11134 11830       23.99502424 2
15099 13073 11307       20.83484281 1
15100 13073 11307       19.83228885 2
15101 13867 13805       30.69518100 2
15102 13867 13805       28.56632089 2
15103 13281 14921       30.11036486 2
15104 13281 14921       31.18086299 2
15105 14691 14392       25.23298767 2
15106 14691 14392       24.15842596 2
15107 14744 14853       9.51921109 2
15108 14744 14853       5.98051495 2
15109 13772 13190       36.85431784 1
15110 13772 13190       30.09632219 2
15111 13920 15065       26.60124011 2
15112 13920 15065       26.43217419 1
15113 13583 14001       23.61762509 2
15114 13583 14001       22.06758283 1
15115 14993 13345       15.61877471 2
15116 14993 13345       16.53490765 2
15117 13169 13730       18.14805267 2
15118 13169 13730       18.20696245 1
15119 14379 14872       24.68868444 1
15120 14379 14872       24.24577746 2
15121 14676 13458       17.14778032 2
15122 14676 13458       21.24917784 2
15123 13886 14832       16.60396329 1
15124 13886 14832       13.05034005 1
15125 13647 14415       14.78189620 2
15126 13647 14415       14.69482060 2
15127 13920 13385       25.52823279 1
15128 13920 13385       24.23391510 2
15129 14751 13593       26.83470631 2
15130 14751 13593       27.88699121 2
15131 13750 13225       15.66016642 2
15132 13750 13225       15.78508243 2
15133 14615 13343       12.61775369 1
15134 14615 13343       13.44359045 1
15135 14139 14293       18.31165900 2
15136 14139 14293       19.18846589 2
15137 14902 13835       29.40518574 1
15138 14902 13835       26.23196128 2
15139 14591 13615       16.47094772 2
15140 14591 13615       15.29740612 2
15141 14966 13963       23.82034891 2
15142 14966 13963       22.62702370 2
15143 14993 13182       19.93470227 2
15144 14993 13182       19.92720384 2
15145 14908 13569       20.69282666 2
15146 14908 13569       24.27111057 2
15147 14348 14399       26.14698449 1
15148 14348 14399       23.22918111 1
15149 14443 13244       22.00336157 1
15150 14443 13244       24.92300678 2
15151 14460 14583       23.48070141 2
15152 14460 14583       20.11451954 2
15153 14237 13429       24.32657604 2
15154 14237 13429       22.97051574 1
15155 13210 13656       24.79103596 2
15156 13210 13656       27.91586288 1
15157 13886 14175       18.00403577 2
15158 13886 14175       19.04521650 1
15159 14615 13667       25.14105303 1
15160 14615 13667       24.64093919 2
15161 13811 14377       28.96114612 2
15162 13811 14377       25.46127961 2
15163 13666 14927       22.17423901 2
15164 13666 14927       21.16768214 2
15165 13583 13734       18.03681132 1
15166 13583 13734       20.66623778 1
15167 13411 14437       43.36533714 1
15168 13411 14437       38.12187881 1
15169 14017 13818       12.36460102 2
15170 14017 13818       18.49926974 1
15171 14460 13476       15.96368809 2
15172 14460 13476       18.07235364 2
15173 14457 14150       23.77865008 1
15174 14457 14150       20.25303443 1
15175 14878 14446       21.78772371 2
15176 14878 14446       19.39031459 2
15177 14776 14538       24.60768330 1
15178 14776 14538       25.99928487 1
15179 14142 13545       18.03275930 2
15180 14142 13545       14.00460481 2
15181 14615 14532       30.14887480 2
15182 14615 14532       39.62560892 1
15183 13447 13425       15.68893072 2
15184 13447 13425       11.66410308 2
15185 14890 13585       19.41444976 2
15186 14890 13585       15.40538766 1
15187 14933 13150       19.70825059 1
15188 14933 13150       19.74956540 2
15189 14864 14836       19.73106812 1
15190 14864 14836       17.90690008 1
15191 13964 13972       21.08326603 2
15192 13964 13972       22.63304767 2
15193 14591 14788       25.10990849 2
15194 14591 14788       26.08754464 2
15195 14751 13366       25.21473994 1
15196 14751 13366       22.61339876 2
15197 13786 14767       20.02311829 2
15198 13786 14767       20.63691223 2
15199 15024 13489       23.24072056 2
15200 15024 13489       24.09682284 2
15201 13568 15029       18.11081284 1
15202 13568 15029       19.98754544 1
15203 14108 13327       29.66166506 2
15204 14108 13327       27.11879484 1
15205 13807 13700       22.96398293 1
15206 13807 13700       22.60288307 1
15207 14138 14265       16.36685386 1
15208 14138 14265       20.83868987 1
15209 13320 14945       6.45039957 2
15210 13320 14945       7.75891355 2
15211 13411 14430       41.79219387 1
15212 13411 14430       35.48409078 2
15213 14139 13926       22.71374523 2
15214 14139 13926       25.57139647 1
15215 14776 13140       20.29361200 2
15216 14776 13140       17.70342353 2
15217 14590 14385       21.75799772 2
15218 14590 14385       24.04533966 2
15219 13261 13172       8.73511152 2
15220 13261 13172       6.27918243 2
15221 14908 13203       18.90226240 2
15222 14908 13203       16.14722120 2
15223 13293 14709       17.03745481 1
15224 13293 14709       14.50171225 2
15225 14615 13821       15.83366422 2
15226 14615 13821       14.88353311 2
15227 13583 13478       22.65613662 2
15228 13583 13478       17.76632306 2
15229 14776 14822       22.97931277 2
15230 14776 14822       21.04645378 2
15231 13216 15061       22.94349195 2
15232 13216 15061       23.64560976 1
15233 14457 14070       29.33224542 1
15234 14457 14070       31.21410355 2
15235 13867 13563       19.81741713 1
15236 13867 13563       15.16508621 2
15237 14356 14111       26.35770645 2
15238 14356 14111       24.45310986 2
15239 14123 13101       24.18128186 1
15240 14123 13101       21.64682670 1
15241 14462 13269       25.64918275 1
15242 14462 13269       25.52664002 2
15243 14077 14009       21.32519659 2
15244 14077 14009       19.76430162 2
15245 14804 13860       21.80404206 2
15246 14804 13860       22.11289048 2
15247 14142 14084       20.42461145 2
15248 14142 14084       22.84277690 2
15249 14273 14196       18.26146421 2
15250 14273 14196       20.19642842 2
15251 14616 13521       18.03011917 2
15252 14616 13521       19.42845697 2
15253 13867 13564       18.76322615 2
15254 13867 13564       19.83153751 2
15255 13406 13262       24.20401431 1
15256 13406 13262       27.21256639 2
15257 14170 15066       16.22094340 2
15258 14170 15066       25.18020687 2
15259 14744 13399       15.77613250 1
15260 14744 13399       17.39027385 2
15261 14348 14327       22.20335351 2
15262 14348 14327       20.27430271 2
15263 14966 13438       26.69747139 2
15264 14966 13438       22.98700125 2
15265 14993 14050       17.50256895 2
15266 14993 14050       19.94040555 2
15267 14379 14871       31.89013770 1
15268 14379 14871       27.64113893 2
15269 13164 14959       24.89464171 2
15270 13164 14959       26.45475636 1
15271 14138 13387       25.80198847 1
15272 14138 13387       19.52723322 1
15273 14017 13748       16.24746889 1
15274 14017 13748       14.94690027 2
15275 14519 15023       25.58102378 1
15276 14519 15023       25.04980587 2
15277 13590 14365       21.55873624 2
15278 13590 14365       24.23296319 2
15279 14825 13384       16.55527129 2
15280 14825 13384       16.65998264 2
15281 14017 14087       16.73508800 2
15282 14017 14087       29.93470110 1
15283 14035 15039       24.56314060 2
15284 14035 15039       27.09780499 1
15285 14252 14606       14.94391865 1
15286 14252 14606       12.70364456 2
15287 13293 14915       17.70266545 2
15288 13293 14915       17.42781810 1
15289 14379 14117       20.55971869 2
15290 14379 14117       21.80855083 1
15291 14077 14784       26.89107881 2
15292 14077 14784       25.18192966 1
15293 14774 14830       20.12794655 2
15294 14774 14830       22.44356024 2
15295 14228 13862       26.14265900 1
15296 14228 13862       24.29818858 2
15297 14348 14458       35.57928522 1
15298 14348 14458       30.61584315 2
15299 13907 14873       20.01416298 2
15300 13907 14873       21.65256752 2
15301 14550 13165       16.19788783 1
15302 14550 13165       18.75742715 2
15303 13907 14715       20.46099202 2
15304 13907 14715       19.97016404 2
15305 14159 14687       25.08542694 2
15306 14159 14687       25.87043725 1
15307 14099 13289       29.18905009 2
15308 14099 13289       31.48089352 2
15309 14908 14711       23.48088705 2
15310 14908 14711       17.32465511 2
15311 14681 13214       18.94612207 2
15312 14681 13214       23.40735126 2
15313 13647 14207       17.37033942 2
15314 13647 14207       11.91491775 1
15315 14890 13887       22.29928479 2
15316 14890 13887       21.94723464 2
15317 13392 14243       9.46790508 1
15318 13392 14243       16.49613093 1
15319 13772 13648       26.90567895 2
15320 13772 13648       24.89523319 2
15321 14902 13815       26.19881443 2
15322 14902 13815       26.06917093 2
15323 14615 14850       22.70482839 2
15324 14615 14850       17.32819005 1
15325 14139 14036       29.47583466 1
15326 14139 14036       31.23401575 2
15327 13867 14146       13.62356887 1
15328 13867 14146       16.58251197 2
15329 14228 14466       23.21189501 1
15330 14228 14466       25.45260677 2
15331 13261 14390       20.45440995 2
15332 13261 14390       18.42622437 2
15333 13647 14208       18.76438013 2
15334 13647 14208       16.72779492 2
15335 14427 13421       26.03729985 2
15336 14427 13421       27.74567462 2
15337 14878 14054       18.59936729 2
15338 14878 14054       17.89839234 1
15339 14878 13103       26.73862398 2
15340 14878 13103       20.17142010 2
15341 14123 13102       24.10352435 2
15342 14123 13102       22.86283405 2
15343 13320 14144       10.06079211 1
15344 13320 14144       13.33406746 1
15345 14681 13185       18.82088929 2
15346 14681 13185       12.11361008 2
15347 14170 14571       18.59116706 2
15348 14170 14571       23.18332508 2
15349 13210 13770       23.73905196 2
15350 13210 13770       25.38966308 1
15351 13121 14730       18.01889610 2
15352 13121 14730       16.43736376 2
15353 13447 14174       23.09342174 1
15354 13447 14174       19.83062842 2
15355 13886 13469       23.60539500 2
15356 13886 13469       24.71518263 1
15357 14524 13467       17.72117119 2
15358 14524 13467       16.33069791 2
15359 14722 13383       21.15772056 2
15360 14722 13383       22.18863782 2
15361 14035 14357       26.38581992 2
15362 14035 14357       24.87477041 2
15363 13191 14608       9.70086123 1
15364 13191 14608       9.51047751 2
15365 13631 14820       25.17382362 2
15366 13631 14820       21.67797651 1
15367 13901 14626       22.13476181 2
15368 13901 14626       25.44672604 2
15369 13164 14552       23.69904625 1
15370 13164 14552       24.69316822 1
15371 13812 13693       21.47435276 2
15372 13812 13693       29.88990801 2
15373 13121 13991       22.68185743 1
15374 13121 13991       21.09931970 2
15375 14035 13582       29.04260005 2
15376 14035 13582       26.18151617 1
15377 14751 14530       31.42368653 1
15378 14751 14530       27.66575043 2
15379 14890 13266       15.05702110 2
15380 14890 13266       10.34674935 2
15381 15024 13710       20.87903032 2
15382 15024 13710       18.55368251 1
15383 13566 13780       27.98526838 2
15384 13566 13780       19.60902294 2
15385 14744 13456       19.67696096 2
15386 14744 13456       21.58621531 1
15387 13169 14205       26.14050223 1
15388 13169 14205       29.35762005 2
15389 14108 14166       18.72075327 2
15390 14108 14166       19.18213259 2
15391 14356 13640       17.21737271 2
15392 14356 13640       22.70261287 1
15393 14825 13765       17.17090301 2
15394 14825 13765       15.59234773 2
15395 13631 13151       18.52454548 2
15396 13631 13151       18.64702158 1
15397 13410 13540       40.49504948 2
15398 13410 13540       28.14116370 2
15399 13907 14373       24.02182657 1
15400 13907 14373       21.93227171 1
15401 13261 13641       20.22900760 1
15402 13261 13641       17.77043386 2
15403 14237 13653       17.06764414 1
15404 14237 13653       14.32141439 2
15405 14077 14543       17.16858079 2
15406 14077 14543       21.39610829 2
15407 14443 14411       24.11960518 2
15408 14443 14411       26.26794418 1
15409 14825 14321       18.10506459 2
15410 14825 14321       17.98504369 2
15411 13939 13321       14.15546984 1
15412 13939 13321       14.43308576 1
15413 14804 13414       24.22147098 2
15414 14804 13414       22.55786378 2
15415 13418 14384       16.98253719 2
15416 13418 14384       16.10259687 1
15417 14846 14329       27.61518647 2
15418 14846 14329       27.71159877 2
15419 13439 13995       32.08589664 2
15420 13439 13995       27.05687276 2
15421 13566 14989       21.55719911 2
15422 13566 14989       20.44028677 1
15423 13666 13905       22.54352666 2
15424 13666 13905       20.32110218 2
15425 13164 14996       25.50001583 2
15426 13164 14996       23.55061896 2
15427 14892 14395       27.65321161 1
15428 14892 14395       28.38517929 2
15429 14776 13633       26.50346293 2
15430 14776 13633       24.87869143 1
15431 14591 13715       18.87016171 2
15432 14591 13715       13.77437548 1
15433 14159 13334       20.65406494 1
15434 14159 13334       17.81249296 2
15435 14519 14368       22.52266009 2
15436 14519 14368       20.21469677 2
15437 13631 13135       17.93097195 1
15438 13631 13135       16.79678846 1
15439 13392 14533       10.94549980 1
15440 13392 14533       1.21780479 2
15441 13216 13112       27.40249192 2
15442 13216 13112       25.46906858 2
15443 14908 13452       22.54354771 2
15444 14908 13452       22.82600737 2
15445 14228 14233       22.06371887 2
15446 14228 14233       25.27339168 2
15447 13191 13627       23.55618236 2
15448 13191 13627       20.29057664 1
15449 13631 14351       18.49396061 2
15450 13631 14351       19.26888304 2
15451 13410 14484       33.09507268 2
15452 13410 14484       30.10792787 2
15453 14462 13271       26.31068236 2
15454 14462 13271       26.80412377 1
15455 13411 13355       27.50982136 1
15456 13411 13355       33.10804344 2
15457 13121 13596       17.52282577 2
15458 13121 13596       10.58197273 2
15459 14443 14500       19.48834658 2
15460 14443 14500       19.51490017 2
15461 14864 13120       23.23054997 2
15462 14864 13120       23.72275930 2
15463 14460 14706       25.15278623 2
15464 14460 14706       20.89645178 1
15465 14737 14727       18.69831510 2
15466 14737 14727       21.00600868 1
15467 14864 13119       19.83016253 2
15468 14864 13119       20.11068070 2
15469 13566 14221       20.21155234 2
15470 13566 14221       24.75697023 2
15471 14825 14090       16.51870120 1
15472 14825 14090       19.68839798 2
15473 13901 14114       23.76448719 1
15474 13901 14114       26.21639260 2
15475 13210 14191       22.29221489 2
15476 13210 14191       22.58138430 1
15477 14902 15025       26.18375712 2
15478 14902 15025       26.08198445 2
15479 14077 15021       10.38433767 2
15480 14077 15021       10.41403526 2
15481 14099 13908       27.54013469 1
15482 14099 13908       27.87182888 1
15483 14933 14031       24.97751357 2
15484 14933 14031       21.59757109 1
15485 13447 14206       18.54445669 1
15486 13447 14206       24.65421085 1
15487 14776 14939       26.48040804 2
15488 14776 14939       24.32692713 2
15489 14460 13464       20.54215253 2
15490 14460 13464       24.20927618 2
15491 13811 14840       25.26087647 2
15492 13811 14840       24.81935754 1
15493 13406 14028       17.16743229 2
15494 13406 14028       22.86158643 2
15495 13901 14270       25.77714113 1
15496 13901 14270       22.45660451 1
15497 13566 13459       17.08717186 2
15498 13566 13459       16.62114306 2
15499 14550 14491       14.23321055 1
15500 14550 14491       18.10974646 1
15501 14970 14311       20.91929851 2
15502 14970 14311       19.35839901 2
15503 14722 13471       27.24778676 2
15504 14722 13471       22.76886330 2
15505 13455 14346       21.21914452 2
15506 13455 14346       25.36041916 1
15507 14077 14482       23.39002149 2
15508 14077 14482       21.42088155 2
15509 13320 13241       15.53753706 2
15510 13320 13241       18.04889582 2
15511 13524 14361       26.75412256 2
15512 13524 14361       25.04414301 2
15513 13191 14163       15.82717910 1
15514 13191 14163       14.53647116 2
15515 14737 14378       23.81176131 2
15516 14737 14378       25.94623762 2
15517 14591 14624       20.92946936 2
15518 14591 14624       18.10397956 2
15519 13583 13359       21.43755234 1
15520 13583 13359       24.09239932 2
15521 14462 13199       25.77826929 2
15522 14462 13199       25.12152239 1
15523 14940 13603       20.68892149 2
15524 14940 13603       19.77842722 2
15525 13261 14279       22.67453619 1
15526 13261 14279       25.90533390 2
15527 14348 13420       25.65975768 1
15528 14348 13420       25.63977807 2
15529 13786 13520       20.37943498 2
15530 13786 13520       17.54412729 1
15531 14460 13876       22.96461945 1
15532 14460 13876       25.89946729 1
15533 14099 14747       23.27528695 1
15534 14099 14747       25.90306898 2
15535 13812 14383       20.40843337 2
15536 13812 14383       20.33845681 2
15537 14966 13323       28.45918883 2
15538 14966 13323       26.51845127 2
15539 13907 13212       20.60108626 2
15540 13907 13212       21.10670860 2
15541 14457 14837       26.62256185 2
15542 14457 14837       27.08475802 2
15543 14139 15004       25.69607859 2
15544 14139 15004       23.36104002 1
15545 14722 14184       20.02432545 2
15546 14722 14184       18.56173310 2
15547 14099 14169       29.22483095 2
15548 14099 14169       28.74814758 1
15549 14615 13176       17.34343602 2
15550 14615 13176       19.26537985 2
15551 13907 13256       19.80818951 2
15552 13907 13256       22.14535542 1
15553 14462 14600       35.00988121 2
15554 14462 14600       35.69380096 2
15555 14737 13234       23.07391210 2
15556 14737 13234       23.32735106 1
15557 13900 14953       29.65904966 2
15558 13900 14953       31.54860407 2
15559 14237 13921       25.41360757 2
15560 14237 13921       21.06915482 1
15561 13418 13778       23.86392683 2
15562 13418 13778       23.85007306 2
15563 14970 15088       11.81313913 2
15564 14970 15088       9.95563464 1
15565 13392 14534       15.43412572 1
15566 13392 14534       8.53390918 2
15567 14616 13668       26.23884943 2
15568 14616 13668       26.69636130 2
15569 14142 13227       20.73717659 2
15570 14142 13227       24.35224920 2
15571 14804 14852       12.79860217 2
15572 14804 14852       18.81503297 2
15573 13811 14022       29.55937953 2
15574 13811 14022       25.31410356 2
15575 13524 13206       23.61900175 2
15576 13524 13206       32.77955709 2
15577 14676 13396       25.07331167 2
15578 14676 13396       21.00086674 2
15579 14123 13371       14.72041961 2
15580 14123 13371       14.94547864 2
15581 14616 14842       13.85625129 2
15582 14616 14842       11.02639002 1
15583 14273 14511       25.70636086 2
15584 14273 14511       26.32162096 1
15585 14890 13869       23.95587418 2
15586 14890 13869       15.63239156 2
15587 13939 13498       13.97669165 2
15588 13939 13498       14.19621114 1
15589 13293 14753       14.59222955 1
15590 13293 14753       20.37748982 2
15591 14108 13132       19.60228036 2
15592 14108 13132       20.55008195 2
15593 14940 14214       20.76238619 2
15594 14940 14214       19.35077693 1
15595 14273 14512       23.79684409 2
15596 14273 14512       23.82204228 2
15597 13164 14875       28.89862555 2
15598 13164 14875       24.33368488 2
15599 13750 14808       27.17723068 1
15600 13750 14808       26.44224619 1
15601 13964 13247       30.71895893 2
15602 13964 13247       26.44950561 2
15603 13455 14720       19.45046392 1
15604 13455 14720       17.73680861 2
15605 13418 13357       23.95747035 2
15606 13418 13357       24.93305381 2
15607 14427 13491       23.90076220 2
15608 14427 13491       21.37680455 2
15609 14902 15017       27.73699719 2
15610 14902 15017       24.95754615 2
15611 13281 13136       22.04950514 1
15612 13281 13136       17.97229524 2
15613 14591 13479       22.06769100 2
15614 14591 13479       22.59905304 2
15615 14846 13966       16.71731473 2
15616 14846 13966       20.04189815 1
15617 13455 13832       20.09358896 2
15618 13455 13832       19.74859584 2
15619 14774 14995       26.93480665 1
15620 14774 14995       23.54048185 2
15621 14142 15040       25.64825734 1
15622 14142 15040       19.57366051 1
15623 13566 14618       16.23212334 2
15624 13566 14618       10.42914646 2
15625 13470 13644       24.78610621 2
15626 13470 13644       23.26838665 2
15627 13590 13115       21.29543032 2
15628 13590 13115       18.96746007 2
15629 13812 13942       24.99438696 2
15630 13812 13942       25.01837527 2
15631 14519 13797       23.86359363 2
15632 14519 13797       21.50357724 1
15633 14878 15059       14.45836197 1
15634 14878 15059       14.59290308 2
15635 13786 14303       19.78168396 1
15636 13786 14303       18.79850421 1
15637 14933 15084       24.95371059 2
15638 14933 15084       20.74605359 2
15639 13590 14545       26.89247352 2
15640 13590 14545       25.42110708 2
15641 14462 13777       23.69482485 1
15642 14462 13777       24.25261502 2
15643 14966 14794       20.83102270 2
15644 14966 14794       32.21811248 1
15645 14681 15070       18.92034666 2
15646 14681 15070       18.66671348 2
15647 14252 14398       14.30902571 1
15648 14252 14398       18.50943866 2
15649 14286 13448       22.77750382 2
15650 14286 13448       17.70115007 2
15651 14443 13825       20.59992590 2
15652 14443 13825       18.36790900 2
15653 14460 13652       21.49381878 2
15654 14460 13652       19.19111499 2
15655 14252 14281       20.41940992 2
15656 14252 14281       15.86216179 2
15657 14681 14992       15.17644760 2
15658 14681 14992       13.26160359 2
15659 14933 14499       17.47321894 1
15660 14933 14499       21.30012862 2
15661 13164 14426       30.90409257 2
15662 13164 14426       37.66023520 1
15663 14691 14391       17.52168781 2
15664 14691 14391       19.19202038 2
15665 14890 13870       18.68804084 2
15666 14890 13870       19.99077407 2
15667 14804 13413       25.57359525 1
15668 14804 13413       26.75075436 2
15669 13885 14936       25.98305608 1
15670 13885 14936       24.64561041 2
15671 14776 13179       28.58341651 1
15672 14776 13179       24.83394237 2
15673 14864 14119       27.15525389 1
15674 14864 14119       25.32961771 2
15675 14123 14310       17.50037608 1
15676 14123 14310       21.81755407 1
15677 14142 13791       15.47512196 1
15678 14142 13791       13.68456146 2
15679 14774 13298       20.12900905 2
15680 14774 13298       22.89709856 2
15681 13191 14425       18.39591641 1
15682 13191 14425       19.56418421 2
15683 13566 13128       23.93518713 2
15684 13566 13128       16.75950449 2
15685 14691 14669       17.06564032 2
15686 14691 14669       15.24897400 1
15687 14970 14312       22.74856121 2
15688 14970 14312       26.33493083 2
15689 14017 15048       20.22137626 2
15690 14017 15048       21.70448173 2
15691 13666 14759       19.46569729 2
15692 13666 14759       21.02499686 2
15693 13293 14710       17.80399017 1
15694 13293 14710       20.09172968 1
15695 13406 13587       22.37682421 2
15696 13406 13587       20.30699114 2
15697 14273 13197       11.26367273 2
15698 14273 13197       8.89604370 2
15699 14035 14801       29.08100094 2
15700 14035 14801       29.61533920 1
15701 13647 13830       24.47989446 1
15702 13647 13830       16.02298231 1
15703 14524 15078       19.32955284 2
15704 14524 15078       17.78401140 1
15705 14427 15042       23.96138803 2
15706 14427 15042       25.58597441 1
15707 14273 14195       20.63519988 1
15708 14273 14195       17.82422549 2
15709 14252 14397       18.77272383 1
15710 14252 14397       16.97029980 2
15711 14846 13986       18.78245277 1
15712 14846 13986       16.15733914 2
15713 13631 13823       16.89211218 2
15714 13631 13823       16.60826838 2
15715 15085 14758       27.48510301 2
15716 15085 14758       29.78080846 1
15717 13772 14224       26.32271937 2
15718 13772 14224       19.35268474 2
15719 13786 13361       15.95200853 2
15720 13786 13361       18.65543920 2
15721 14774 15094       22.45072284 2
15722 14774 15094       20.44599121 2
15723 14615 13499       17.47388360 2
15724 14615 13499       21.18012210 1
15725 14970 13592       19.33354110 2
15726 14970 13592       22.13347085 1
15727 13210 14637       24.30083529 2
15728 13210 14637       26.01075463 2
15729 14846 14185       20.19743132 2
15730 14846 14185       18.59376848 2
15731 13590 14693       17.34349699 2
15732 13590 14693       17.95233873 2
15733 14737 13390       24.02984251 2
15734 14737 13390       22.24879427 1
15735 13418 14485       20.40727996 1
15736 13418 14485       22.43200046 2
15737 13121 13882       15.33265786 2
15738 13121 13882       16.43358854 2
15739 13447 14574       16.12769159 2
15740 13447 14574       20.92865765 2
15741 14077 14961       24.18971983 1
15742 14077 14961       22.58486381 2
15743 14170 13504       16.71758059 2
15744 14170 13504       23.46890132 2
15745 14017 13932       19.88183528 2
15746 14017 13932       21.32684026 1
15747 14892 14960       30.64296206 1
15748 14892 14960       37.09863259 1
15749 14539 13292       30.26809216 2
15750 14539 13292       27.06614339 2
15751 14940 14668       25.91467948 2
15752 14940 14668       24.60488754 2
15753 14970 14034       20.98655829 1
15754 14970 14034       23.18482248 2
15755 14356 14580       20.08599813 1
15756 14356 14580       22.65590549 2
15757 14892 13240       22.34551945 2
15758 14892 13240       23.54263964 2
15759 13210 13303       22.97573174 2
15760 13210 13303       26.69510596 1
15761 14737 14881       24.00098173 2
15762 14737 14881       23.61542770 2
15763 14539 15037       23.88712232 1
15764 14539 15037       26.04288565 2
15765 14616 14835       16.98684307 2
15766 14616 14835       19.60875307 2
15767 13439 14612       13.47511063 2
15768 13439 14612       18.35060043 1
15769 14524 14048       16.12268571 1
15770 14524 14048       20.70803099 2
15771 13320 14394       18.46269415 2
15772 13320 14394       20.90150536 2
15773 14460 13679       23.09746991 2
15774 14460 13679       26.52238902 1
15775 14108 13277       19.11691086 2
15776 14108 13277       16.06367586 2
15777 14616 14923       20.47263102 2
15778 14616 14923       19.58115424 2
15779 13885 13802       17.44606675 2
15780 13885 13802       25.56978103 2
15781 13566 13116       19.59322143 1
15782 13566 13116       20.85626285 2
15783 15085 13575       28.48128091 2
15784 15085 13575       29.45375637 1
15785 14825 13996       34.10601604 2
15786 14825 13996       24.96916423 2
15787 13812 13714       26.51096341 1
15788 13812 13714       24.13653048 1
15789 13406 13980       28.49927657 1
15790 13406 13980       27.59266167 2
15791 14550 13579       23.42155373 1
15792 14550 13579       19.33568802 2
15793 13216 13238       25.47511589 1
15794 13216 13238       22.86501972 2
15795 14970 13810       26.64655547 2
15796 14970 13810       26.14502903 2
15797 14443 14912       17.01170553 2
15798 14443 14912       16.59449050 1
15799 13939 14030       13.74689480 2
15800 13939 14030       8.58964282 2
15801 13320 14393       23.56442759 2
15802 13320 14393       18.32924793 1
15803 14138 13902       28.82800998 2
15804 14138 13902       27.17396549 2
15805 13392 14984       16.60886899 2
15806 13392 14984       12.48731274 2
15807 14348 13983       30.58371686 2
15808 14348 13983       32.03077383 1
15809 13647 13705       21.14092186 1
15810 13647 13705       15.70158072 2
15811 14722 14461       25.24939181 2
15812 14722 14461       25.19243610 1
15813 14909 14212       41.19738118 1
15814 14909 14212       25.36930013 2
15815 13964 13846       47.27155279 1
15816 13964 13846       32.40291996 2
15817 13455 14985       15.11171035 1
15818 13455 14985       21.35798761 2
15819 14804 13787       21.77757218 2
15820 14804 13787       25.17593792 1
15821 13169 13187       24.40023864 1
15822 13169 13187       26.52468356 2
15823 14108 13665       24.53556815 1
15824 14108 13665       21.88425450 1
15825 14737 13377       19.89006303 2
15826 14737 13377       23.19440530 2
15827 13169 15075       30.70918202 2
15828 13169 15075       32.47199481 2
15829 13164 14948       25.57839026 2
15830 13164 14948       27.47812552 2
15831 13750 13223       17.64825936 2
15832 13750 13223       25.16749072 1
15833 14099 13635       28.38142014 1
15834 14099 13635       29.05274491 2
15835 13470 13717       27.25185420 1
15836 13470 13717       23.24881818 1
15837 14159 14068       28.98364146 1
15838 14159 14068       28.97567720 2
15839 13811 13893       33.37605554 1
15840 13811 13893       27.77881032 1
15841 13568 13391       13.12290818 2
15842 13568 13391       14.19559015 2
15843 14591 13492       13.94819067 2
15844 14591 13492       16.05794984 2
15845 14804 13859       16.38000065 2
15846 14804 13859       21.44187735 2
15847 14228 15076       27.16557203 2
15848 14228 15076       26.89106784 2
15849 14139 13296       29.76250149 2
15850 14139 13296       28.84288352 2
15851 13447 15067       22.62892888 1
15852 13447 15067       22.10639482 2
15853 13418 13571       30.56057943 2
15854 13418 13571       36.60535893 1
15855 14252 13433       12.99317160 1
15856 14252 13433       10.30716285 1
15857 14348 15063       21.59707529 2
15858 14348 15063       20.18005675 1
15859 13439 14476       26.04672860 2
15860 13439 14476       24.59104037 1
15861 14846 14900       13.69856108 2
15862 14846 14900       14.06818987 2
15863 13406 13919       35.72269738 2
15864 13406 13919       37.24225223 1
15865 14751 13379       15.75875227 2
15866 14751 13379       14.97608571 1
15867 13410 13954       31.40971377 1
15868 13410 13954       26.02352318 2
15869 14846 14260       23.51498650 2
15870 14846 14260       22.14621620 2
15871 13772 13550       27.84239221 2
15872 13772 13550       24.63640944 2
15873 14237 13796       19.67835630 2
15874 14237 13796       23.02478420 1
15875 13261 13978       18.66417802 2
15876 13261 13978       15.00956619 2
15877 13583 14317       20.55617971 2
15878 13583 14317       20.01680057 2
15879 14170 13181       21.72131967 1
15880 14170 13181       18.52066609 2
15881 13807 14930       26.97288962 1
15882 13807 14930       25.06751545 2
15883 14993 14251       18.82518772 2
15884 14993 14251       13.44049182 2
15885 13811 13694       22.14791729 2
15886 13811 13694       25.89636070 1
15887 13191 14934       24.86330895 1
15888 13191 14934       28.35582326 2
15889 14940 14644       19.64565349 1
15890 14940 14644       23.22686518 2
15891 14825 13646       21.11031674 1
15892 14825 13646       19.48929764 2
15893 14035 14155       29.55425170 2
15894 14035 14155       28.22826702 1
15895 13907 13484       29.09162050 1
15896 13907 13484       30.35725806 2
15897 14273 13440       20.66554298 1
15898 14273 13440       21.82325415 1
15899 14681 13196       11.09812689 2
15900 14681 13196       13.03013408 2
15901 13807 14703       18.18391963 2
15902 13807 14703       22.43779297 2
15903 14443 13250       30.28148102 1
15904 14443 13250       20.39411858 2
15905 14993 13340       18.33292471 2
15906 14993 13340       22.29036455 2
15907 13590 13282       27.03563797 2
15908 13590 13282       28.57391365 1
15909 14443 13608       21.78127459 2
15910 14443 13608       22.16860572 2
15911 13885 13239       23.62944698 2
15912 13885 13239       19.83869135 2
15913 14776 13752       30.22697570 2
15914 14776 13752       25.46537682 1
15915 13439 13162       22.73374941 1
15916 13439 13162       17.62323960 2
15917 13907 14432       23.17830923 1
15918 13907 14432       22.09337930 1
15919 14237 13430       21.57602148 2
15920 14237 13430       23.81930709 2
15921 13590 14546       24.38788019 2
15922 13590 14546       27.02591266 2
15923 13568 15030       19.65207180 2
15924 13568 15030       19.58119685 2
15925 15024 13929       19.22747215 1
15926 15024 13929       21.09531339 1
15927 14890 15045       21.53207736 2
15928 14890 15045       22.74624397 2
15929 14099 13741       27.08372390 2
15930 14099 13741       36.35613472 2
15931 14159 13814       27.77784748 2
15932 14159 13814       29.72012385 1
15933 14776 13180       27.74436582 1
15934 14776 13180       28.31681172 2
15935 14550 13935       17.77843631 2
15936 14550 13935       22.04759620 2
15937 13410 14277       21.95694783 2
15938 13410 14277       17.71181701 2
15939 13647 13771       14.68031920 2
15940 13647 13771       18.84503009 2
15941 14519 14275       23.89641013 2
15942 14519 14275       26.53980645 2
15943 14751 14061       26.09351123 1
15944 14751 14061       27.29931144 2
15945 14846 15083       17.82847989 2
15946 14846 15083       18.83717281 2
15947 13666 14619       22.70091197 2
15948 13666 14619       25.68139337 2
15949 14427 13301       27.84259017 1
15950 14427 13301       28.20509013 2
15951 14252 13789       14.50822422 2
15952 14252 13789       15.74584127 2
15953 14933 13149       17.51862454 2
15954 14933 13149       23.72787131 2
15955 14139 14044       24.82177270 2
15956 14139 14044       21.96481678 2
15957 14676 13457       19.31468191 1
15958 14676 13457       17.42337074 2
15959 13169 14665       31.29355016 2
15960 13169 14665       32.85947843 2
15961 14457 14333       26.04933347 1
15962 14457 14333       24.11294108 2
15963 13164 13416       19.21278115 1
15964 13164 13416       20.10414402 2
15965 13392 15028       14.59276492 2
15966 13392 15028       9.74009639 1
15967 14878 13311       22.66820566 2
15968 14878 13311       29.35691879 2
15969 14616 13175       19.23600206 2
15970 14616 13175       16.42851486 2
15971 13920 15006       24.89327416 2
15972 13920 15006       26.81739514 2
15973 14099 14089       26.89627691 2
15974 14099 14089       29.29376407 2
15975 14615 13493       14.91872407 2
15976 14615 13493       17.57140450 1
15977 13666 13756       21.57896894 2
15978 13666 13756       13.72941966 1
15979 14825 14298       12.87819303 2
15980 14825 14298       21.22554541 2
15981 13885 14998       12.79214944 2
15982 13885 14998       13.57328222 2
15983 13647 13370       11.39899895 1
15984 13647 13370       13.28701734 2
15985 14681 14494       12.88819753 2
15986 14681 14494       15.78540651 2
15987 14539 15010       23.81467624 2
15988 14539 15010       22.20130002 2
15989 13524 14920       24.97298351 2
15990 13524 14920       25.26044432 2
15991 13121 14885       23.24947574 1
15992 13121 14885       23.89401466 2
15993 13281 13551       23.74480987 1
15994 13281 13551       26.15534466 2
15995 14676 13913       21.74427918 2
15996 14676 13913       21.30834550 2
15997 13964 14839       22.85674671 2
15998 13964 14839       21.61719373 2
15999 14170 14572       21.91665496 2
16000 14170 14572       17.02741692 2
16001 14846 13496       25.42045183 2
16002 14846 13496       24.14299262 1
16003 14356 13395       27.19798323 2
16004 14356 13395       22.97289103 1
16005 14676 14874       20.01476167 2
16006 14676 14874       18.98191633 2
16007 14379 14595       27.60878894 2
16008 14379 14595       27.89517897 2
16009 13164 13982       20.70063909 1
16010 13164 13982       22.72948121 2
16011 13281 13183       14.83794279 1
16012 13281 13183       17.12731646 2
16013 13867 14145       17.82452345 2
16014 13867 14145       14.11631273 2
16015 14138 13577       28.39777970 1
16016 14138 13577       25.99938350 2
16017 14159 14734       27.10001474 2
16018 14159 14734       21.96792083 2
16019 14286 13753       17.09293952 2
16020 14286 13753       20.64724357 2
16021 14460 13516       25.87232421 1
16022 14460 13516       22.42844091 2
16023 13666 14990       17.14594372 1
16024 13666 14990       18.41590454 1
16025 14774 14829       21.33002839 2
16026 14774 14829       22.97430366 2
16027 13631 13279       17.86263976 2
16028 13631 13279       18.34344336 2
16029 14123 13868       18.58178798 2
16030 14123 13868       23.71579382 1
16031 14993 14302       8.48268673 2
16032 14993 14302       12.42081338 1
16033 14676 13309       15.92730953 2
16034 14676 13309       16.89799031 2
16035 13216 14802       24.24376304 2
16036 13216 14802       33.02622407 2
16037 14776 14526       16.58846590 1
16038 14776 14526       21.88783335 1
16039 14524 14958       22.64699894 2
16040 14524 14958       20.71758507 2
16041 14751 13432       26.06796861 2
16042 14751 13432       25.57234231 2
16043 14077 14100       17.79142513 2
16044 14077 14100       23.32284340 2
16045 14273 14886       20.34731825 1
16046 14273 14886       18.25535453 2
16047 14591 13461       16.45469080 2
16048 14591 13461       23.87800609 2
16049 15024 14487       26.56455538 2
16050 15024 14487       25.92736931 2
16051 14681 14654       14.81599181 1
16052 14681 14654       17.44003487 1
16053 13447 13985       18.36905740 2
16054 13447 13985       20.51147760 2
16055 13920 13843       23.65993053 2
16056 13920 13843       16.96448661 2
16057 14892 14396       26.88790926 2
16058 14892 14396       22.34221232 2
16059 13216 13194       19.57895452 2
16060 13216 13194       17.76764457 2
16061 14077 13202       19.14469530 1
16062 14077 13202       21.81764641 1
16063 13807 15007       27.98932448 1
16064 13807 15007       30.26151471 2
16065 14379 14596       28.20356908 1
16066 14379 14596       26.73259152 1
16067 14017 14434       22.25105791 2
16068 14017 14434       22.62409277 1
16069 13900 13671       18.95427571 2
16070 13900 13671       22.25332151 2
16071 14691 14447       15.02809433 2
16072 14691 14447       13.65852556 2
16073 13169 13889       25.41385652 2
16074 13169 13889       25.28095751 2
16075 14676 14819       21.20503842 2
16076 14676 14819       23.81157712 2
16077 14909 14211       27.19337947 2
16078 14909 14211       27.14147825 2
16079 13750 13619       16.77986316 2
16080 13750 13619       20.44092040 2
16081 14237 14860       29.33128553 2
16082 14237 14860       22.49728195 2
16083 13886 14831       14.99646823 2
16084 13886 14831       16.22488426 2
16085 13939 13473       12.84124607 2
16086 13939 13473       15.34395941 1
16087 14616 13614       21.29427801 2
16088 14616 13614       18.59756115 2
16089 13406 14489       31.61657970 2
16090 13406 14489       33.24125956 2
16091 14846 14729       12.64368542 2
16092 14846 14729       14.10526527 1
16093 13786 14110       19.42449057 1
16094 13786 14110       17.41248857 1
16095 14123 14826       27.69602269 1
16096 14123 14826       24.04228451 2
16097 14252 13358       19.09938523 1
16098 14252 13358       17.27366347 2
16099 13964 13248       26.30338461 1
16100 13964 13248       23.34261285 2
16101 14159 13684       23.08420155 2
16102 14159 13684       24.29879725 2
16103 13590 13599       20.55214974 2
16104 13590 13599       15.91674606 2
16105 13907 14780       24.54866556 2
16106 13907 14780       24.29531834 2
16107 13216 13549       29.60296985 2
16108 13216 13549       25.16578283 2
16109 14138 14456       10.50614711 2
16110 14138 14456       12.80496383 2
16111 13568 14812       25.41113174 2
16112 13568 14812       24.37006690 1
16113 13418 14187       10.98301437 2
16114 13418 14187       10.06077640 2
16115 13281 14922       25.24381355 2
16116 13281 14922       24.02093009 1
16117 14825 14692       17.05327811 2
16118 14825 14692       15.14010675 2
16119 14427 14928       35.12401293 2
16120 14427 14928       31.85605332 2
16121 13191 13708       18.46954825 1
16122 13191 13708       13.95807664 2
16123 14108 13702       16.80481287 1
16124 14108 13702       18.24262575 2
16125 13900 13663       29.11198537 2
16126 13900 13663       27.54349127 2
16127 13772 14963       21.95861457 2
16128 13772 14963       20.14410999 1
16129 13901 13299       28.74368732 2
16130 13901 13299       27.97856410 1
16131 13566 13127       21.06416780 2
16132 13566 13127       17.40807585 2
16133 14356 13104       21.60125168 1
16134 14356 13104       22.07165416 1
16135 14108 13331       23.71695430 2
16136 14108 13331       20.82628471 2
16137 14550 14652       16.47198008 2
16138 14550 14652       17.65885210 2
16139 14237 15074       14.80052012 2
16140 14237 15074       15.98551419 2
16141 13439 14335       26.16406934 2
16142 13439 14335       23.43927459 2
16143 14966 14833       19.40414412 1
16144 14966 14833       23.31420991 2
16145 13786 14304       19.28834154 2
16146 13786 14304       26.20705766 2
16147 13964 13643       27.59800107 1
16148 13964 13643       27.87843868 2
16149 13811 13257       31.01222913 1
16150 13811 13257       25.48172089 2
16151 13439 14231       16.01635160 2
16152 13439 14231       21.32951369 2
16153 14744 13246       14.33543209 1
16154 14744 13246       16.43661448 2
16155 14123 13259       17.34154023 1
16156 14123 13259       18.23566774 2
16157 14864 14057       27.42508304 1
16158 14864 14057       41.58854160 1
16159 14142 13228       26.52160577 1
16160 14142 13228       23.45217713 2
16161 13320 15027       20.66543812 1
16162 13320 15027       24.50315403 2
16163 13666 14866       22.65484131 2
16164 13666 14866       18.55237208 2
16165 14462 13460       34.66187207 2
16166 14462 13460       30.46277104 2
16167 14966 13148       21.03296464 2
16168 14966 13148       23.87035204 1
16169 13807 13897       23.43678069 2
16170 13807 13897       20.96387695 1
16171 13900 14216       27.29256610 1
16172 13900 14216       27.59817279 2
16173 13455 13703       30.54214912 1
16174 13455 13703       24.68556358 2
16175 13455 14104       16.78953505 1
16176 13455 14104       16.86129143 2
16177 13261 14295       24.47584104 2
16178 13261 14295       24.40115504 2
16179 13807 14764       23.80673263 2
16180 13807 14764       24.81938932 2
16181 13418 13817       19.48587443 2
16182 13418 13817       16.74768404 2
16183 13406 14115       24.06326208 2
16184 13406 14115       21.03160114 1
16185 14590 14052       29.87656266 2
16186 14590 14052       29.27149009 2
16187 14379 14452       20.91613136 2
16188 14379 14452       22.07542956 1
16189 14846 14259       18.10675618 2
16190 14846 14259       26.16367556 1
16191 13772 14453       22.32854054 2
16192 13772 14453       24.29840883 2
16193 14427 14528       27.00595480 1
16194 14427 14528       32.48229112 2
16195 14676 14157       15.39088088 1
16196 14676 14157       18.84747881 2
16197 14519 13632       19.73182760 2
16198 14519 13632       18.63451039 2
16199 14460 14746       24.05427536 2
16200 14460 14746       26.24418877 1
16201 13807 13263       27.89253728 1
16202 13807 13263       22.33133637 1
16203 13568 14738       22.67715384 2
16204 13568 14738       23.12786511 2
16205 13900 13444       26.30596574 2
16206 13900 13444       31.19814947 1
16207 13750 13611       18.00792616 2
16208 13750 13611       15.24161696 2
16209 14443 13677       21.19834780 2
16210 14443 13677       22.26203463 2
16211 13524 13601       28.97655927 2
16212 13524 13601       28.67344589 2
16213 13750 14771       23.05059050 1
16214 13750 14771       25.67413321 2
16215 13867 14540       23.28087286 1
16216 13867 14540       25.99334085 1
16217 14286 13114       26.92845732 1
16218 14286 13114       28.59537881 2
16219 14878 13794       17.27557200 2
16220 14878 13794       15.68468567 2
16221 13939 14025       11.83846383 1
16222 13939 14025       13.03653040 1
16223 13470 13449       21.02721929 1
16224 13470 13449       25.60187562 2
16225 14427 15041       27.25975534 1
16226 14427 15041       33.44615874 2
16227 14138 13543       28.23836556 2
16228 14138 13543       27.23938258 2
16229 13121 14725       19.35972776 1
16230 13121 14725       14.80787842 2
16231 13447 14505       17.88742717 2
16232 13447 14505       15.31722504 1
16233 13439 14040       27.55276573 2
16234 13439 14040       27.19493884 1
16235 14077 13850       22.32363691 1
16236 14077 13850       19.71265372 2
16237 14909 14882       32.90426497 2
16238 14909 14882       32.54218961 1
16239 13812 14926       23.80595581 1
16240 13812 14926       23.44187635 2
16241 13750 13962       20.28951710 2
16242 13750 13962       22.31450456 1
16243 14890 13547       16.73349806 1
16244 14890 13547       18.77081183 2
16245 14966 15047       20.31281303 2
16246 14966 15047       23.83570529 2
16247 13939 13944       8.90180449 1
16248 13939 13944       8.00570854 2
16249 14457 13130       30.53850540 1
16250 14457 13130       34.92782753 2
16251 14539 14975       26.43169413 2
16252 14539 14975       26.37549261 2
16253 13411 13280       41.26596918 1
16254 13411 13280       37.00516485 2
16255 14123 14063       24.93966455 1
16256 14123 14063       23.92747602 2
16257 13886 14817       18.86429227 2
16258 13886 14817       16.00501592 1
16259 13964 14929       14.95154674 2
16260 13964 14929       20.73858628 2
16261 13411 13167       36.68516891 2
16262 13411 13167       32.01089042 2
16263 13920 14807       24.06312428 1
16264 13920 14807       25.10898986 1
16265 14379 14190       15.29151263 2
16266 14379 14190       20.47117250 2
16267 13524 14994       17.80328017 2
16268 13524 14994       22.41372268 2
16269 13647 13682       15.79556134 2
16270 13647 13682       19.74227346 2
16271 14737 13378       30.01498039 2
16272 14737 13378       27.88055283 2
16273 13920 13959       18.70882910 2
16274 13920 13959       21.58939479 2
16275 14524 13508       19.76920116 2
16276 14524 13508       18.12370572 2
16277 14519 13161       21.66031026 2
16278 14519 13161       24.87136948 2
16279 13169 13232       26.74425872 2
16280 13169 13232       26.91842221 2
16281 14443 13622       19.54292976 1
16282 14443 13622       19.52119236 2
16283 13900 14454       28.57966463 2
16284 13900 14454       29.50774070 2
16285 15085 15054       22.15147324 2
16286 15085 15054       20.10146650 2
16287 13647 14093       17.50717357 2
16288 13647 14093       17.04960312 2
16289 14237 14736       26.22160704 2
16290 14237 14736       27.17972187 2
16291 14379 14795       21.84109133 2
16292 14379 14795       21.71145207 2
16293 13169 13729       23.88260066 2
16294 13169 13729       23.47279722 2
16295 14228 13364       16.19926505 2
16296 14228 13364       17.50643891 2
16297 14744 14854       9.41861129 2
16298 14744 14854       11.14436869 2
16299 13568 14862       20.69940632 1
16300 13568 14862       20.72428754 1
16301 14035 14178       22.78767272 2
16302 14035 14178       25.96495610 2
16303 13750 13848       20.91332534 2
16304 13750 13848       22.25276563 2
16305 14457 14149       21.72046931 2
16306 14457 14149       22.12492073 2
16307 13631 13924       18.35242310 2
16308 13631 13924       19.30147134 2
16309 14590 14386       27.62542063 2
16310 14590 14386       25.96172380 2
16311 14908 13170       26.24371627 1
16312 14908 13170       29.99079892 2
16313 13392 14983       11.80982860 1
16314 13392 14983       10.05624628 2
16315 13418 13624       25.83418835 2
16316 13418 13624       27.72789945 2
16317 14590 14868       26.71555971 1
16318 14590 14868       19.71726777 2
16319 13900 14388       21.24464408 2
16320 13900 14388       32.16892251 2
16321 13901 14137       26.50288043 1
16322 13901 14137       29.94229554 2
16323 13568 14979       22.15953590 2
16324 13568 14979       23.06768092 2
16325 14993 13325       20.06531923 2
16326 14993 13325       16.06547378 2
16327 14356 14586       24.80689668 1
16328 14356 14586       24.73807312 2
16329 13293 14364       17.89119423 2
16330 13293 14364       22.00995742 2
16331 14539 14250       31.35743176 2
16332 14539 14250       30.10506686 2
16333 14539 14694       32.00959682 1
16334 14539 14694       30.55634191 2
16335 13568 14020       20.92240699 2
16336 13568 14020       15.88207956 2
16337 13406 14490       20.76032009 2
16338 13406 14490       25.35088029 2
16339 13216 14782       25.67189457 1
16340 13216 14782       26.47757951 2
16341 14139 13584       31.25908472 2
16342 14139 13584       27.10625968 2
16343 13920 14217       18.42983740 1
16344 13920 14217       19.58596748 1
16345 13590 13548       16.78682007 1
16346 13590 13548       16.64612240 2
16347 14170 14091       19.66147316 2
16348 14170 14091       22.34806072 2
16349 14892 13346       25.83984505 2
16350 14892 13346       18.99640955 2
16351 13121 14696       17.80219573 2
16352 13121 14696       19.38094682 1
16353 14590 14081       26.73532453 2
16354 14590 14081       25.77790186 2
16355 13885 14818       22.32845652 1
16356 13885 14818       20.34222036 2
16357 14524 13507       16.28304761 2
16358 14524 13507       22.06308838 2
16359 14017 14770       14.62932666 1
16360 14017 14770       16.51893747 1
16361 15024 14086       22.30689363 2
16362 15024 14086       21.92313926 2
16363 14970 13598       14.64925622 2
16364 14970 13598       15.81412291 2
16365 14878 14315       11.18895726 2
16366 14878 14315       16.43712386 2
16367 14864 14322       23.67846011 1
16368 14864 14322       23.33663810 2
16369 14591 13480       21.39874987 2
16370 14591 13480       22.71296527 1
16371 13750 13961       23.54232251 2
16372 13750 13961       23.05658974 2
16373 14902 14247       23.35683297 2
16374 14902 14247       25.00771487 1
16375 13320 13874       24.36702757 2
16376 13320 13874       22.83602821 2
16377 13939 13322       13.36025686 1
16378 13939 13322       17.13295233 2
16379 14615 13987       23.83492108 2
16380 14615 13987       22.71676361 2
16381 13907 13683       22.49693834 2
16382 13907 13683       24.24669076 2
16383 14348 14964       24.19981943 1
16384 14348 14964       24.50808797 1
16385 13455 13782       22.20393459 2
16386 13455 13782       23.75047976 2
16387 15085 13606       23.37005215 2
16388 15085 13606       22.52619409 2
16389 13169 13537       26.36107324 2
16390 13169 13537       23.81917808 2
16391 14864 15043       24.16874270 2
16392 14864 15043       20.51851974 2
16393 14878 13353       21.51703386 2
16394 14878 13353       23.48293222 1
16395 13470 13718       27.52591969 2
16396 13470 13718       26.97005274 2
16397 14519 14005       19.39652125 2
16398 14519 14005       21.16312770 2
16399 14035 14042       31.69447806 2
16400 14035 14042       32.39075549 2
16401 14902 14559       24.35266716 2
16402 14902 14559       23.79827293 2
16403 14077 13382       18.12504724 2
16404 14077 13382       19.97268510 1
16405 13812 15002       28.68376120 1
16406 13812 15002       29.90382368 2
16407 13524 13602       28.33306947 2
16408 13524 13602       27.56030656 1
16409 14590 13465       29.11660329 2
16410 14590 13465       27.52354131 2
16411 14940 14135       22.01843580 2
16412 14940 14135       20.73624145 2
16413 13524 13253       23.04200606 2
16414 13524 13253       19.03983299 2
16415 13411 13318       33.97805707 2
16416 13411 13318       32.94089475 2
16417 13293 13207       11.91258500 2
16418 13293 13207       17.20006694 1
16419 13261 14389       23.22934060 2
16420 13261 14389       17.57801545 1
16421 13812 14968       28.38166392 2
16422 13812 14968       29.42963756 2
16423 13455 13125       17.75838867 2
16424 13455 13125       18.27223145 2
16425 14751 14684       18.67335874 2
16426 14751 14684       22.08372923 1
16427 13191 14678       9.58487993 1
16428 13191 14678       13.07349319 2
16429 14892 14026       22.25419095 2
16430 14892 14026       20.33269858 2
16431 14681 13195       7.50483160 2
16432 14681 13195       13.73686572 2
16433 14737 14895       18.32207047 2
16434 14737 14895       21.06363843 1
16435 14966 14131       25.32019409 2
16436 14966 14131       29.28097532 2
16437 13867 14547       15.28176594 2
16438 13867 14547       21.69917720 2
16439 14462 13774       22.76660042 1
16440 14462 13774       22.73568392 1
16441 14273 13618       20.80580602 1
16442 14273 13618       22.37163716 2
16443 14691 14657       19.23256333 1
16444 14691 14657       17.29432845 2
16445 14590 14913       30.15737219 2
16446 14590 14913       26.30822934 2
16447 13886 13373       19.49874541 2
16448 13886 13373       19.94405919 1
16449 13807 13264       19.05240855 2
16450 13807 13264       24.04399978 2
16451 14539 13976       34.86898598 2
16452 14539 13976       30.52398115 1
16453 13411 13168       40.48354852 2
16454 13411 13168       36.43073012 2
16455 13410 13539       28.73851186 1
16456 13410 13539       26.53881260 2
16457 13418 14531       33.36477635 1
16458 13418 14531       34.33593593 2
16459 14681 14263       16.81043590 2
16460 14681 14263       19.34405448 2
16461 13524 14659       18.45831521 2
16462 13524 14659       20.99615200 1
16463 14356 13404       16.64093636 2
16464 14356 13404       19.80029899 2
16465 14035 13511       17.26095213 2
16466 14035 13511       22.32296523 2
16467 14159 13864       15.95509659 2
16468 14159 13864       13.15476588 2
16469 13886 14209       19.37139399 1
16470 13886 14209       16.49204923 1
16471 14139 14823       18.59328204 2
16472 14139 14823       20.96180284 2
16473 14744 13342       21.65475519 2
16474 14744 13342       22.43292231 1
16475 14940 13156       34.11849333 2
16476 14940 13156       36.84073325 2
16477 14722 13658       27.92200326 2
16478 14722 13658       24.86592377 1
16479 13583 13477       19.66072342 2
16480 13583 13477       19.01011208 2
16481 13590 13783       19.26851032 1
16482 13590 13783       18.51853943 2
16483 13320 13415       15.49905161 1
16484 13320 13415       14.08956179 2
16485 14909 13737       31.21194414 1
16486 14909 13737       29.75469353 2
16487 14524 14218       22.98264603 2
16488 14524 14218       23.74193908 1
16489 14676 14409       17.73828729 2
16490 14676 14409       13.96362970 2
16491 14139 13295       31.74659862 2
16492 14139 13295       26.48346759 2
16493 14744 15015       17.77413453 1
16494 14744 15015       14.38005024 2
16495 13886 14535       25.96479413 2
16496 13886 14535       23.96809203 2
16497 13807 14697       23.75827357 2
16498 13807 14697       19.87172440 2
16499 14902 13229       24.64485881 2
16500 14902 13229       23.63019896 1
16501 14228 13660       19.05031424 2
16502 14228 13660       21.67016396 2
16503 14519 14442       17.50323912 2
16504 14519 14442       22.62189788 2
16505 13885 14613       21.10931797 1
16506 13885 14613       20.84441012 1
16507 14142 14568       27.29504324 1
16508 14142 14568       25.57168016 1
16509 13411 14981       24.53752902 2
16510 13411 14981       23.42433286 2
16511 13216 14134       23.81737436 1
16512 13216 14134       24.67253839 2
16513 13886 14444       17.36352277 2
16514 13886 14444       15.67442170 2
16515 13524 13930       23.63513452 2
16516 13524 13930       28.87772639 2
16517 14099 13662       23.58982969 2
16518 14099 13662       22.24034031 2
16519 13901 13764       30.09155582 2
16520 13901 13764       34.01470866 2
16521 13772 14585       33.68366202 2
16522 13772 14585       27.40553272 2
16523 14550 14690       24.09972442 2
16524 14550 14690       18.45688035 2
16525 14908 14789       19.87796782 1
16526 14908 14789       18.68241156 1
16527 14273 15049       20.21688201 2
16528 14273 15049       18.83153025 2
16529 14825 14297       16.86612208 1
16530 14825 14297       12.20291050 2
16531 14776 14537       21.69041468 1
16532 14776 14537       23.55149248 1
16533 14139 14673       31.91253185 2
16534 14139 14673       26.95307330 2
16535 15085 15051       21.46736078 2
16536 15085 15051       23.42310656 2
16537 13867 14495       26.62166490 2
16538 13867 14495       25.66901065 1
16539 14099 13431       27.25702970 2
16540 14099 13431       27.89692067 2
16541 14138 14991       23.16586764 2
16542 14138 14991       20.66566061 1
16543 14909 13138       32.45833318 2
16544 14909 13138       29.29105979 2
16545 13566 14323       17.46753145 2
16546 13566 14323       16.71870594 2
16547 14228 13711       24.65027750 2
16548 14228 13711       20.74422079 2
16549 13392 14182       19.12942501 2
16550 13392 14182       15.83651899 1
16551 14993 14742       17.10656721 2
16552 14993 14742       10.94334847 2
16553 14539 14193       29.29784707 2
16554 14539 14193       28.96463261 2
16555 13261 14290       13.55839327 1
16556 13261 14290       13.17417225 1
16557 13281 13946       20.93818168 2
16558 13281 13946       19.98143548 1
16559 13455 13126       18.52076435 2
16560 13455 13126       18.48579674 2
16561 14933 15073       18.02226057 2
16562 14933 15073       16.45516052 2
16563 14940 13722       21.64831040 2
16564 14940 13722       21.75239830 2
16565 13964 14380       27.87792671 2
16566 13964 14380       29.40973413 2
16567 13920 13808       29.33774029 1
16568 13920 13808       30.29060947 1
16569 14142 14245       15.24829989 2
16570 14142 14245       20.35198604 2
16571 14138 14266       21.42522560 1
16572 14138 14266       20.59408025 2
16573 13210 14638       29.26775992 2
16574 13210 14638       29.56013421 1
16575 14427 13313       37.97162551 2
16576 14427 13313       30.33192515 2
16577 13885 13394       28.64664256 1
16578 13885 13394       25.43726314 2
16579 13191 14634       8.83250260 2
16580 13191 14634       13.11447535 1
16581 14909 15091       33.02561818 2
16582 14909 15091       37.35568477 1
16583 13439 13604       22.64185704 2
16584 13439 13604       20.82823709 1
16585 13811 14756       30.64999745 1
16586 13811 14756       30.50055477 2
16587 13164 14980       25.75657675 1
16588 13164 14980       20.12267536 2
16589 14286 13201       22.80815556 2
16590 14286 13201       25.95965986 2
16591 13583 14002       27.92747709 2
16592 13583 14002       18.65672324 1
16593 14427 13236       26.09013141 1
16594 14427 13236       27.73000512 1
16595 14751 14554       22.36313663 1
16596 14751 14554       31.89304603 2
16597 14908 13685       19.81833349 2
16598 14908 13685       22.44364345 2
16599 14379 13844       21.10465553 1
16600 14379 13844       24.23665970 1
16601 14099 14521       26.91829067 2
16602 14099 14521       27.05359864 1
16603 14237 14914       25.12679762 1
16604 14237 14914       25.41847938 1
16605 14460 14705       23.28317746 2
16606 14460 14705       26.77024173 2
16607 13191 14479       7.35468421 2
16608 13191 14479       6.10210416 2
16609 14722 14604       22.00889405 1
16610 14722 14604       24.07090194 1
16611 14108 13865       14.57387980 2
16612 14108 13865       17.62910786 2
16613 14993 14015       14.33602664 2
16614 14993 14015       12.12494270 1
16615 14017 15090       21.01507851 2
16616 14017 15090       22.16331804 2
16617 13885 13839       24.65673149 2
16618 13885 13839       22.93551583 2
16619 14457 15086       27.38406828 2
16620 14457 15086       28.50218276 2
16621 13191 14632       7.97291536 1
16622 13191 14632       10.04381215 2
16623 14252 13790       22.47911031 2
16624 14252 13790       10.82102593 2
16625 14825 13910       24.09587038 2
16626 14825 13910       22.94975240 2
16627 13411 14429       36.61873364 2
16628 13411 14429       35.96238281 2
16629 13939 14518       12.83009184 1
16630 13939 14518       11.76376907 1
16631 14970 13892       18.10370737 2
16632 14970 13892       19.76988333 2
16633 13811 13785       27.50590027 2
16634 13811 13785       26.38760528 1
16635 13901 14269       21.84705824 1
16636 13901 14269       19.01636061 2
16637 13281 14778       22.21858878 1
16638 13281 14778       28.64819707 1
16639 14590 14082       35.39782951 1
16640 14590 14082       30.85925409 1
16641 14691 13801       18.88866098 2
16642 14691 13801       13.40845731 2
16643 13583 14376       20.50511251 1
16644 13583 14376       14.14878202 1
16645 13293 15033       18.18717980 1
16646 13293 15033       15.61954462 2
16647 13666 14198       18.18083496 2
16648 13666 14198       15.39415713 2
16649 14774 13732       27.02155724 2
16650 14774 13732       23.36185436 1
16651 14457 14838       33.01805463 2
16652 14457 14838       30.04999146 2
16653 14933 13863       17.03045227 2
16654 14933 13863       15.37736410 2
16655 14348 13419       22.06669690 2
16656 14348 13419       22.40560909 2
16657 13811 13941       26.50583238 1
16658 13811 13941       22.22784104 2
16659 13811 14153       34.17930984 1
16660 13811 14153       41.78318857 1
16661 13568 14515       19.38934751 2
16662 13568 14515       15.24478140 2
16663 14252 14359       21.16827264 1
16664 14252 14359       21.54109108 2
16665 13812 13435       26.71577601 1
16666 13812 13435       26.07012075 2
16667 14123 14721       23.36094376 2
16668 14123 14721       24.42375413 2
16669 14550 14065       20.80593091 2
16670 14550 14065       17.28698305 1
16671 14676 13310       20.42695292 2
16672 14676 13310       24.06730214 2
16673 14691 13146       20.95150821 1
16674 14691 13146       22.05198732 1
16675 13293 14557       16.45974012 2
16676 13293 14557       17.64987168 2
16677 13590 14558       25.38571684 2
16678 13590 14558       26.90241838 2
16679 14286 14210       24.03780377 2
16680 14286 14210       28.67337904 1
16681 13455 14814       23.36271805 1
16682 13455 14814       19.06669676 2
16683 13583 13692       13.20324469 2
16684 13583 13692       15.32716365 2
16685 13964 14046       20.92307895 2
16686 13964 14046       19.05169808 2
16687 14902 15026       29.44929155 2
16688 14902 15026       25.25051753 2
16689 14722 14420       15.41739875 2
16690 14722 14420       18.65154910 1
16691 14616 14938       27.61896318 2
16692 14616 14938       25.10444770 2
16693 13121 13554       25.32555666 2
16694 13121 13554       20.65948756 1
16695 14550 14689       21.08149811 2
16696 14550 14689       26.88552920 2
16697 13121 13881       22.81662673 2
16698 13121 13881       21.19802719 2
16699 15024 15060       24.65776387 2
16700 15024 15060       21.80666168 2
16701 14804 13137       18.16367129 2
16702 14804 13137       23.64593410 2
16703 13216 14793       27.87482433 2
16704 13216 14793       26.04941872 2
16705 13210 13769       17.59146270 2
16706 13210 13769       21.18539907 2
16707 13439 14336       26.72815185 1
16708 13439 14336       21.32717956 1
16709 13210 14972       29.01705639 1
16710 13210 14972       30.87513921 2
16711 13210 13286       29.68843693 1
16712 13210 13286       28.56747695 2
16713 13406 13542       23.54933926 1
16714 13406 13542       26.92329201 1
16715 14524 13157       23.99505029 2
16716 14524 13157       21.42923763 2
16717 13631 14164       19.62624029 2
16718 13631 14164       14.86563986 1
16719 14737 13108       21.41206477 1
16720 14737 13108       17.84387115 1
16721 14908 13215       26.55173743 2
16722 14908 13215       27.47967131 2
16723 15024 13670       14.96214949 2
16724 15024 13670       18.94868086 2
16725 14427 13527       29.61229529 2
16726 14427 13527       31.25901561 1
16727 14457 15032       24.90196487 1
16728 14457 15032       23.63934901 1
16729 14909 14370       23.58709199 2
16730 14909 14370       20.36293965 2
16731 14804 13268       21.45525842 2
16732 14804 13268       29.35841610 1
16733 14722 15022       18.78252278 2
16734 14722 15022       20.13249980 1
16735 13631 14095       20.37516886 1
16736 13631 14095       14.61313008 2
16737 13121 14338       21.63614672 2
16738 13121 14338       22.32649664 2
16739 14519 14276       30.13649550 2
16740 14519 14276       29.55660928 2
16741 13901 13675       28.22794463 2
16742 13901 13675       20.05615294 1
16743 13470 13775       19.48424415 2
16744 13470 13775       22.55884586 2
16745 13900 14954       19.81982023 2
16746 13900 14954       19.36991967 2
16747 14457 14414       26.62620171 2
16748 14457 14414       30.87143785 2
16749 13470 14112       25.89555414 1
16750 13470 14112       22.16276692 1
16751 13169 14800       32.16504871 2
16752 13169 14800       31.55117398 2
16753 13406 13898       30.63461064 2
16754 13406 13898       29.12725152 2
16755 13261 13535       20.72111759 2
16756 13261 13535       14.83588846 2
16757 14804 14347       23.01964212 2
16758 14804 14347       21.69529062 2
16759 13410 14910       29.45536884 2
16760 13410 14910       30.05904135 2
16761 14890 15012       14.09596903 1
16762 14890 15012       16.01802126 2
16763 13907 14431       27.35494859 2
16764 13907 14431       21.31792575 2
16765 14890 13265       12.94981863 2
16766 14890 13265       12.42757858 2
16767 13447 13716       17.40146119 2
16768 13447 13716       18.38806295 2
16769 14970 13809       23.86343203 2
16770 14970 13809       19.78365504 2
16771 14138 15080       22.14144585 2
16772 14138 15080       21.04524391 2
16773 14539 13975       33.51336782 1
16774 14539 13975       33.61726279 2
16775 13666 13755       16.59217240 2
16776 13666 13755       22.39450969 2
16777 14170 13744       21.71214049 2
16778 14170 13744       20.02144420 2
16779 13410 14278       25.77409765 2
16780 13410 14278       21.65395833 2
16781 14017 13969       12.79190456 2
16782 14017 13969       17.44644624 2
16783 13392 13617       14.89745741 2
16784 13392 13617       19.53206187 1
16785 14691 14337       16.56192503 1
16786 14691 14337       16.74103735 2
16787 14804 13788       29.48137630 1
16788 14804 13788       19.30786933 2
16789 14878 13977       23.54980392 1
16790 14878 13977       19.76466882 2
16791 14170 14374       17.48726499 2
16792 14170 14374       19.41503320 2
16793 14159 14067       23.07396603 2
16794 14159 14067       29.22334131 1
16795 13900 13578       22.80256712 2
16796 13900 13578       23.90035134 1
16797 13920 14032       22.55774520 2
16798 13920 14032       22.57119019 1
16799 13583 13481       17.42909982 2
16800 13583 13481       16.43211298 2
16801 13786 13153       21.42919425 2
16802 13786 13153       21.91524555 2
16803 14379 14786       22.59854413 2
16804 14379 14786       18.59461412 2
16805 13470 14242       22.94471436 2
16806 13470 14242       27.79784830 2
16807 13210 14797       28.88439858 1
16808 13210 14797       40.43361754 1
16809 14774 13629       22.78501888 2
16810 14774 13629       24.14588521 1
16811 13216 13193       24.65297208 2
16812 13216 13193       26.65097142 2
16813 13411 14262       37.21325340 2
16814 13411 14262       34.29796137 2
16815 14524 13158       21.64137121 1
16816 14524 13158       19.47938286 2
16817 15085 13955       26.68440805 2
16818 15085 13955       25.22178186 2
16819 14159 15034       22.36978491 2
16820 14159 15034       23.01179353 2
16821 15085 13533       12.42346676 2
16822 15085 13533       14.01715522 2
16823 14615 14073       16.95758745 1
16824 14615 14073       17.33037769 2
16825 14744 13858       18.01903096 2
16826 14744 13858       19.27666386 2
16827 14744 14474       18.10614275 2
16828 14744 14474       14.96427004 1
16829 14017 14433       21.96877721 2
16830 14017 14433       21.87571710 2
16831 13524 13838       24.69929522 2
16832 13524 13838       23.17446128 2
16833 14892 13495       27.86998261 2
16834 14892 13495       28.81771537 1
16835 13886 14997       17.37392303 2
16836 13886 14997       12.14236243 2
16837 13566 14563       15.65354414 2
16838 13566 14563       18.66289735 2
16839 13666 14879       22.98742884 2
16840 13666 14879       23.49968673 1
16841 14462 14147       23.64733642 2
16842 14462 14147       27.66343323 1
16843 13867 15082       21.72172128 2
16844 13867 15082       22.27109042 1
16845 13410 14296       33.66329692 2
16846 13410 14296       35.53111932 2
16847 14123 14514       27.92209471 1
16848 14123 14514       33.35784477 2
16849 14909 14640       22.18857402 2
16850 14909 14640       21.78140533 2
16851 13281 14887       20.54118981 2
16852 13281 14887       22.06391740 1
16853 13772 14307       21.32217293 2
16854 13772 14307       26.89744828 2
16855 14108 15008       20.90796850 2
16856 14108 15008       23.34629465 2
16857 14035 13581       17.22987167 2
16858 14035 13581       26.99294473 2
16859 14933 13192       20.41396943 2
16860 14933 13192       23.83786111 2
16861 14933 14884       21.16539730 2
16862 14933 14884       12.80252429 2
16863 13281 14628       30.74976359 2
16864 13281 14628       32.66972006 1
16865 14908 14154       21.62355014 1
16866 14908 14154       26.95597382 2
16867 14273 14343       21.63420166 2
16868 14273 14343       19.46402355 2
16869 14252 14289       12.31033014 2
16870 14252 14289       13.52484373 2
16871 14356 14294       19.67259984 2
16872 14356 14294       21.99290042 2
16873 13447 14593       18.26606965 2
16874 13447 14593       19.31638400 2
16875 14933 13654       21.04932474 2
16876 14933 13654       27.71931788 2
16877 13164 14305       27.30482069 2
16878 13164 14305       31.15725375 2
16879 14940 14792       26.33452106 1
16880 14940 14792       25.88662470 2
16881 15085 13532       26.87994601 2
16882 15085 13532       28.39219818 1
16883 14691 14752       24.46259061 2
16884 14691 14752       23.82304014 2
16885 13447 14664       17.32408786 1
16886 13447 14664       19.16321674 1
16887 14286 15055       23.16365047 2
16888 14286 15055       24.30741468 1
16889 14940 13762       20.29075520 2
16890 14940 13762       23.91071810 2
16891 13418 14038       26.60942628 1
16892 13418 14038       25.25919607 2
16893 14909 13173       30.83207927 1
16894 14909 13173       38.13755433 1
16895 13772 13588       27.16513415 1
16896 13772 13588       25.82900855 2
16897 14462 13270       27.47957763 2
16898 14462 13270       23.86895736 2
16899 13812 13735       27.46707801 2
16900 13812 13735       25.52803468 2
16901 14864 14761       29.06451005 1
16902 14864 14761       23.22888516 2
16903 13807 14942       20.12956093 2
16904 13807 14942       26.42578131 1
16905 14286 13526       26.23213081 2
16906 14286 13526       28.95466675 1
16907 15085 14325       22.67522735 1
16908 15085 14325       24.34515094 1
16909 14940 14012       31.66423187 1
16910 14940 14012       27.95372004 2
16911 13470 13338       13.33219750 2
16912 13470 13338       10.43079997 2
16913 13901 13441       32.97009252 2
16914 13901 13441       33.67085350 2
16915 14228 13335       17.50731651 2
16916 14228 13335       19.26354812 2
16917 13939 13283       17.61557935 2
16918 13939 13283       17.56608275 2
16919 14462 14614       32.79779667 2
16920 14462 14614       30.28778861 2
16921 14142 13251       18.96850025 2
16922 14142 13251       20.71065304 2
16923 14348 14400       21.96407755 2
16924 14348 14400       28.34615278 2
16925 14228 13696       22.04584337 2
16926 14228 13696       22.33484805 2
16927 14722 13231       18.78825029 1
16928 14722 13231       18.26502049 2
16929 14591 13315       30.10311249 1
16930 14591 13315       16.37851243 2
16931 14878 14053       22.68697296 2
16932 14878 14053       24.01255621 2
16933 14286 13351       24.14525406 1
16934 14286 13351       22.76791764 2
16935 14892 14069       23.70803364 2
16936 14892 14069       24.30658176 1
16937 14774 14410       19.32374676 1
16938 14774 14410       17.71318334 2
16939 13392 15097       14.49413420 1
16940 13392 15097       10.21557760 2
16941 14170 13211       17.28368212 2
16942 14170 13211       16.31331325 2
16943 13470 13950       17.90935915 2
16944 13470 13950       16.70927542 2
16945 14524 14201       14.00738444 2
16946 14524 14201       12.38764754 2
16947 14902 15018       23.74317468 2
16948 14902 15018       23.89210032 1
16949 14616 14055       20.92014286 2
16950 14616 14055       24.18046371 2
16951 13410 14588       22.72224431 1
16952 13410 14588       20.97031591 1
16953 14590 14220       26.52976893 2
16954 14590 14220       27.28363875 2
16955 13631 14041       22.06383133 2
16956 13631 14041       26.67161324 2
16957 14737 14621       15.37066676 2
16958 14737 14621       15.10986000 1
16959 15024 14132       28.55345151 1
16960 15024 14132       30.36739585 1
16961 13786 13555       20.98239463 2
16962 13786 13555       15.90414908 1
16963 13647 13642       11.21030752 2
16964 13647 13642       17.19825181 1
16965 14744 13857       21.53680555 2
16966 14744 13857       17.77276828 2
16967 13439 14629       27.52965759 2
16968 13439 14629       23.44672877 2
16969 13320 13329       9.82013213 2
16970 13320 13329       10.21538208 2
16971 14591 14623       14.86173737 2
16972 14591 14623       17.26694726 1
16973 13772 14308       25.71475404 2
16974 13772 14308       26.89877375 2
16975 14908 13510       25.90734664 2
16976 14908 13510       25.45913795 2
16977 13786 13154       17.83599718 2
16978 13786 13154       20.20379911 2
16979 14550 14066       27.47948319 2
16980 14550 14066       19.31662779 1
16981 14970 14033       17.11450181 2
16982 14970 14033       20.79161724 2
16983 13786 14507       15.72119561 1
16984 13786 14507       21.41656269 2
16985 14993 14901       16.91054356 2
16986 14993 14901       14.82295783 1
16987 14902 14560       25.38429899 2
16988 14902 14560       25.40551045 2
16989 14159 14199       17.10252716 2
16990 14159 14199       14.90426465 2
16991 14550 14402       22.60561253 1
16992 14550 14402       29.26887710 2
16993 13410 14483       27.93943264 2
16994 13410 14483       27.22425690 2
16995 13392 14867       8.90656333 2
16996 13392 14867       11.60767511 2
16997 14966 13235       27.37565410 2
16998 14966 13235       23.20103152 2
16999 14751 14529       23.04779169 1
17000 14751 14529       28.79122826 2
17001 14616 14988       18.62641180 2
17002 14616 14988       18.65310004 2
17003 14722 14419       21.33879210 2
17004 14722 14419       19.60741630 2
17005 14108 13113       23.50509170 2
17006 14108 13113       23.16646514 1
17007 13320 13720       20.27231578 2
17008 13320 13720       14.13197384 2
17009 14681 14653       19.99252164 2
17010 14681 14653       16.11650719 2
17011 13867 14548       24.79451795 2
17012 13867 14548       15.91384969 2
17013 15085 13576       31.70109816 2
17014 15085 13576       24.10656354 2
17015 14774 14339       16.73103256 2
17016 14774 14339       18.56366497 2
17017 13568 14946       14.15084373 2
17018 13568 14946       9.88806377 1
17019 14909 13738       29.70595685 2
17020 14909 13738       27.43339883 2
17021 14890 13558       19.08513045 2
17022 14890 13558       15.23920852 2
17023 13812 14925       18.64372342 1
17024 13812 14925       16.78189828 2
17025 14138 13591       24.94198568 2
17026 14138 13591       24.59553749 1
17027 13293 14766       15.15854743 2
17028 13293 14766       13.66586961 2
17029 15024 13923       26.57710024 1
17030 15024 13923       29.33441446 2
17031 13885 14935       23.65812340 2
17032 13885 14935       30.55585553 2
17033 14590 13560       30.10697792 2
17034 14590 13560       30.95671340 2
17035 14170 14973       30.51743256 2
17036 14170 14973       25.82249440 2
17037 14864 14014       21.71190709 2
17038 14864 14014       25.17824875 1
17039 14892 14047       17.00019955 2
17040 14892 14047       20.59670620 1
17041 15024 13709       20.25687673 2
17042 15024 13709       23.67489561 2
17043 13470 14672       21.18303530 1
17044 13470 14672       21.04406298 1
17045 14966 13728       20.67210157 2
17046 14966 13728       25.52746462 2
17047 14774 14965       27.61842969 2
17048 14774 14965       20.52876000 2
17049 14228 14566       24.82331924 1
17050 14228 14566       20.57642471 2
17051 14691 14007       8.68495773 2
17052 14691 14007       9.63887269 2
17053 14142 14428       17.38916275 2
17054 14142 14428       23.16782035 1
17055 14892 14222       27.61539808 2
17056 14892 14222       28.62073577 1
17057 14286 13754       16.70625992 2
17058 14286 13754       23.72353702 1
17059 13901 13763       29.82221640 2
17060 13901 13763       28.71290373 1
17061 13885 14176       22.94092814 2
17062 13885 14176       25.08872987 2
17063 14286 14815       27.22214153 2
17064 14286 14815       24.19540170 2
17065 13920 14663       27.35951869 2
17066 13920 14663       27.41118530 2
17067 13750 13412       32.50896191 1
17068 13750 13412       39.94785689 2
17069 14443 13339       21.97754327 1
17070 14443 13339       20.77521487 1
17071 13964 14717       23.62267896 2
17072 13964 14717       21.86303677 2
17073 14539 14320       28.71917405 2
17074 14539 14320       26.84571223 1
17075 14356 14436       21.51822369 2
17076 14356 14436       23.18791925 2
17077 14348 13409       31.10882624 2
17078 14348 13409       34.51668653 2
17079 13939 13915       22.68574793 2
17080 13939 13915       18.81143508 2
17081 14237 14126       22.68304006 2
17082 14237 14126       16.93293329 2
17083 13261 13405       26.85203152 2
17084 13261 13405       27.00967779 1
17085 14864 14609       34.50031495 1
17086 14864 14609       21.59597929 2
17087 14035 14561       21.88523584 2
17088 14035 14561       22.78028691 2
17089 14751 13594       17.15398340 2
17090 14751 13594       23.54412468 2
17091 14356 13639       22.57847613 2
17092 14356 13639       22.63848502 2
17093 13900 14129       28.39905376 2
17094 13900 14129       33.39202042 2
17095 13293 14699       18.76313288 2
17096 13293 14699       20.57366902 1
17097 14519 13804       27.23068628 2
17098 14519 13804       22.91937694 2
17099 13281 13245       20.69647419 2
17100 13281 13245       25.99064942 2
17101 16707 16035       25.07509633 2
17102 16707 16035       24.02148227 2
17103 16908 17065       23.40553607 2
17104 16908 17065       29.20073168 2
17105 16908 15786       22.97197455 1
17106 16908 15786       17.60338991 1
17107 16321 15652       22.63861527 2
17108 16321 15652       19.55686652 2
17109 16906 16846       36.38093632 2
17110 16906 16846       33.13758916 2
17111 15832 16154       19.55325575 1
17112 15832 16154       19.74989223 2
17113 16906 16759       29.55092948 2
17114 16906 16759       26.19197760 2
17115 15271 16261       31.41397114 2
17116 15271 16261       32.70174998 2
17117 15211 16388       31.26865598 2
17118 15211 16388       33.88595355 2
17119 16773 15274       25.16163788 2
17120 16773 15274       21.18538734 2
17121 16321 15877       23.11607758 2
17122 16321 15877       24.38030507 1
17123 15167 16118       26.30545548 2
17124 15167 16118       28.13598732 2
17125 16894 15516       34.19305217 1
17126 16894 15516       31.82365297 2
17127 15109 15971       32.66929556 2
17128 15109 15971       32.84983172 1
17129 15282 17073       30.17843963 2
17130 15282 17073       30.69738940 2
17131 16882 16827       22.30933513 2
17132 16882 16827       22.23499091 2
17133 16711 16278       27.38288166 2
17134 16711 16278       27.79968995 2
17135 15149 16825       18.95425021 1
17136 15149 16825       18.39290357 2
17137 15619 16813       35.97877269 1
17138 15619 16813       33.50793525 2
17139 16190 15687       22.04034930 2
17140 16190 15687       27.05560845 2
17141 16190 16691       27.84633414 2
17142 16190 16691       23.35987403 2
17143 16864 15698       19.20069746 2
17144 16864 15698       18.92831724 2
17145 15854 15642       25.03829118 2
17146 15854 15642       31.28928358 2
17147 15839 15307       33.38109246 2
17148 15839 15307       30.74391305 2
17149 17085 15316       30.99496659 1
17150 17085 15316       28.36276694 2
17151 16960 17010       24.06657194 2
17152 16960 17010       23.89050482 1
17153 16485 15221       23.35110443 2
17154 16485 15221       24.61297385 2
17155 15584 15404       17.67417300 2
17156 15584 15404       18.31643699 1
17157 15486 15721       24.70460512 1
17158 15486 15721       22.33060643 2
17159 16906 16212       28.22595234 1
17160 16906 16212       26.01537237 1
17161 15864 16850       29.53688256 2
17162 15864 16850       30.93229723 1
17163 15282 16923       28.38048746 2
17164 15282 16923       23.43631774 2
17165 15662 15339       35.43689487 1
17166 15662 15339       31.60145529 2
17167 16787 15431       28.80621437 2
17168 16787 15431       24.83641181 2
17169 16384 15819       23.96449652 2
17170 16384 15819       18.85497811 2
17171 16158 15558       40.83179457 2
17172 16158 15558       37.99984080 1
17173 15396 15115       12.12833843 2
17174 15396 15115       20.22593632 2
17175 16377 17020       20.70198886 2
17176 16377 17020       20.68802024 2
17177 15932 16026       28.96579575 2
17178 15932 16026       27.77622399 1
17179 16531 16838       20.84632739 2
17180 16531 16838       22.54025007 2
17181 16794 15890       26.52907781 2
17182 16794 15890       27.33143958 1
17183 16485 16859       25.36777945 2
17184 16485 16859       23.95208173 2
17185 17038 16180       26.36892701 2
17186 17038 16180       26.28645047 2
17187 16638 15657       22.77243979 2
17188 16638 15657       21.72481330 1
17189 16418 16165       27.58905036 2
17190 16418 16165       28.12692922 1
17191 16582 15461       30.95059128 1
17192 16582 15461       32.79044017 2
17193 16440 16090       28.38354927 2
17194 16440 16090       29.67867867 2
17195 16640 15138       31.13202155 1
17196 16640 15138       28.86809070 2
17197 15377 16626       27.26544467 2
17198 15377 16626       25.75593021 2
17199 16694 16424       18.56822514 2
17200 16694 16424       16.69048966 2
17201 16904 16504       20.86871298 2
17202 16904 16504       28.58637791 1
17203 16894 15997       31.16369143 1
17204 16894 15997       33.74865605 2
17205 15482 16512       24.37662876 1
17206 15482 16512       28.42684318 2
17207 15854 17037       25.15166692 2
17208 15854 17037       29.05033602 1
17209 15109 15468       27.56592566 2
17210 15109 15468       29.17226098 2
17211 15182 15262       33.22206037 1
17212 15182 15262       28.77888874 2
17213 16602 15924       22.09808353 2
17214 16602 15924       23.44104405 1
17215 15486 15672       24.03108890 2
17216 15486 15672       24.42972020 2
17217 16680 17097       29.71950404 2
17218 16680 17097       30.86887434 1
17219 15662 15911       27.89723253 2
17220 15662 15911       32.01006178 1
17221 16339 16266       26.63774402 2
17222 16339 16266       20.71853588 2
17223 16190 16041       25.95213291 2
17224 16190 16041       23.79257423 2
17225 16030 15989       20.15315873 2
17226 16030 15989       24.65993090 2
17227 17038 16754       32.97466503 1
17228 17038 16754       25.32406527 2
17229 15178 16476       32.97543281 2
17230 15178 16476       35.67667867 1
17231 16908 16314       14.54490218 1
17232 16908 16314       15.18318393 2
17233 15271 17001       22.34055281 2
17234 15271 17001       23.55311366 2
17235 16794 17090       27.51046808 2
17236 16794 17090       26.28889735 2
17237 16582 16687       33.36652760 2
17238 16582 16687       35.59868470 2
17239 15854 16792       31.00475129 1
17240 15854 16792       31.62268396 2
17241 15282 16451       34.47985974 2
17242 15282 16451       33.52812804 2
17243 16370 16076       20.51537951 2
17244 16370 16076       20.93463818 2
17245 16253 15322       35.56987989 2
17246 16253 15322       28.89443690 2
17247 16206 15375       28.88541568 2
17248 16206 15375       34.23227243 1
17249 15932 15445       25.07977435 2
17250 15932 15445       23.45205364 2
17251 15839 15553       35.45435319 2
17252 15839 15553       33.63161611 1
17253 16232 16631       15.62368501 2
17254 16232 16631       18.36279110 2
17255 15267 16472       28.77016420 1
17256 15267 16472       24.21706892 1
17257 15837 15927       24.95302704 2
17258 15837 15927       26.90483925 2
17259 16550 15684       16.07186345 2
17260 16550 15684       17.01925069 1
17261 16906 16040       23.50231479 2
17262 16906 16040       24.59241437 1
17263 16732 15775       24.85215411 2
17264 16732 15775       23.45321958 2
17265 16582 17075       32.49259855 1
17266 16582 17075       26.76106569 2
17267 16694 16992       28.70088357 2
17268 16694 16992       23.98720094 2
17269 16377 16031       9.44857212 2
17270 16377 16031       6.47752901 1
17271 16864 15231       29.26078928 1
17272 16864 15231       27.69537141 1
17273 16929 16925       23.72543704 1
17274 16929 16925       27.98821803 1
17275 15932 15333       20.84068539 2
17276 15932 15333       25.43653446 2
17277 16321 16658       24.72520985 2
17278 16321 16658       22.51145273 2
17279 16201 16683       21.73196108 2
17280 16201 16683       20.68719367 2
17281 16532 16700       22.76513073 2
17282 16532 16700       23.15577314 2
17283 16732 15717       28.23981675 1
17284 16732 15717       29.02368093 2
17285 16629 16570       14.02494940 2
17286 16629 16570       15.71580122 2
17287 15748 16340       30.99003066 2
17288 15748 16340       28.98242754 2
17289 16707 15936       22.56814997 2
17290 16707 15936       23.90615245 2
17291 16904 15419       30.36957024 2
17292 16904 15419       30.82408581 2
17293 15292 15668       25.12338304 1
17294 15292 15668       23.57990711 2
17295 16529 15780       21.15711121 1
17296 16529 15780       20.12680686 2
17297 15109 15975       24.22040531 2
17298 15109 15975       27.49960668 2
17299 16895 15547       28.82675799 2
17300 16895 15547       31.18804225 1
17301 16629 17059       21.49270693 2
17302 16629 17059       19.07556835 1
17303 16894 15593       28.07858734 1
17304 16894 15593       29.72581415 2
17305 15813 16231       31.15514856 2
17306 15813 16231       31.22306571 1
17307 16190 16963       17.16850919 2
17308 16190 16963       15.54880426 2
17309 15182 16581       34.37855821 2
17310 15182 16581       37.77392906 2
17311 16694 16559       19.23943557 1
17312 16694 16559       22.40298861 2
17313 15297 16260       29.58410188 1
17314 15297 16260       30.05255441 2
17315 16370 16129       27.95911341 1
17316 16370 16129       24.27372587 1
17317 17085 16917       27.91667584 2
17318 17085 16917       27.50624016 2
17319 16787 16205       31.00445075 1
17320 16787 16205       28.85933977 2
17321 16638 16618       28.99268979 1
17322 16638 16618       25.42445812 2
17323 15932 17022       21.87727280 2
17324 15932 17022       22.49732254 2
17325 16249 16616       26.92915502 2
17326 16249 16616       25.76318330 2
17327 16660 15922       35.55548930 2
17328 16660 15922       37.32234503 1
17329 15839 16518       27.28325968 1
17330 15839 16518       26.53292951 2
17331 16321 15878       21.84505452 2
17332 16321 15878       21.19872483 2
17333 15267 15665       25.44540908 2
17334 15267 15665       29.98391029 2
17335 16808 16073       33.53200150 1
17336 16808 16073       37.28359045 2
17337 15854 16799       29.27590948 1
17338 15854 16799       26.71082888 1
17339 15644 16566       29.06968448 2
17340 15644 16566       32.93159061 2
17341 15644 16753       38.55357855 2
17342 15644 16753       32.02799330 1
17343 15701 16356       22.63800968 2
17344 15701 16356       23.61707936 2
17345 16882 16284       26.55320066 2
17346 16882 16284       33.07346430 2
17347 15815 15250       36.34948988 1
17348 15815 15250       33.58998811 1
17349 15118 16411       17.65591166 2
17350 15118 16411       20.91548664 2
17351 16864 15450       27.54232851 1
17352 16864 15450       24.90144283 1
17353 15673 16293       27.34387871 1
17354 15673 16293       23.97081449 2
17355 16732 16127       29.36332748 2
17356 16732 16127       26.01827746 2
17357 15832 15237       25.06986605 2
17358 15832 15237       28.26444623 1
17359 16639 16499       32.90973550 1
17360 16639 16499       29.93004199 2
17361 15396 15873       22.89818197 1
17362 15396 15873       17.60672062 1
17363 15282 15298       30.18215475 2
17364 15282 15298       31.56499321 2
17365 16384 15695       24.12363057 1
17366 16384 15695       21.65241079 2
17367 15926 17051       14.98682676 2
17368 15926 17051       11.25940583 2
17369 16206 15125       24.64139231 2
17370 16206 15125       21.61081851 2
17371 17038 16853       22.98356177 2
17372 17038 16853       19.09358451 2
17373 15408 15598       26.68203345 2
17374 15408 15598       24.27778717 1
17375 15815 16806       36.88875823 2
17376 15815 16806       39.10407310 2
17377 16370 16861       21.57243691 2
17378 16370 16861       21.88244851 2
17379 16030 16833       25.37075592 2
17380 16030 16833       23.04645153 2
17381 15644 16686       27.17576301 2
17382 15644 16686       24.58298596 1
17383 16629 16636       12.02979150 2
17384 16629 16636       15.57376931 2
17385 15621 16303       18.76499025 2
17386 15621 16303       25.75044848 2
17387 16440 16449       18.14252068 1
17388 16440 16449       19.99722067 2
17389 16377 16490       8.78437132 1
17390 16377 16490       14.50218534 2
17391 16773 15969       31.10131979 2
17392 16773 15969       24.28112425 1
17393 17085 17100       28.77511262 2
17394 17085 17100       31.56084708 2
17395 16750 16105       25.58266434 2
17396 16750 16105       24.08358294 1
17397 16904 15996       27.17304201 2
17398 16904 15996       22.57011818 2
17399 15932 16651       33.92025599 2
17400 15932 16651       27.74600887 2
17401 17038 17080       21.70403747 2
17402 17038 17080       25.45995877 2
17403 15297 16468       21.10762002 1
17404 15297 16468       26.19298908 2
17405 15267 16605       25.63349258 2
17406 15267 16605       25.27513455 2
17407 15813 15111       36.22468910 1
17408 15813 15111       37.72789908 2
17409 16190 15313       27.00282349 1
17410 16190 15313       21.42346940 2
17411 15377 16831       27.57088018 2
17412 15377 16831       31.59396185 1
17413 15377 16214       30.13740710 2
17414 15377 16214       28.10216248 1
17415 15837 16014       20.69926210 2
17416 15837 16014       20.12395128 2
17417 15275 15479       19.75107861 2
17418 15275 15479       15.19644906 1
17419 16370 16880       23.34943904 2
17420 16370 16880       24.20601505 1
17421 16639 16275       27.14703113 2
17422 16639 16275       28.36669390 2
17423 16249 15958       26.81315819 1
17424 16249 15958       22.23658225 2
17425 16377 15750       17.39083963 1
17426 16377 15750       15.27046013 1
17427 15211 16539       35.39491711 2
17428 15211 16539       36.77120679 1
17429 16030 16803       19.68789579 2
17430 16030 16803       19.07291972 2
17431 15832 16334       28.61632849 2
17432 15832 16334       26.10506099 1
17433 16906 16845       29.87003330 2
17434 16906 16845       30.61361222 2
17435 16750 16106       21.20310468 2
17436 16750 16106       20.17781031 2
17437 16529 16000       13.64526381 2
17438 16529 16000       14.33707536 2
17439 15701 16324       24.75394614 2
17440 15701 16324       24.33897212 1
17441 16602 16995       18.72849729 2
17442 16602 16995       14.21135976 2
17443 15232 16781       16.94888953 2
17444 15232 16781       13.22945347 2
17445 16602 15757       24.39611381 1
17446 16602 15757       24.22947167 1
17447 15408 16561       21.13802745 1
17448 15408 16561       23.98644819 2
17449 16864 16731       29.58825957 2
17450 16864 16731       26.43110982 2
17451 16173 16120       30.05060464 2
17452 16173 16120       29.59011919 2
17453 15621 15265       23.98250599 1
17454 15621 15265       19.58465127 1
17455 16452 16442       31.27337137 2
17456 16452 16442       24.98241011 1
17457 15271 16729       24.11093925 2
17458 15271 16729       25.51664324 2
17459 15149 16563       22.38191473 2
17460 15149 16563       19.70535480 2
17461 15837 16502       27.29387301 1
17462 15837 16502       24.26256402 1
17463 16680 16286       22.28825528 2
17464 16680 16286       25.86785678 2
17465 17058 16521       28.62413803 1
17466 17058 16521       28.99846125 1
17467 15109 15723       28.63007506 2
17468 15109 15723       28.46564859 1
17469 15178 16837       20.38282703 2
17470 15178 16837       17.84040317 2
17471 15109 16274       30.36311023 2
17472 15109 16274       31.49156145 1
17473 16158 15511       33.95454099 2
17474 16158 15511       33.54921656 2
17475 16807 16809       27.95172778 2
17476 16807 16809       25.29073210 2
17477 16531 16608       14.69268375 2
17478 16531 16608       11.32278682 1
17479 16488 16498       21.18882306 2
17480 16488 16498       22.04365814 2
17481 16750 17030       26.25179146 2
17482 16750 17030       27.49963041 1
17483 15748 16579       19.74871704 1
17484 15748 16579       18.62548530 2
17485 15644 16465       23.49692777 1
17486 15644 16465       26.46570226 2
17487 16808 16649       33.52211948 2
17488 16808 16649       33.39035716 1
17489 16249 16743       22.25601865 2
17490 16249 16743       22.61849079 2
17491 15396 15848       19.90906946 1
17492 15396 15848       25.61715788 2
17493 16529 15161       25.38715349 2
17494 16529 15161       22.93656316 2
17495 16558 16725       22.83916394 2
17496 16558 16725       25.28944313 2
17497 15267 15172       23.46853172 1
17498 15267 15172       24.74450720 2
17499 16906 16039       26.34079460 2
17500 16906 16039       28.36073664 1
17501 15267 15383       31.50470613 2
17502 15267 15383       31.30065202 2
17503 16384 16780       21.70111648 2
17504 16384 16780       19.70029987 1
17505 16485 15444       27.19672967 2
17506 16485 15444       23.90718711 2
17507 16894 16100       29.21289351 1
17508 16894 16100       29.65517807 2
17509 16249 15745       25.96286918 1
17510 16249 15745       25.22319270 2
17511 16660 16312       39.11450308 1
17512 16660 16312       38.11240625 1
17513 16173 16475       36.76775095 2
17514 16173 16475       32.21080865 2
17515 16895 17008       20.77527501 2
17516 16895 17008       21.72777314 2
17517 15482 15807       30.11169401 2
17518 15482 15807       28.66107303 2
17519 17043 15362       20.59116096 1
17520 17043 15362       22.04365142 2
17521 16206 16905       31.76373500 1
17522 16206 16905       26.57235521 2
17523 16173 15490       29.49828114 1
17524 16173 15490       29.08614981 2
17525 16640 16984       27.24145937 1
17526 16640 16984       27.05308336 2
17527 15619 16219       23.59529787 2
17528 15619 16219       20.00627096 2
17529 15292 16653       22.35329106 2
17530 15292 16653       19.58185049 2
17531 16794 16873       23.35716813 1
17532 16794 16873       20.72226497 2
17533 16173 15145       22.89283700 2
17534 16173 15145       24.13855233 2
17535 15232 15385       19.95102915 2
17536 15232 15385       19.62733834 2
17537 15486 15934       25.59409296 2
17538 15486 15934       30.30063597 2
17539 16440 16338       20.96319449 1
17540 16440 16338       27.52991176 2
17541 16253 15722       34.10770035 2
17542 16253 15722       29.47357875 1
17543 15662 15180       25.19197523 1
17544 15662 15180       22.08495664 2
17545 15815 15801       39.97230697 1
17546 15815 15801       39.35147982 2
17547 16485 17071       26.56017688 2
17548 16485 17071       27.65607142 2
17549 15864 16409       31.53027850 2
17550 15864 16409       35.17267113 2
17551 16190 15688       24.80824777 1
17552 16190 15688       26.55254862 1
17553 16639 16369       28.45703218 2
17554 16639 16369       26.02499981 2
17555 15486 16900       23.38816541 2
17556 15486 16900       22.51885384 2
17557 15297 15434       24.88624738 2
17558 15297 15434       26.41527784 2
17559 16582 15477       32.25789254 1
17560 16582 15477       30.05903648 2
17561 16882 15289       20.35042270 1
17562 16882 15289       25.97999383 2
17563 15584 16218       26.83520603 2
17564 15584 16218       27.91529626 2
17565 15748 16811       34.67522083 2
17566 15748 16811       28.99672113 2
17567 16339 15380       19.22384471 2
17568 16339 15380       16.48972613 1
17569 15366 16034       20.50715125 2
17570 15366 16034       15.00364266 2
17571 16582 15462       29.71361912 1
17572 16582 15462       30.42143587 2
17573 15232 16863       27.40005389 2
17574 15232 16863       28.50495104 2
17575 16834 15606       28.03558185 2
17576 16834 15606       27.34806326 2
17577 16732 17014       21.10044882 2
17578 16732 17014       23.54223047 2
17579 16904 16273       20.06397821 2
17580 16904 16273       20.85293799 2
17581 15408 15737       19.21788147 2
17582 15408 15737       20.96522378 2
17583 16507 15674       25.32378266 2
17584 16507 15674       31.35925134 1
17585 15621 15414       24.75783454 2
17586 15621 15414       24.57574876 1
17587 15866 15880       17.26665170 2
17588 15866 15880       9.51802554 2
17589 16232 16464       13.19612161 1
17590 16232 16464       19.27718440 2
17591 16577 17094       32.41957551 2
17592 16577 17094       32.51575519 2
17593 15926 16877       25.16710639 2
17594 15926 16877       23.52659283 2
17595 15926 15521       22.87691275 2
17596 15926 15521       24.50845382 1
17597 15701 16357       19.82481331 2
17598 15701 16357       18.33719259 2
17599 15813 16227       36.69266607 2
17600 15813 16227       33.95309633 1
17601 16711 16940       13.02917266 2
17602 16711 16940       17.10177375 2
17603 16452 16748       30.63274444 1
17604 16452 16748       33.88776963 1
17605 16370 16081       27.20871024 1
17606 16370 16081       29.22053493 2
17607 15837 16430       25.70055745 2
17608 15837 16430       23.19459904 2
17609 16794 15330       29.69142318 1
17610 16794 15330       30.44894354 2
17611 15903 16029       22.60194962 1
17612 15903 16029       23.62918157 2
17613 15211 16619       34.55640572 2
17614 15211 16619       32.64503014 2
17615 16206 17088       28.33365930 2
17616 16206 17088       29.35810343 1
17617 16906 15398       26.90197605 2
17618 16906 15398       26.34689240 2
17619 15232 16966       21.57016516 1
17620 15232 16966       23.06099693 2
17621 16232 15637       18.81171110 2
17622 16232 15637       22.05952987 2
17623 15271 15196       23.92477712 2
17624 15271 15196       22.09811395 2
17625 16418 15243       19.41441244 2
17626 16418 15243       18.00470638 1
17627 15854 16871       25.15457660 2
17628 15854 16871       27.54058906 2
17629 16807 16740       27.69128827 2
17630 16807 16740       32.93630264 2
17631 16418 16934       19.85798726 1
17632 16418 16934       19.67506473 2
17633 16980 15497       16.12788033 2
17634 16980 15497       19.00909174 2
17635 16206 15152       21.67396231 2
17636 16206 15152       27.20348827 2
17637 16558 15697       12.24076020 1
17638 16558 15697       15.63359293 2
17639 15926 16385       24.63250564 2
17640 15926 16385       22.55919427 1
17641 15864 15227       32.26084771 2
17642 15864 15227       32.62100137 2
17643 15377 16857       21.42762742 1
17644 15377 16857       21.62123350 1
17645 15408 16419       24.09093776 2
17646 15408 16419       24.65249920 2
17647 16532 15634       20.04369949 2
17648 16532 15634       18.93720261 2
17649 16529 16641       17.63156372 2
17650 16529 16641       19.28947461 1
17651 16660 15309       33.41896106 1
17652 16660 15309       33.60980710 2
17653 16529 16510       17.41574105 1
17654 16529 16510       22.06940110 2
17655 16558 15449       19.52728011 2
17656 16558 15449       19.15024778 1
17657 15584 15818       25.98565559 2
17658 15584 15818       21.55838056 2
17659 16321 15215       21.40727640 2
17660 16321 15215       23.52246576 2
17661 15808 15952       22.77322879 2
17662 15808 15952       24.89841513 2
17663 16030 15576       29.84584299 1
17664 16030 15576       29.57783007 1
17665 16773 16046       23.63948409 2
17666 16773 16046       26.35637909 2
17667 15211 16048       35.29383363 1
17668 15211 16048       38.21618780 2
17669 16558 16693       25.25355592 2
17670 16558 16693       24.51674494 2
17671 16707 16684       21.65927034 2
17672 16707 16684       23.13512145 1
17673 15178 16763       25.91887973 2
17674 15178 16763       27.45810883 2
17675 17038 15792       22.94981923 2
17676 17038 15792       20.10642869 2
17677 17043 16662       17.57732249 2
17678 17043 16662       19.23575051 2
17679 16629 16922       17.19949321 2
17680 16629 16922       20.39040311 2
17681 15149 16322       24.06678173 2
17682 15149 16322       26.24512498 1
17683 15297 16467       27.13588754 2
17684 15297 16467       22.79246529 2
17685 16602 16884       27.33272344 2
17686 16602 16884       24.17294326 2
17687 16452 15281       21.37712651 1
17688 16452 15281       19.96639697 1
17689 16908 16751       30.79582613 1
17690 16908 16751       31.68102533 2
17691 15167 16117       32.86778375 1
17692 15167 16117       27.29028817 2
17693 15866 15843       14.82035811 2
17694 15866 15843       10.11386806 1
17695 15839 16870       22.36560754 2
17696 15839 16870       21.59081681 2
17697 16234 15337       20.77844252 1
17698 16234 15337       24.96038848 2
17699 15275 16138       21.33567066 2
17700 15275 16138       21.99166485 1
17701 16638 16395       33.92041163 1
17702 16638 16395       26.83058125 2
17703 16904 15643       18.91940092 1
17704 16904 15643       22.98258642 1
17705 15839 15528       33.45866567 2
17706 15839 15528       28.92072824 2
17707 16507 16007       28.30847670 2
17708 16507 16007       29.75744482 2
17709 15282 15764       28.25495161 2
17710 15282 15764       28.37384578 2
17711 15232 16782       17.11789122 1
17712 15232 16782       18.91345976 2
17713 17085 15104       32.28038550 2
17714 17085 15104       32.05593132 1
17715 15275 16516       26.44845538 2
17716 15275 16516       28.84392581 2
17717 16980 16318       20.14258118 2
17718 16980 16318       16.51442384 2
17719 16707 16913       33.06204973 1
17720 16707 16913       26.42914511 2
17721 15748 15630       31.42472693 1
17722 15748 15630       30.08674016 2
17723 15619 15139       18.57012753 2
17724 15619 15139       24.64207389 2
17725 15118 15312       22.61815851 2
17726 15118 15312       21.37697671 1
17727 15366 16671       20.12264995 2
17728 15366 16671       22.87730027 2
17729 16253 15321       36.68524022 2
17730 16253 15321       33.37124887 2
17731 16384 15451       32.39592462 1
17732 16384 15451       29.52743329 2
17733 15271 16425       23.25391212 1
17734 15271 16425       21.48600354 2
17735 16321 16692       26.05993736 2
17736 16321 16692       30.79026979 2
17737 16452 15169       16.68887328 2
17738 16452 15169       25.89459629 1
17739 16895 15509       22.24555425 1
17740 16895 15509       21.08438266 1
17741 16602 15428       27.85664582 2
17742 16602 15428       28.19883393 2
17743 16640 16103       27.95475622 2
17744 16640 16103       19.60542355 2
17745 16485 16866       31.44460895 2
17746 16485 16866       33.21844027 1
17747 15167 16779       34.49139734 1
17748 15167 16779       33.38831883 2
17749 16234 16108       25.25179380 1
17750 16234 16108       23.77125637 1
17751 15854 17033       36.65328189 1
17752 15854 17033       33.42094887 2
17753 15864 15767       26.09194815 1
17754 15864 15767       26.92658724 2
17755 16629 16453       26.57260151 2
17756 16629 16453       29.23909273 2
17757 16960 16706       24.95413383 2
17758 16960 16706       26.02546504 2
17759 16529 16627       25.47228182 2
17760 16529 16627       29.10898219 2
17761 16339 16151       16.63060681 2
17762 16339 16151       20.53394272 1
17763 16750 15896       27.62108149 2
17764 16750 15896       21.96836262 2
17765 16929 15830       31.37551397 2
17766 16929 15830       31.11781220 1
17767 16418 16267       15.70539198 2
17768 16418 16267       16.42208717 2
17769 16582 15609       29.43902838 2
17770 16582 15609       33.92764610 2
17771 16339 16342       24.87514610 2
17772 16339 16342       28.31416895 1
17773 15926 16878       30.83940872 2
17774 15926 16878       26.93119235 2
17775 15118 16874       14.97078478 2
17776 15118 16874       16.43480182 2
17777 16030 15960       30.27867182 2
17778 16030 15960       30.49682985 2
17779 15903 16156       20.90554172 1
17780 15903 16156       21.00504221 2
17781 15837 16762       23.33336945 2
17782 15837 16762       21.16989624 1
17783 16452 15629       24.20598014 2
17784 16452 15629       27.60762318 1
17785 16249 16444       28.01790848 1
17786 16249 16444       21.23877442 2
17787 15396 16856       20.54772562 2
17788 15396 16856       22.99348578 2
17789 16158 16083       26.88520020 2
17790 16158 16083       26.20567647 1
17791 15377 16797       31.02887746 2
17792 15377 16797       25.34879417 2
17793 16640 17047       31.06176063 1
17794 16640 17047       32.58217253 1
17795 15182 16371       30.35597344 2
17796 15182 16371       33.88042575 2
17797 15621 15913       31.62898351 2
17798 15621 15913       28.11737357 1
17799 16750 16308       19.04606946 2
17800 16750 16308       22.58730760 2
17801 16577 16744       26.84130460 2
17802 16577 16744       22.63518720 2
17803 16488 15615       18.73577885 2
17804 16488 15615       22.34450683 2
17805 16929 15751       34.30055312 2
17806 16929 15751       25.90754692 2
17807 15584 16802       24.75796352 1
17808 15584 16802       25.89254387 2
17809 16582 16688       32.74218232 2
17810 16582 16688       31.81879760 1
17811 16531 16160       25.28432570 1
17812 16531 16160       21.15583054 1
17813 16529 15999       18.28508181 2
17814 16529 15999       22.82229410 2
17815 15832 16177       23.51261546 2
17816 15832 16177       26.46722355 2
17817 16532 15570       24.22700078 1
17818 16532 15570       26.57381414 2
17819 16577 16912       21.49881058 2
17820 16577 16912       18.58732854 2
17821 16558 15733       18.02271870 1
17822 16558 15733       23.96600917 2
17823 15366 16672       21.23178696 1
17824 15366 16672       22.92932640 2
17825 15808 16392       24.40941555 2
17826 15808 16392       29.17897378 2
17827 15178 16366       20.65612535 1
17828 15178 16366       25.20046844 1
17829 16532 15608       19.32400882 2
17830 16532 15608       22.75702054 2
17831 17085 15103       31.36469724 2
17832 17085 15103       31.76959090 2
17833 17038 17079       24.67020047 2
17834 17038 17079       26.24378882 2
17835 16694 15947       24.12431360 1
17836 16694 15947       20.43486946 1
17837 16787 16350       25.36716421 2
17838 16787 16350       21.77470056 1
17839 15808 16624       20.76628794 2
17840 15808 16624       20.99142326 2
17841 16694 15907       20.86812304 1
17842 16694 15907       19.13017143 1
17843 16384 15762       24.44025281 2
17844 16384 15762       24.38950818 1
17845 16680 16198       23.16541106 2
17846 16680 16198       25.66577274 1
17847 16321 15407       29.62523434 2
17848 16321 15407       24.96629980 2
17849 15211 16013       27.01700150 2
17850 15211 16013       29.11094927 2
17851 16234 16533       30.07215813 1
17852 16234 16533       33.33586635 2
17853 16640 17048       23.83366770 2
17854 16640 17048       23.75067151 2
17855 15182 16848       36.36447389 2
17856 15182 16848       37.38861934 2
17857 15167 15938       32.02585074 2
17858 15167 15938       31.60710606 1
17859 15211 16530       24.88871395 2
17860 15211 16530       24.41324776 2
17861 15673 15587       18.02199879 2
17862 15673 15587       18.16068370 2
17863 16639 16664       29.07197904 1
17864 16639 16664       27.68252010 2
17865 16370 16890       23.03331925 2
17866 16370 16890       20.55853523 1
17867 16173 16591       28.95440258 2
17868 16173 16591       29.95119809 2
17869 16577 16320       35.49726724 2
17870 16577 16320       33.93705472 1
17871 16232 15303       19.17114315 1
17872 16232 15303       17.04528802 2
17873 15813 15197       29.47161057 2
17874 15813 15197       33.46729909 1
17875 16173 15128       25.42176433 2
17876 16173 15128       28.10882926 2
17877 15118 15311       15.01934731 2
17878 15118 15311       16.24342109 2
17879 15621 15571       14.66239378 2
17880 15621 15571       18.15297319 2
17881 16750 15901       16.72470606 2
17882 16750 15901       16.29879964 2
17883 15182 15244       31.08687346 2
17884 15182 15244       32.82273486 2
17885 15584 16233       28.91421057 2
17886 15584 16233       27.67533885 2
17887 16882 16283       29.45284738 2
17888 16882 16283       29.12480908 2
17889 15118 15142       24.89405431 2
17890 15118 15142       22.14107616 2
17891 15275 16679       23.47009148 1
17892 15275 16679       22.45364236 2
17893 16030 17068       32.96789392 2
17894 16030 17068       34.14419395 1
17895 16908 16943       20.21881746 2
17896 16908 16943       22.99302969 1
17897 17058 15967       22.41056119 2
17898 17058 15967       21.73955057 2
17899 16787 16987       27.67352578 2
17900 16787 16987       29.07613504 2
17901 16732 15291       29.57066845 1
17902 16732 15291       27.96049994 2
17903 16582 16858       34.96351080 1
17904 16582 16858       32.17833138 1
17905 15813 16016       35.33642396 2
17906 15813 16016       31.74303110 1
17907 15482 16196       20.22722829 2
17908 15482 16196       24.68874441 2
17909 15903 16738       26.18199859 2
17910 15903 16738       29.17235629 2
17911 16894 15831       26.10315350 2
17912 16894 15831       25.17210242 2
17913 16531 17053       17.79434530 2
17914 16531 17053       19.27659452 2
17915 15673 16084       22.56720335 2
17916 15673 16084       17.99237866 2
17917 16794 15465       22.06113731 2
17918 16794 15465       24.35671878 1
17919 15109 15972       27.92022908 2
17920 15109 15972       30.46998742 1
17921 15584 16767       18.96344921 1
17922 15584 16767       22.93261497 1
17923 15167 16835       33.47501445 2
17924 15167 16835       32.99792910 1
17925 15619 16167       23.47553472 1
17926 15619 16167       23.15647218 2
17927 15275 16113       15.38693875 2
17928 15275 16113       15.50158722 2
17929 16629 16135       17.59551197 1
17930 16629 16135       18.05188659 2
17931 16908 16944       19.08350077 2
17932 16908 16944       15.63231858 2
17933 16864 17072       27.03585573 2
17934 16864 17072       24.20727427 2
17935 15864 15834       32.61875770 2
17936 15864 15834       33.91311114 2
17937 15619 16220       19.68801961 2
17938 15619 16220       17.56355832 2
17939 17043 16145       20.17569633 1
17940 17043 16145       20.30254767 2
17941 16882 16172       28.74436106 1
17942 16882 16172       28.49081782 2
17943 16638 15758       24.53888239 2
17944 16638 15758       23.35578036 1
17945 16808 16020       31.10927795 2
17946 16808 16020       30.09137671 2
17947 15903 16698       27.83843129 2
17948 15903 16698       28.38155263 2
17949 17085 15315       31.02417578 2
17950 17085 15315       32.97936268 2
17951 16370 15352       22.81281939 2
17952 16370 15352       18.93924849 2
17953 15182 15203       36.34393342 2
17954 15182 15203       39.42476869 2
17955 16980 16770       19.05396743 2
17956 16980 16770       14.06953896 2
17957 15837 17015       22.22900346 2
17958 15837 17015       20.87893934 2
17959 16639 16689       29.76865175 2
17960 16639 16689       22.16933230 1
17961 17038 16974       26.58522592 2
17962 17038 16974       24.13049519 2
17963 15903 16230       24.52449441 1
17964 15903 16230       21.75454842 2
17965 15662 16540       33.03865419 2
17966 15662 16540       30.00543368 1
17967 15813 16477       35.48585877 2
17968 15813 16477       36.73922715 1
17969 16640 16716       22.36692415 2
17970 16640 16716       27.65818772 2
17971 15903 15429       29.65700309 1
17972 15903 15429       27.54978995 1
17973 16321 16142       24.91743424 1
17974 16321 16142       25.21406499 1
17975 16711 15191       25.62522773 2
17976 16711 15191       27.00844945 2
17977 16418 15727       24.50034149 2
17978 16418 15727       18.59537212 2
17979 16234 16055       24.07265455 2
17980 16234 16055       25.43332485 1
17981 16532 15335       21.72237088 1
17982 16532 15335       22.30250599 2
17983 15619 15931       29.23689797 2
17984 15619 15931       27.29016542 2
17985 16807 16398       28.36343211 1
17986 16807 16398       18.32637462 2
17987 15486 17091       21.39193471 2
17988 15486 17091       25.57850818 2
17989 16234 16771       23.46157454 1
17990 16234 16771       24.48948145 2
17991 17038 15810       15.47606204 2
17992 17038 15810       18.89725161 2
17993 15644 16169       27.37111809 2
17994 15644 16169       26.35396746 1
17995 15619 15838       31.62341126 1
17996 15619 15838       31.35751335 2
17997 15275 15507       24.51593539 1
17998 15275 15507       23.26257636 2
17999 16377 15759       16.59287675 2
18000 16377 15759       20.70644566 2
18001 16808 16074       32.13229747 2
18002 16808 16074       32.65755196 2
18003 16577 16363       23.51602184 2
18004 16577 16363       22.31918450 2
18005 15673 16330       25.59834445 1
18006 15673 16330       27.58546327 2
18007 15866 16341       27.17777240 1
18008 15866 16341       21.29311430 2
18009 15149 15457       17.28076442 2
18010 15149 15457       19.48856594 2
18011 16232 15238       19.50900999 2
18012 16232 15238       21.11393532 2
18013 16808 16397       32.51453525 1
18014 16808 16397       31.59325587 2
18015 16158 16389       34.95996979 1
18016 16158 16389       31.46569028 2
18017 16201 16399       29.40121768 2
18018 16201 16399       31.04701181 1
18019 16234 15596       25.81829963 1
18020 16234 15596       28.14484175 1
18021 15662 15670       30.01491473 2
18022 15662 15670       32.68789045 2
18023 15297 16148       32.43738057 1
18024 15297 16148       30.86340038 1
18025 15926 16176       17.00138601 2
18026 15926 16176       17.66132875 1
18027 16638 17077       33.18042395 1
18028 16638 17077       25.91184742 2
18029 16201 16536       27.84125720 2
18030 16201 16536       23.11284169 2
18031 16980 15358       17.52317586 2
18032 16980 15358       14.86496570 2
18033 15482 16096       22.88834789 2
18034 15482 16096       26.02577832 2
18035 16894 15602       34.72910742 1
18036 16894 15602       31.69655317 2
18037 16384 16733       22.63229169 1
18038 16384 16733       25.33213549 1
18039 16370 16010       21.98342578 1
18040 16370 16010       23.63994118 2
18041 16807 16622       17.64459952 2
18042 16807 16622       20.71536758 2
18043 16532 15992       24.96955973 2
18044 16532 15992       26.55944452 2
18045 16488 16495       29.72520447 1
18046 16488 16495       28.70392844 1
18047 16418 16919       25.46704286 2
18048 16418 16919       24.89563676 2
18049 15267 15624       21.62538209 2
18050 15267 15624       21.41789954 2
18051 15854 16872       28.45380175 2
18052 15854 16872       31.40804998 1
18053 15232 15300       22.10476916 2
18054 15232 15300       22.05922727 1
18055 16440 16899       24.49959197 2
18056 16440 16899       23.47248074 1
18057 15482 15279       21.94676014 2
18058 15482 15279       20.96789773 2
18059 16602 16058       22.77985134 2
18060 16602 16058       23.33239088 2
18061 16711 16699       28.05076115 2
18062 16711 16699       27.48111395 1
18063 15926 16071       15.29833744 2
18064 15926 16071       19.78627402 2
18065 15178 16017       28.77039782 2
18066 15178 16017       28.28769418 2
18067 15275 15480       16.60329103 2
18068 15275 15480       19.26427224 2
18069 15701 15157       18.08554072 2
18070 15701 15157       22.71482627 2
18071 15118 16902       16.16831759 2
18072 15118 16902       18.05980756 1
18073 16558 16285       23.66303486 2
18074 16558 16285       14.44088064 2
18075 15167 16056       28.50502911 1
18076 15167 16056       27.71888252 1
18077 16707 15579       18.59465722 2
18078 16707 15579       20.15512205 1
18079 16694 15948       23.08881290 2
18080 16694 15948       25.13819198 2
18081 15621 15491       23.08591395 2
18082 15621 15491       26.53342356 2
18083 15866 15956       18.20859558 2
18084 15866 15956       19.55912714 2
18085 16904 16503       20.75686034 2
18086 16904 16503       18.51672137 2
18087 17058 17045       21.15387241 1
18088 17058 17045       19.93715016 2
18089 15292 15540       22.20355217 1
18090 15292 15540       20.70153149 2
18091 15182 16316       34.72699825 1
18092 15182 16316       35.63500879 2
18093 15619 16814       28.19180986 2
18094 15619 16814       31.49365498 1
18095 16960 15803       34.16578434 2
18096 16960 15803       30.37004844 2
18097 16906 16678       28.99981064 2
18098 16906 16678       28.83077548 1
18099 16929 16596       30.53943314 2
18100 16929 16596       32.55529166 2
18101 15837 16429       23.09676843 2
18102 15837 16429       27.30692941 1
18103 15673 16390       24.31991584 2
18104 15673 16390       23.73046420 2
18105 16232 16348       18.73490471 2
18106 16232 16348       18.15271491 2
18107 16377 16192       13.83683608 1
18108 16377 16192       18.83550004 1
18109 16638 17009       24.54018315 2
18110 16638 17009       25.32398908 2
18111 16550 16826       18.44003308 2
18112 16550 16826       21.12093425 2
18113 16550 16189       16.54154222 2
18114 16550 16189       15.76846605 2
18115 16488 15390       23.16276748 2
18116 16488 15390       19.66567851 2
18117 17058 16932       25.59010332 1
18118 17058 16932       22.29503087 2
18119 17043 16981       17.47504387 1
18120 17043 16981       14.56250169 2
18121 15271 15590       26.26617809 2
18122 15271 15590       25.67154331 2
18123 15232 16381       21.52219503 2
18124 15232 16381       22.52151889 2
18125 16558 15543       26.19372933 2
18126 16558 15543       23.42001012 2
18127 16629 16520       23.31737166 2
18128 16629 16520       26.20591535 1
18129 16660 15310       27.20978234 1
18130 16660 15310       29.13600739 1
18131 16507 16702       22.00913519 2
18132 16507 16702       27.84963775 2
18133 15408 16226       29.42099315 2
18134 15408 16226       27.27001407 2
18135 16694 15618       24.13610751 1
18136 16694 15618       17.86073292 2
18137 16638 17061       22.61543393 2
18138 16638 17061       29.13431414 1
18139 15275 15406       23.39873376 2
18140 15275 15406       22.45644299 1
18141 16582 15478       31.19848468 1
18142 16582 15478       29.81096206 1
18143 16201 16131       23.80135700 2
18144 16201 16131       23.54540547 2
18145 15839 16386       27.73666710 1
18146 15839 16386       30.35091091 1
18147 16558 16717       18.79114817 2
18148 16558 16717       17.59316416 2
18149 15486 17035       32.51117141 2
18150 15486 17035       31.12243895 1
18151 16834 15328       27.38246312 2
18152 16834 15328       22.35009329 1
18153 16321 15725       20.86176815 1
18154 16321 15725       20.04913092 2
18155 16488 16632       18.41256444 2
18156 16488 16632       22.23499469 2
18157 15748 17007       31.56146588 2
18158 15748 17007       31.47905831 2
18159 16321 16513       18.07154111 1
18160 16321 16513       21.35583686 1
18161 16680 17032       29.15629345 2
18162 16680 17032       36.20546219 1
18163 16732 15783       25.40453208 1
18164 16732 15783       29.06776457 2
18165 16808 15153       33.57396770 1
18166 16808 15153       31.04419822 2
18167 16507 15797       23.06340848 2
18168 16507 15797       15.47025337 2
18169 15292 15539       19.15464728 2
18170 15292 15539       17.27343154 2
18171 16532 15682       21.66544359 2
18172 16532 15682       22.69078460 2
18173 15644 16647       23.61648169 2
18174 15644 16647       27.65757335 2
18175 15832 15260       25.55069730 1
18176 15832 15260       23.67247154 2
18177 16808 15920       35.10086296 2
18178 16808 15920       33.70694230 2
18179 15621 15573       28.20787438 1
18180 15621 15573       29.23746625 2
18181 15701 16335       27.62560340 1
18182 15701 16335       26.33504748 2
18183 16201 15995       24.28343014 1
18184 16201 15995       24.35649711 2
18185 16173 15146       25.77831547 2
18186 16173 15146       25.92400498 2
18187 16680 15900       18.20058083 1
18188 16680 15900       19.48954096 2
18189 15482 15575       23.16180165 2
18190 15482 15575       25.00728228 1
18191 16908 16752       32.06422910 2
18192 16908 16752       29.56600538 1
18193 16602 15910       27.93676117 1
18194 16602 15910       23.93244173 2
18195 16030 15959       28.86329198 1
18196 16030 15959       25.57688452 2
18197 16794 16889       22.93573096 2
18198 16794 16889       27.18764927 1
18199 16249 16768       22.26642259 2
18200 16249 16768       20.76150709 1
18201 15701 15981       15.32916805 2
18202 15701 15981       19.95857217 2
18203 16882 16069       23.89465740 1
18204 16882 16069       24.25703285 1
18205 15584 15916       21.63391825 2
18206 15584 15916       22.37253186 2
18207 16680 17098       27.08998021 1
18208 16680 17098       26.94321419 2
18209 16808 15921       37.35316033 1
18210 16808 15921       26.96518050 2
18211 15211 16822       29.11234987 2
18212 15211 16822       26.60897513 2
18213 16660 16967       39.18420795 1
18214 16660 16967       33.82287705 2
18215 15396 15116       18.24042041 2
18216 15396 15116       16.72036991 2
18217 16234 16867       26.00223507 2
18218 16234 16867       23.96533039 2
18219 15267 15666       26.93867070 2
18220 15267 15666       25.18051103 1
18221 16640 15164       24.20222156 2
18222 16640 15164       22.21138612 2
18223 15815 16458       41.19706762 2
18224 15815 16458       38.07157495 2
18225 16558 17012       15.50449511 2
18226 16558 17012       15.85858565 2
18227 16418 16166       24.81539335 2
18228 16418 16166       21.26924252 2
18229 16531 16298       16.65794042 2
18230 16531 16298       12.81741428 2
18231 15837 15541       30.39468773 2
18232 15837 15541       28.34185384 2
18233 15282 16306       22.73103594 1
18234 15282 16306       24.82849028 2
18235 16882 16437       22.92625200 2
18236 16882 16437       19.67021025 2
18237 16173 16119       33.79250580 2
18238 16173 16119       37.55347113 1
18239 16452 16915       24.11971796 2
18240 16452 16915       25.22577650 2
18241 16904 16162       29.96455102 1
18242 16904 16162       27.02918697 2
18243 15903 16737       27.88483364 2
18244 15903 16737       30.54987936 1
18245 17058 16892       25.83959079 1
18246 17058 16892       23.41002332 2
18247 16488 16252       21.94093354 2
18248 16488 16252       24.46432727 2
18249 16339 15859       24.69268951 1
18250 16339 15859       24.66880221 1
18251 16550 17017       15.54332802 2
18252 16550 17017       14.97984118 1
18253 16418 16830       17.09494156 2
18254 16418 16830       19.24820076 2
18255 16711 15218       26.02607291 1
18256 16711 15218       27.40265503 1
18257 16629 15360       19.63925630 2
18258 16629 15360       16.77049738 2
18259 16707 16914       29.16844217 2
18260 16707 16914       32.49296142 2
18261 16694 16524       18.42661050 2
18262 16694 16524       17.04014251 2
18263 16370 16400       26.20769392 2
18264 16370 16400       25.70423806 2
18265 17043 15374       22.96994822 2
18266 17043 15374       19.46395684 1
18267 16732 15469       26.50640734 2
18268 16732 15469       25.15146780 2
18269 16707 16036       34.01538861 1
18270 16707 16036       26.86260777 1
18271 16834 15183       22.07710110 1
18272 16834 15183       20.99638422 1
18273 15832 16144       25.41462187 2
18274 15832 16144       24.92322511 1
18275 15297 16088       25.25897492 1
18276 15297 16088       27.72015203 2
18277 15232 15744       23.55665640 2
18278 15232 15744       23.36162044 1
18279 15271 16077       25.85086119 2
18280 15271 16077       26.85064689 2
18281 16377 17095       16.07622454 2
18282 16377 17095       20.93715756 1
18283 15297 15323       28.60577280 2
18284 15297 15323       28.38621017 1
18285 16787 15517       26.45247784 2
18286 16787 15517       25.51218796 2
18287 15292 16484       20.72963664 1
18288 15292 16484       21.03720829 2
18289 15832 16178       24.28357575 2
18290 15832 16178       23.16897819 1
18291 16452 15160       27.86054270 2
18292 16452 15160       28.02534863 2
18293 16929 16382       26.39364869 1
18294 16929 16382       26.21329429 2
18295 16980 15357       16.23445161 1
18296 16980 15357       18.66560272 2
18297 16201 16535       20.70275928 1
18298 16201 16535       24.47579298 2
18299 16929 15130       31.25333723 2
18300 16929 15130       30.36804602 2
18301 16531 15364       17.54882326 1
18302 16531 15364       14.36338774 2
18303 16577 15483       25.22336893 2
18304 16577 15483       27.21572723 2
18305 15926 16554       23.83341943 2
18306 15926 16554       22.94650962 2
18307 15408 16562       21.35465525 2
18308 15408 16562       23.58732448 2
18309 16773 16185       29.51309687 2
18310 16773 16185       35.29628589 1
18311 16488 15591       20.86247482 1
18312 16488 15591       21.71136706 2
18313 16232 16463       17.53641840 1
18314 16232 16463       12.60218084 2
18315 15118 16287       16.16630936 2
18316 15118 16287       15.20324775 2
18317 16384 16204       21.96546172 2
18318 16384 16204       28.08121940 1
18319 15832 16576       28.45112647 2
18320 15832 16576       27.24849102 2
18321 15408 16745       22.82625571 2
18322 15408 16745       23.59416262 2
18323 16794 15446       27.48271568 2
18324 16794 15446       26.54591985 2
18325 15815 15220       22.97836412 2
18326 15815 15220       27.16312905 1
18327 15815 16301       35.27625640 2
18328 15815 16301       32.89785136 2
18329 16882 16945       20.13214459 1
18330 16882 16945       20.22634540 2
18331 15377 15105       25.53686004 2
18332 15377 15105       31.66155665 1
18333 17058 15296       23.59500357 1
18334 17058 15296       24.62258598 2
18335 16980 15849       23.15806036 2
18336 16980 15849       24.64213319 1
18337 16864 15359       26.61644230 2
18338 16864 15359       25.85368018 2
18339 15813 15545       29.10463238 2
18340 15813 15545       29.88460551 2
18341 15297 15568       35.44105427 2
18342 15297 15568       33.49611587 2
18343 15366 15216       20.22220516 2
18344 15366 15216       19.60235312 2
18345 16440 15256       25.04451836 2
18346 16440 15256       21.35622285 2
18347 17043 15719       16.72725827 1
18348 17043 15719       17.60301567 2
18349 15396 16325       18.07507359 2
18350 15396 16325       18.73094936 2
18351 15832 15563       14.70324448 2
18352 15832 15563       18.61678531 2
18353 16787 16349       27.38359774 2
18354 16787 16349       29.34778524 2
18355 16640 16104       23.22118716 2
18356 16640 16104       18.55585318 2
18357 16773 15852       28.80533997 1
18358 16773 15852       27.16305987 1
18359 15854 17034       36.14941516 2
18360 15854 17034       35.75604995 2
18361 16834 15847       29.03307101 2
18362 16834 15847       30.51069930 1
18363 15486 17092       26.44551675 2
18364 15486 17092       19.18919526 2
18365 15282 16774       34.32131608 2
18366 15282 16774       33.99750850 2
18367 15178 16362       23.91101252 2
18368 15178 16362       21.15176996 2
18369 16370 15456       26.12604007 2
18370 16370 15456       30.51857884 1
18371 15621 15646       22.31425909 1
18372 15621 15646       20.25681633 2
18373 16206 16841       27.94722231 2
18374 16206 16841       25.03651501 1
18375 15866 15844       15.31426978 1
18376 15866 15844       13.47208921 1
18377 16808 15919       32.73002227 1
18378 16808 15919       31.87454089 1
18379 15109 15467       28.27198132 2
18380 15109 15467       27.46764125 2
18381 16834 15906       24.16703188 2
18382 16834 15906       26.36687667 2
18383 16030 16777       26.71479320 2
18384 16030 16777       22.18704654 1
18385 16707 16403       18.90084839 2
18386 16707 16403       25.29597213 2
18387 16732 16101       25.13067219 2
18388 16732 16101       23.26152668 2
18389 16638 15713       20.40757488 2
18390 16638 15713       23.96714036 2
18391 15408 15402       19.16605533 2
18392 15408 15402       23.70167823 2
18393 16773 16194       32.13381164 2
18394 16773 16194       32.66511151 2
18395 15482 15472       23.99560170 2
18396 15482 15472       22.67751750 1
18397 16158 15117       27.83772174 1
18398 16158 15117       30.27524456 1
18399 16577 16364       20.45026618 1
18400 16577 16364       24.06138347 2
18401 15584 15754       29.43089664 2
18402 15584 15754       22.67796486 2
18403 16750 16978       20.47792281 2
18404 16750 16978       19.53453049 2
18405 15815 16436       43.21700472 2
18406 15815 16436       37.54241527 2
18407 16158 16675       29.35507994 2
18408 16158 16675       30.90736553 2
18409 16507 16326       22.41452192 2
18410 16507 16326       22.38502465 2
18411 16694 16557       21.05152193 1
18412 16694 16557       17.68744275 1
18413 15854 15258       36.14850584 1
18414 15854 15258       30.28341051 2
18415 15167 17052       26.90581122 2
18416 15167 17052       26.40575866 2
18417 16206 17087       28.82024965 2
18418 16206 17087       24.96259949 2
18419 15673 15861       14.94522469 1
18420 15673 15861       18.09223712 1
18421 16201 16375       21.67954081 2
18422 16201 16375       26.92457120 2
18423 16531 15247       18.88194057 2
18424 16531 15247       19.94946995 2
18425 15864 16410       29.38042379 2
18426 15864 16410       31.75580440 2
18427 16773 15689       27.71430504 2
18428 16773 15689       26.51688312 1
18429 15282 15194       30.73031711 2
18430 15282 15194       26.72170764 2
18431 16960 16705       22.65717712 2
18432 16960 16705       22.80617303 2
18433 16807 15188       24.54989978 2
18434 16807 15188       21.71748688 2
18435 15619 16416       28.70699208 2
18436 15619 16416       28.42061728 2
18437 15211 15980       31.93209183 2
18438 15211 15980       32.06765793 2
18439 16485 16248       19.76350927 2
18440 16485 16248       16.47986422 2
18441 15408 16875       25.72980575 2
18442 15408 16875       20.40427047 1
18443 16960 16417       18.80207759 1
18444 16960 16417       17.32489964 2
18445 16550 16111       22.30567082 2
18446 16550 16111       19.75508338 2
18447 16249 15388       32.17623824 1
18448 16249 15388       30.58420685 1
18449 16190 15939       17.93644634 2
18450 16190 15939       19.66503380 2
18451 16531 15107       18.05182345 2
18452 16531 15107       14.11735111 1
18453 16750 17041       20.73155891 1
18454 16750 17041       21.95114870 2
18455 15832 16661       23.19166832 2
18456 15832 16661       23.20179827 1
18457 15864 16446       30.81134733 2
18458 15864 16446       33.83574241 2
18459 15292 16942       24.67789557 2
18460 15292 16942       21.74220499 2
18461 15149 16601       22.26639539 2
18462 15149 16601       23.82270789 2
18463 16707 15935       21.66785922 2
18464 16707 15935       21.37826307 2
18465 16904 15578       22.16021740 2
18466 16904 15578       20.51655248 2
18467 15267 16454       35.15269900 1
18468 15267 16454       31.49074841 1
18469 16507 16543       31.07651851 1
18470 16507 16543       29.28550219 1
18471 15839 16254       30.73001897 1
18472 15839 16254       32.06529199 2
18473 16253 16271       37.17575388 1
18474 16253 16271       33.26957447 2
18475 15748 15794       31.21238234 2
18476 15748 15794       32.35624271 2
18477 16794 16164       22.96120762 2
18478 16794 16164       22.87288193 2
18479 16834 15884       17.00929297 2
18480 16834 15884       23.14979850 2
18481 15813 15714       26.41271477 1
18482 15813 15714       30.66052970 2
18483 16339 15349       28.41972372 2
18484 16339 15349       25.32154913 2
18485 16582 16947       28.53023596 2
18486 16582 16947       33.17682634 2
18487 15267 15623       24.06235676 1
18488 15267 15623       25.36306387 1
18489 16253 16401       33.77039898 2
18490 16253 16401       31.97627331 2
18491 16732 16710       33.07197892 1
18492 16732 16710       28.44856769 2
18493 15149 16302       25.59102575 2
18494 15149 16302       25.08768824 2
18495 16834 15101       29.77870755 2
18496 16834 15101       33.44441621 1
18497 16488 16537       23.96069433 2
18498 16488 16537       27.10920093 2
18499 16680 15985       20.38776259 2
18500 16680 15985       19.90793287 2
18501 15271 16730       19.76568361 2
18502 15271 16730       22.56199608 2
18503 16707 16667       26.92637516 1
18504 16707 16667       22.43642225 2
18505 16894 15192       37.35860009 2
18506 16894 15192       29.37729641 2
18507 16807 16019       21.22606969 2
18508 16807 16019       18.78571811 2
18509 15292 16049       24.31771613 2
18510 15292 16049       27.01785899 2
18511 16960 15612       22.22774400 2
18512 16960 15612       20.48903100 2
18513 15621 15863       30.64264092 2
18514 15621 15863       32.65184680 2
18515 15926 16072       13.47881135 2
18516 15926 16072       14.33594970 1
18517 16787 16971       15.26831004 2
18518 16787 16971       20.89752291 1
18519 16929 15562       27.22142398 1
18520 16929 15562       30.42878323 1
18521 16639 15423       29.42598575 2
18522 16639 15423       29.64440196 1
18523 15275 16682       23.67987457 2
18524 15275 16682       23.40955468 2
18525 15808 15892       28.17377564 2
18526 15808 15892       25.90196335 2
18527 16711 16955       24.43323705 2
18528 16711 16955       29.61310490 2
18529 17058 15968       27.51878794 2
18530 17058 15968       29.59730614 2
18531 16531 16365       15.67258488 2
18532 16531 16365       16.27024131 1
18533 17058 15537       29.11068824 2
18534 17058 15537       26.82967492 2
18535 16834 15184       17.54631003 1
18536 16834 15184       14.10009695 2
18537 16711 16428       23.54999220 2
18538 16711 16428       22.90234402 1
18539 17085 16244       24.04719822 2
18540 17085 16244       27.39365139 2
18541 16384 17003       22.15514166 2
18542 16384 17003       24.04228822 2
18543 16750 17042       24.66060468 2
18544 16750 17042       21.75776008 2
18545 15178 16018       21.32284731 1
18546 15178 16018       22.70223493 2
18547 15866 15381       16.61297675 1
18548 15866 15381       21.95927982 1
18549 16030 16245       22.13104049 2
18550 16030 16245       20.64569234 2
18551 15673 16407       29.06254437 2
18552 15673 16407       28.52563732 2
18553 15864 16818       32.26358039 2
18554 15864 16818       33.39292676 2
18555 16577 16319       24.00054050 2
18556 16577 16319       21.44491969 1
18557 15701 16721       27.30233146 2
18558 15701 16721       26.08976754 2
18559 16253 16422       37.30110629 2
18560 16253 16422       34.06536712 2
18561 15292 15535       23.85763283 2
18562 15292 15535       25.31019949 2
18563 16894 15601       35.53802679 1
18564 16894 15601       33.62431897 2
18565 16440 16450       25.79648094 2
18566 16440 16450       23.68405033 2
18567 15813 15213       36.04041355 2
18568 15813 15213       30.28138287 1
18569 15926 16545       17.70695285 2
18570 15926 16545       19.50285241 2
18571 16882 16124       23.05408622 1
18572 16882 16124       21.04228642 2
18573 15903 15504       24.48604088 1
18574 15903 15504       24.01805403 2
18575 16452 16898       23.50195960 1
18576 16452 16898       27.26831141 1
18577 15149 15656       19.90242894 1
18578 15149 15656       16.15746546 2
18579 15366 16211       23.52800144 1
18580 15366 16211       24.81375828 2
18581 15866 15135       16.04705095 2
18582 15866 15135       13.19813969 2
18583 15109 15779       28.71313250 2
18584 15109 15779       27.14311875 1
18585 16906 16760       30.07456090 2
18586 16906 16760       30.43066660 2
18587 15396 16855       19.11881112 1
18588 15396 16855       15.94808388 2
18589 15839 16655       28.99239954 1
18590 15839 16655       24.86739661 2
18591 16711 16956       31.33802748 2
18592 16711 16956       28.02365084 1
18593 15839 15710       27.24539081 2
18594 15839 15710       24.96907371 2
18595 17085 15871       32.32860505 2
18596 17085 15871       32.90956017 2
18597 16639 15627       27.86987971 2
18598 16639 15627       31.36588098 2
18599 16232 16876       20.97701096 2
18600 16232 16876       17.64445371 2
18601 16550 16059       17.76614393 2
18602 16550 16059       15.50849336 2
18603 15662 15340       27.48804071 2
18604 15662 15340       31.85028780 1
18605 16773 16487       28.82365907 1
18606 16773 16487       27.79079883 2
18607 15839 16623       28.95884850 2
18608 15839 16623       26.51403396 2
18609 16190 16270       26.23959979 2
18610 16190 16270       27.01968416 1
18611 16929 15561       25.57632240 2
18612 16929 15561       27.65752494 2
18613 15182 16414       24.66135194 2
18614 15182 16414       26.56044598 2
18615 16638 16412       20.61206472 2
18616 16638 16412       23.59399887 2
18617 16960 15804       29.18975019 2
18618 16960 15804       31.33849985 2
18619 15701 16817       24.28466724 2
18620 15701 16817       29.13676333 1
18621 16895 16997       26.77610514 2
18622 16895 16997       29.56761998 2
18623 16787 15305       24.71066131 2
18624 16787 15305       27.94240168 2
18625 16773 16186       32.91065888 2
18626 16773 16186       31.51689134 1
18627 15167 16862       26.56468735 2
18628 15167 16862       25.75311339 2
18629 16253 15825       33.18611334 2
18630 16253 15825       29.65785410 2
18631 16532 15365       24.13635190 2
18632 16532 15365       22.23152406 1
18633 17085 15110       30.30453384 2
18634 17085 15110       33.11706252 2
18635 15673 16294       26.87842881 1
18636 15673 16294       28.31875285 1
18637 15808 16824       23.78280092 2
18638 15808 16824       21.42755062 2
18639 15292 16050       20.23768025 2
18640 15292 16050       25.67874980 2
18641 16377 15144       16.70169021 2
18642 16377 15144       18.58397009 2
18643 15673 17055       27.73404515 2
18644 15673 17055       29.86338745 1
18645 16452 16916       27.20322254 1
18646 16452 16916       21.00441010 2
18647 17058 17046       25.26084823 1
18648 17058 17046       24.11432903 2
18649 16787 17064       26.50752047 2
18650 16787 17064       26.97863642 2
18651 15662 15179       25.06626892 1
18652 15662 15179       33.42491480 2
18653 16384 16109       11.98605928 2
18654 16384 16109       15.79883988 2
18655 16787 15777       21.71144594 2
18656 16787 15777       27.79292797 1
18657 16206 15638       22.98091935 2
18658 16206 15638       26.40285214 2
18659 16529 15347       16.18397678 1
18660 16529 15347       11.94318440 2
18661 16339 15526       26.07309622 2
18662 16339 15526       26.50713434 2
18663 16201 16132       23.67898609 2
18664 16201 16132       21.82524774 2
18665 15673 15617       23.92604823 1
18666 15673 15617       22.89432023 2
18667 15932 15293       25.92162431 2
18668 15932 15293       23.01037321 2
18669 15297 16277       30.25177791 2
18670 15297 16277       29.29960265 2
18671 16895 16970       19.58874746 2
18672 16895 16970       16.30993146 1
18673 16864 15236       21.78735465 1
18674 16864 15236       24.02308129 2
18675 16485 16860       31.71234132 1
18676 16485 16860       25.70859055 2
18677 15377 16935       26.81660427 2
18678 15377 16935       26.95860737 2
18679 16807 16139       24.27998671 2
18680 16807 16139       21.58452938 2
18681 16253 16272       38.08093781 1
18682 16253 16272       35.83073518 2
18683 16660 15990       37.70596395 2
18684 16660 15990       29.93992845 2
18685 15815 16755       38.35616603 1
18686 15815 16755       34.77846045 2
18687 16253 15822       30.59462516 2
18688 16253 15822       36.44195548 2
18689 16773 15567       26.85471926 2
18690 16773 15567       33.45597878 1
18691 16234 16534       27.57199727 1
18692 16234 16534       25.58301596 2
18693 15808 15930       38.51877444 1
18694 15808 15930       36.68366281 1
18695 15866 15870       15.26142113 2
18696 15866 15870       17.05748537 2
18697 16377 16064       22.60186909 2
18698 16377 16064       21.06960141 2
18699 15149 15389       19.81360436 2
18700 15149 15389       21.70291589 2
18701 15182 15261       33.46458026 2
18702 15182 15261       28.98088693 2
18703 15149 15655       18.01336092 2
18704 15149 15655       21.65968081 2
18705 15178 15569       23.71550690 2
18706 15178 15569       20.22701564 2
18707 16807 15941       23.40758748 2
18708 16807 15941       27.96569365 2
18709 16750 15332       21.90222368 2
18710 16750 15332       19.84586491 2
18711 16894 15998       29.81950769 2
18712 16894 15998       28.31414493 2
18713 15813 17025       34.35541938 2
18714 15813 17025       33.39400315 2
18715 16834 16552       20.83770074 2
18716 16834 16552       14.97684600 2
18717 16232 15551       16.60874148 2
18718 16232 15551       14.93360699 1
18719 15903 15738       25.08192656 2
18720 15903 15738       22.37900037 2
18721 16908 16279       25.52722544 2
18722 16908 16279       22.50053945 2
18723 15486 16887       19.36821476 2
18724 15486 16887       21.66598542 2
18725 16173 15869       25.20634034 2
18726 16173 15869       26.73865540 1
18727 16485 16122       21.92136278 2
18728 16485 16122       24.13902833 1
18729 16980 15796       21.23633919 2
18730 16980 15796       20.38109332 2
18731 16190 16042       30.56292671 1
18732 16190 16042       24.24405527 2
18733 16807 15120       25.30247639 1
18734 16807 15120       24.44506838 2
18735 15866 15685       16.47818320 2
18736 15866 15685       14.25605046 2
18737 15864 16379       28.58949467 2
18738 15864 16379       29.52253569 1
18739 16794 16163       26.65497038 2
18740 16794 16163       29.92846234 1
18741 15482 15394       21.30837015 1
18742 15482 15394       19.89055082 2
18743 15808 16783       25.88119811 2
18744 15808 16783       25.17133812 2
18745 16158 15474       33.84979870 2
18746 16158 15474       34.88734151 2
18747 16384 16993       27.38540144 2
18748 16384 16993       23.35009977 1
18749 15644 16903       25.09110053 2
18750 15644 16903       25.98631682 2
18751 15167 15828       46.76443741 2
18752 15167 15828       36.94965488 2
18753 15837 15620       29.11582934 2
18754 15837 15620       23.40193879 2
18755 17043 15868       21.89015956 2
18756 17043 15868       24.05704152 2
18757 15297 16080       28.39522459 2
18758 15297 16080       27.62650673 1
18759 16895 16791       16.15615198 2
18760 16895 16791       20.21000285 2
18761 16532 16715       21.79071222 1
18762 16532 16715       20.99422869 2
18763 15232 16941       19.92713066 2
18764 15232 16941       22.02606720 1
18765 16711 15631       23.87268838 2
18766 16711 15631       24.94191562 1
18767 16732 17013       33.02643212 2
18768 16732 17013       34.64278121 2
18769 16532 15875       20.89746290 2
18770 16532 15875       22.34636649 2
18771 16339 16098       21.25855048 2
18772 16339 16098       19.48331005 1
18773 15366 15246       19.54599844 2
18774 15366 15246       23.92581426 1
18775 16558 17086       21.38612066 2
18776 16558 17086       16.35295395 2
18777 15275 16776       21.82317714 2
18778 15275 16776       27.62291546 2
18779 16418 15475       19.52293756 2
18780 16418 15475       19.02160931 2
18781 16550 15460       18.68529562 1
18782 16550 15460       19.57116867 2
18783 16660 15308       33.82376068 1
18784 16660 15308       39.03696062 1
18785 15854 16757       31.10973063 2
18786 15854 16757       29.51907121 2
18787 16895 16928       27.72992187 2
18788 16895 16928       19.86155661 2
18789 15211 16210       32.13711523 1
18790 15211 16210       34.12703273 2
18791 15377 15696       25.07121600 2
18792 15377 15696       25.38516093 2
18793 16638 15346       23.65462780 2
18794 16638 15346       21.87628076 1
18795 15644 15372       29.61087399 2
18796 15644 15372       34.08866805 1
18797 16834 15883       21.86872378 2
18798 16834 15883       25.15165341 2
18799 15903 15470       28.15130420 1
18800 15903 15470       27.68482351 2
18801 15748 15441       32.40618802 2
18802 15748 15441       33.82357145 2
18803 16440 15409       18.30519286 1
18804 16440 15409       20.12941648 1
18805 15619 16990       19.21179320 2
18806 15619 16990       21.20402761 2
18807 16640 15263       28.15092813 2
18808 16640 15263       31.58747201 2
18809 15621 15800       15.92635650 2
18810 15621 15800       15.05988757 2
18811 16929 16588       27.27536251 2
18812 16929 16588       23.35657514 1
18813 16980 16491       25.78789168 2
18814 16980 16491       27.85245690 2
18815 17085 15872       29.93915052 2
18816 17085 15872       29.30115985 2
18817 16895 15253       23.55576228 2
18818 16895 15253       24.73114562 1
18819 15701 16276       23.08474706 2
18820 15701 16276       23.46951256 2
18821 15408 15143       23.46931345 2
18822 15408 15143       23.22834973 2
18823 15815 15234       40.61023072 1
18824 15815 15234       45.38860432 1
18825 15182 16241       27.71333255 2
18826 15182 16241       33.20171670 2
18827 16864 17011       32.15161174 2
18828 16864 17011       30.89687617 1
18829 16960 17099       23.77902836 1
18830 16960 17099       25.67898222 2
18831 16529 15348       21.26428209 1
18832 16529 15348       20.43207738 2
18833 16960 16741       30.21080966 2
18834 16960 16741       28.45718631 2
18835 15932 15277       27.70148953 2
18836 15932 15277       23.00331463 2
18837 16864 16368       28.99400196 2
18838 16864 16368       26.10034885 2
18839 16158 16676       27.90085909 2
18840 16158 16676       29.27119108 2
18841 16577 16179       21.29060796 2
18842 16577 16179       26.20629718 2
18843 16660 16968       33.47664856 2
18844 16660 16968       34.68730155 2
18845 16808 16804       29.69245634 2
18846 16808 16804       29.38341735 2
18847 15118 15225       20.63621353 2
18848 15118 15225       17.73204320 2
18849 16980 16486       23.62907270 2
18850 16980 16486       28.28600996 1
18851 15662 15945       27.73907543 2
18852 15662 15945       27.40251089 2
18853 16452 15690       23.62221409 1
18854 16452 15690       25.76072903 1
18855 15396 16295       16.98497723 2
18856 15396 16295       14.31724470 2
18857 16680 16575       35.02218818 2
18858 16680 16575       32.59586708 2
18859 15118 16087       22.22992075 2
18860 15118 16087       18.28207789 2
18861 15748 15772       29.39976583 2
18862 15748 15772       29.32789733 1
18863 15377 16832       29.40473188 2
18864 15377 16832       30.80699129 1
18865 16418 16590       20.50192565 2
18866 16418 16590       21.51887353 2
18867 16190 16346       20.13037565 2
18868 16190 16346       23.34591506 2
18869 16694 16423       22.07339011 2
18870 16694 16423       14.56888380 2
18871 15808 15752       29.34327548 2
18872 15808 15752       27.54083128 2
18873 15932 15585       26.93713308 2
18874 15932 15585       26.67796121 1
18875 16960 16975       27.42556866 1
18876 16960 16975       30.78099818 2
18877 16507 16085       19.93916658 2
18878 16507 16085       19.74406484 2
18879 16639 16816       27.90532392 2
18880 16639 16816       27.47290821 2
18881 16602 15426       26.60675852 2
18882 16602 15426       25.99420311 1
18883 16711 16378       24.93204976 1
18884 16711 16378       23.03874782 2
18885 16201 15554       34.27549169 2
18886 16201 15554       34.93718272 1
18887 15366 15245       16.16260535 2
18888 15366 15245       21.24770464 2
18889 17043 16146       29.66270251 1
18890 17043 16146       25.12776597 2
18891 15486 16250       30.11285099 2
18892 15486 16250       31.55380717 2
18893 16249 16615       25.30521706 1
18894 16249 16615       28.05100056 2
18895 15271 15251       22.24320759 2
18896 15271 15251       19.64576782 2
18897 15866 15955       18.56371433 2
18898 15866 15955       25.19490160 2
18899 15366 15435       22.87595806 2
18900 15366 15435       18.29013458 2
18901 16550 16821       14.15368406 2
18902 16550 16821       9.35138656 2
18903 16639 15424       27.94813890 2
18904 16639 15424       27.18161643 2
18905 16629 15718       11.98459302 2
18906 16629 15718       15.43709914 1
18907 15701 16336       14.12730943 2
18908 15701 16336       18.53237264 2
18909 16030 15140       18.08852929 2
18910 16030 15140       20.61717099 2
18911 15837 16523       28.44757805 2
18912 15837 16523       27.46158618 1
18913 16249 15778       22.29293191 2
18914 16249 15778       26.88523849 2
18915 16339 16479       26.43594596 2
18916 16339 16479       18.56676324 1
18917 15748 15418       35.29979582 2
18918 15748 15418       28.79382732 2
18919 15271 15814       25.13725198 2
18920 15271 15814       24.37864545 2
18921 16529 16642       14.31259636 2
18922 16529 16642       14.59877146 2
18923 15584 16054       24.52551429 2
18924 15584 16054       22.98562692 2
18925 16577 16911       18.21328503 2
18926 16577 16911       23.33202532 2
18927 16629 16921       14.99217051 2
18928 16629 16921       15.23505637 2
18929 16929 17089       22.80707120 2
18930 16929 17089       20.22967522 2
18931 16904 15577       25.99385665 2
18932 16904 15577       28.62439003 2
18933 17043 15361       23.31109653 1
18934 17043 15361       24.90333696 2
18935 16485 15888       29.92354005 2
18936 16485 15888       32.49134492 2
18937 16640 16957       27.48310844 1
18938 16640 16957       24.39448416 2
18939 16794 16501       23.29852431 2
18940 16794 16501       21.90274589 2
18941 15396 16739       26.00204160 2
18942 15396 16739       22.49345599 2
18943 15662 15893       35.23815232 1
18944 15662 15893       36.15601338 2
18945 16908 15785       28.04750196 2
18946 16908 15785       29.22359373 2
18947 15282 16553       30.20613948 2
18948 15282 16553       26.76345771 1
18949 16660 16597       27.64586161 2
18950 16660 16597       32.76743958 2
18951 15486 17036       24.82774744 2
18952 15486 17036       24.89765141 2
18953 16234 15595       29.84303704 1
18954 16234 15595       22.86244189 1
18955 16440 16337       17.18102979 1
18956 16440 16337       20.03274840 2
18957 16550 15729       15.40833467 2
18958 16550 15729       12.51988802 2
18959 15808 16432       25.18670338 2
18960 15808 16432       20.00682708 2
18961 15149 16125       27.05753205 2
18962 15149 16125       25.35378645 2
18963 15662 15912       26.15043258 2
18964 15662 15912       31.36993689 2
18965 16602 16107       24.56142116 2
18966 16602 16107       26.77435281 1
18967 17058 15538       24.92611529 1
18968 17058 15538       19.71169228 2
18969 16206 16788       24.46316333 1
18970 16206 16788       26.06142465 2
18971 15109 15581       23.34719599 2
18972 15109 15581       28.91733614 2
18973 16234 16868       23.12734072 2
18974 16234 16868       19.61250326 2
18975 16339 15368       24.18523030 2
18976 16339 15368       24.87339002 2
18977 16488 16496       25.08694124 2
18978 16488 16496       20.25483634 2
18979 16440 16089       22.47842334 2
18980 16440 16089       31.44683187 1
18981 16602 16328       29.01302657 2
18982 16602 16328       24.37008919 2
18983 15482 16704       29.42932558 2
18984 15482 16704       29.15291984 2
18985 15118 15498       15.63361546 2
18986 15118 15498       15.52056181 2
18987 16807 17057       23.87262190 2
18988 16807 17057       23.10936204 2
18989 15232 16965       22.49251101 1
18990 15232 16965       26.14079646 1
18991 16895 15163       25.51073993 2
18992 16895 15163       23.55790702 2
18993 16550 15199       19.89133308 2
18994 16550 15199       17.40692812 2
18995 15932 16839       27.30585605 1
18996 15932 16839       28.90977419 2
18997 15267 15326       32.85725979 2
18998 15267 15326       29.46401865 1
18999 16485 16756       19.80345492 2
19000 16485 16756       19.53414613 2
19001 16201 15683       25.32266773 2
19002 16201 15683       31.49964891 1
19003 15377 16473       27.69726578 1
19004 15377 16473       24.18492087 2
19005 17043 15597       24.72747571 2
19006 17043 15597       22.21415656 2
19007 16680 15276       25.17310951 2
19008 16680 15276       28.27217788 2
19009 15167 15827       38.94513906 1
19010 15167 15827       37.71660102 1
19011 15366 15845       21.46809603 2
19012 15366 15845       17.83070551 2
19013 17038 16181       21.97876466 2
19014 17038 16181       23.32842360 2
19015 15815 15708       35.13029638 2
19016 15815 15708       34.84428363 2
19017 16864 15151       31.06431166 1
19018 16864 15151       27.85584831 2
19019 16639 15614       32.20706079 2
19020 16639 15614       28.94591742 2
19021 16440 17083       26.27095560 1
19022 16440 17083       24.53198154 2
19023 16377 15155       15.72596714 2
19024 16377 15155       19.30677438 2
19025 15644 16565       29.59723208 2
19026 15644 16565       28.94004107 2
19027 16980 16492       22.17581954 2
19028 16980 16492       21.73082257 1
19029 15292 16778       24.80779686 1
19030 15292 16778       22.25673527 1
19031 16906 15397       37.28682780 2
19032 16906 15397       37.88440458 1
19033 16680 16431       13.75337399 1
19034 16680 16431       15.11924362 1
19035 15178 16790       19.91033343 2
19036 15178 16790       22.13009502 2
19037 16173 15489       25.85821585 1
19038 16173 15489       25.95216417 2
19039 16660 15853       36.69474073 2
19040 16660 15853       37.37033216 2
19041 16232 15304       17.65801904 1
19042 16232 15304       17.53588555 2
19043 16908 16628       29.47535735 2
19044 16908 16628       30.53449078 1
19045 16894 16259       25.40290547 2
19046 16894 16259       28.43758922 2
19047 16904 15210       16.25865883 1
19048 16904 15210       20.02376801 2
19049 15178 15447       29.94009952 1
19050 15178 15447       23.57266968 2
19051 16158 15557       38.71844002 1
19052 16158 15557       37.89948060 2
19053 16249 16544       29.60886251 1
19054 16249 16544       32.61992662 1
19055 15396 17081       22.67743817 1
19056 15396 17081       18.86826562 2
19057 17038 15415       20.56020463 2
19058 17038 15415       19.36766805 2
19059 15282 16924       31.62344818 2
19060 15282 16924       27.76558650 1
19061 15748 16949       31.66521791 2
19062 15748 16949       31.29348890 2
19063 15932 15278       31.23869698 1
19064 15932 15278       24.89470380 2
19065 15211 16209       33.03302624 2
19066 15211 16209       30.86751968 2
19067 15584 15421       18.72978358 2
19068 15584 15421       25.35864905 1
19069 15864 15974       32.87165227 1
19070 15864 15974       30.67561854 2
19071 16206 15625       27.18507905 2
19072 16206 15625       29.58091858 2
19073 16253 16402       31.63027794 1
19074 16253 16402       32.90907687 2
19075 16531 16910       23.97646052 2
19076 16531 16910       21.04584876 1
19077 15808 16950       26.73176678 2
19078 15808 16950       25.60191144 2
19079 16882 15770       23.46798374 2
19080 16882 15770       25.82540903 2
19081 15366 16033       18.95267285 1
19082 15366 16033       20.45953276 2
19083 15644 16979       30.81271954 2
19084 15644 16979       27.39677449 1
19085 15482 15393       20.93952615 1
19086 15482 15393       20.85697114 2
19087 16895 15691       19.73568885 1
19088 16895 15691       26.08993842 2
19089 16507 16982       21.90067193 2
19090 16507 16982       26.37226401 1
19091 16158 16091       29.34058193 2
19092 16158 16091       29.81346716 2
19093 16488 15487       19.22580920 2
19094 16488 15487       28.90652444 1
19095 16507 16701       22.30791567 2
19096 16507 16701       19.69987808 1
19097 15109 16812       30.47196726 2
19098 15109 16812       32.71593691 1
19099 16507 16240       22.12534179 1
19100 16507 16240       28.35433201 2
19101 17328 17506       30.61479950 2
19102 17328 17506       30.61479950 2
19103 17412 17670       28.05537325 1
19104 17412 17670       28.05537325 1
19105 17265 18722       27.49656752 2
19106 17265 18722       27.49656752 1
19107 18520 18302       22.39606692 2
19108 18520 18302       22.39606692 1
19109 18694 18692       31.13330220 1
19110 18694 18692       31.13330220 2
19111 18150 18205       26.37818989 1
19112 18150 18205       26.37818989 1
19113 18175 18366       29.77409924 1
19114 18175 18366       29.77409924 2
19115 19094 17233       25.62351868 1
19116 19094 17233       25.62351868 2
19117 17719 17213       27.58005327 2
19118 17719 17213       27.58005327 1
19119 18269 17540       30.77267128 1
19120 18269 17540       30.77267128 1
19121 19017 18790       32.59568179 2
19122 19017 18790       32.59568179 1
19123 17584 18115       27.26100407 2
19124 17584 18115       27.26100407 2
19125 18889 17356       27.84050497 2
19126 18889 17356       27.84050497 2
19127 18681 18546       30.39158997 2
19128 18681 18546       30.39158997 1
19129 18318 18834       28.26922127 2
19130 18318 18834       28.26922127 2
19131 17359 17834       29.57677243 2
19132 17359 17834       29.57677243 1
19133 17239 18080       28.07147166 2
19134 17239 18080       28.07147166 1
19135 17202 17381       27.88107465 1
19136 17202 17381       27.88107465 1
19137 19032 18562       31.59722971 2
19138 19032 18562       31.59722971 1
19139 19009 18572       29.99373808 2
19140 19009 18572       29.99373808 1
19141 18038 18639       22.78486929 1
19142 18038 18639       22.78486929 2
19143 17512 17572       34.26695520 2
19144 17512 17572       34.26695520 1
19145 19051 18646       29.86143501 1
19146 19051 18646       29.86143501 1
19147 17667 18189       29.22783904 2
19148 17667 18189       29.22783904 1
19149 18413 18475       33.68043389 1
19150 18413 18475       33.68043389 1
19151 19049 18652       31.68255872 2
19152 19049 18652       31.68255872 2
19153 18548 17439       23.35659834 1
19154 18548 17439       23.35659834 2
19155 18038 17476       25.31145112 2
19156 18038 17476       25.31145112 1
19157 18980 17537       28.52045364 2
19158 18980 17537       28.52045364 1
19159 17870 18627       30.25086528 1
19160 17870 18627       30.25086528 2
19161 18318 18267       27.29380691 1
19162 18318 18267       27.29380691 1
19163 18007 18212       26.89338690 1
19164 18007 18212       26.89338690 1
19165 18318 18139       25.73997717 2
19166 18318 18139       25.73997717 1
19167 18138 18894       28.59265637 1
19168 18138 18894       28.59265637 1
19169 17511 17857       35.57015052 1
19170 17511 17857       35.57015052 1
19171 17828 18596       29.05502367 2
19172 17828 18596       29.05502367 2
19173 17328 17480       29.68301511 1
19174 17328 17480       29.68301511 2
19175 18990 18981       27.57691121 2
19176 18990 18981       27.57691121 2
19177 19063 18846       30.31106742 1
19178 19063 18846       30.31106742 2
19179 17785 18919       26.57751854 2
19180 17785 18919       26.57751854 1
19181 18604 18081       27.46813452 2
19182 18604 18081       27.46813452 2
19183 17521 19065       32.39841462 2
19184 17521 19065       32.39841462 2
19185 17137 18085       28.36783715 2
19186 17137 18085       28.36783715 1
19187 18150 18884       27.08057722 1
19188 18150 18884       27.08057722 2
19189 17239 17134       29.40222529 2
19190 17239 17134       29.40222529 1
19191 18413 18867       28.13943423 1
19192 18413 18867       28.13943423 1
19193 18241 17204       31.85660136 2
19194 18241 17204       31.85660136 1
19195 17511 17176       29.90125301 2
19196 17511 17176       29.90125301 2
19197 18740 17724       27.28527416 2
19198 18740 17724       27.28527416 2
19199 17412 17199       25.08112013 1
19200 17412 17199       25.08112013 2
19201 18241 17577       25.53249912 1
19202 18241 17577       25.53249912 1
19203 17412 18262       24.31706540 1
19204 17412 18262       24.31706540 2
19205 18520 18003       26.97237214 1
19206 18520 18003       26.97237214 2
19207 18784 18017       34.21914460 1
19208 18784 18017       34.21914460 1
19209 18162 17959       32.98708113 1
19210 18162 17959       32.98708113 1
19211 17985 18991       26.93710927 1
19212 17985 18991       26.93710927 1
19213 17794 17736       31.68623189 1
19214 17794 17736       31.68623189 2
19215 17785 17599       32.35524682 2
19216 17785 17599       32.35524682 1
19217 18604 17677       24.71380959 2
19218 18604 17677       24.71380959 1
19219 18693 17263       31.68542856 2
19220 18693 17263       31.68542856 1
19221 18175 18801       28.97842800 1
19222 18175 18801       28.97842800 2
19223 17731 18918       30.59486954 1
19224 17731 18918       30.59486954 1
19225 18046 18353       28.04372110 2
19226 18046 18353       28.04372110 1
19227 17870 18355       28.57911615 2
19228 17870 18355       28.57911615 1
19229 17321 17121       26.05440883 1
19230 17321 17121       26.05440883 2
19231 18886 17854       29.34391856 1
19232 18886 17854       29.34391856 2
19233 17407 17438       25.28083949 2
19234 17407 17438       25.28083949 1
19235 18491 18759       24.61406305 1
19236 18491 18759       24.61406305 1
19237 18007 17840       24.08458856 2
19238 18007 17840       24.08458856 2
19239 17794 17515       26.67872439 1
19240 17794 17515       26.67872439 2
19241 18548 17662       23.42884206 1
19242 18548 17662       23.42884206 2
19243 18731 18888       25.90528552 1
19244 18731 18888       25.90528552 2
19245 17584 18917       33.32950928 1
19246 17584 18917       33.32950928 2
19247 18193 17956       21.00316408 1
19248 18193 17956       21.00316408 1
19249 18046 18381       26.43545504 2
19250 18046 18381       26.43545504 2
19251 17328 17803       28.02908523 2
19252 17328 17803       28.02908523 1
19253 17165 17404       30.81495378 1
19254 17165 17404       30.81495378 2
19255 18241 17282       26.56016290 2
19256 18241 17282       26.56016290 2
19257 17265 17690       32.08678687 1
19258 17265 17690       32.08678687 2
19259 18244 17254       24.45634054 2
19260 18244 17254       24.45634054 2
19261 18520 17299       29.62778024 2
19262 18520 17299       29.62778024 2
19263 17265 18721       29.00990492 2
19264 17265 18721       29.00990492 1
19265 18520 18222       26.32008559 1
19266 18520 18222       26.32008559 2
19267 18193 17806       26.92217061 1
19268 18193 17806       26.92217061 1
19269 18690 18325       28.21714535 1
19270 18690 18325       28.21714535 1
19271 17230 17142       29.51828636 2
19272 17230 17142       29.51828636 2
19273 17701 18555       28.96044760 2
19274 17701 18555       28.96044760 2
19275 17604 18724       27.77687336 1
19276 17604 18724       27.77687336 2
19277 17746 18697       27.91016475 1
19278 17746 18697       27.91016475 1
19279 18175 17210       27.36146482 1
19280 18175 17210       27.36146482 1
19281 17300 18210       29.07661959 1
19282 17300 18210       29.07661959 1
19283 18690 18148       25.52457399 1
19284 18690 18148       25.52457399 1
19285 18604 18064       25.81828994 1
19286 18604 18064       25.81828994 1
19287 19032 18621       32.33021898 2
19288 19032 18621       32.33021898 2
19289 18610 17788       25.00661215 1
19290 18610 17788       25.00661215 2
19291 18980 17158       26.88871086 1
19292 18980 17158       26.88871086 2
19293 18035 18928       24.98204362 1
19294 18035 18928       24.98204362 2
19295 17230 18337       31.14656448 1
19296 17230 18337       31.14656448 1
19297 18990 19052       32.02016716 2
19298 18990 19052       32.02016716 2
19299 18045 18654       22.76201995 1
19300 18045 18654       22.76201995 1
19301 17995 17442       22.91740260 2
19302 17995 17442       22.91740260 2
19303 18181 18482       29.14310411 2
19304 18181 18482       29.14310411 2
19305 18150 17563       28.97883846 2
19306 18150 17563       28.97883846 1
19307 17738 17421       26.52080540 2
19308 17738 17421       26.52080540 1
19309 18953 18949       28.74442777 1
19310 18953 18949       28.74442777 2
19311 18310 19007       30.23474798 2
19312 18310 19007       30.23474798 1
19313 17227 18025       24.98807366 2
19314 17227 18025       24.98807366 1
19315 18213 18254       29.21621166 1
19316 18213 18254       29.21621166 2
19317 17545 18753       34.54406399 1
19318 17545 18753       34.54406399 2
19319 19009 17264       31.19918997 1
19320 19009 17264       31.19918997 1
19321 17794 17384       24.07795962 1
19322 17794 17384       24.07795962 1
19323 17870 17187       28.35473562 2
19324 17870 17187       28.35473562 1
19325 18413 17317       32.03257504 1
19326 18413 17317       32.03257504 2
19327 18824 18273       35.40157495 1
19328 18824 18273       35.40157495 1
19329 17511 17371       31.04904825 1
19330 17511 17371       31.04904825 1
19331 18413 18868       29.74719800 2
19332 18413 18868       29.74719800 1
19333 18282 18380       24.20239680 1
19334 18282 18380       24.20239680 2
19335 17319 17436       25.59110042 2
19336 17319 17436       25.59110042 1
19337 18548 17692       24.62477821 1
19338 18548 17692       24.62477821 2
19339 18824 17602       31.24515266 1
19340 18824 17602       31.24515266 2
19341 17428 17430       27.92208342 2
19342 17428 17430       27.92208342 1
19343 17512 19075       31.04444076 2
19344 17512 19075       31.04444076 1
19345 18035 17734       28.10756609 1
19346 18035 17734       28.10756609 1
19347 17319 17826       30.09166507 2
19348 17319 17826       30.09166507 2
19349 18604 17250       27.65117699 1
19350 18604 17250       27.65117699 2
19351 17137 18228       28.62404405 1
19352 17137 18228       28.62404405 1
19353 18241 17716       29.40421997 1
19354 18241 17716       29.40421997 1
19355 18413 17288       32.56545784 2
19356 18413 17288       32.56545784 1
19357 19002 17560       30.77939134 1
19358 19002 17560       30.77939134 1
19359 19017 17547       28.81222991 2
19360 19017 17547       28.81222991 1
19361 17719 17517       31.58685199 1
19362 17719 17517       31.58685199 1
19363 18027 18197       28.05807262 2
19364 18027 18197       28.05807262 1
19365 17785 18714       30.70591734 1
19366 17785 18714       30.70591734 2
19367 17211 17581       26.21995177 2
19368 17211 17581       26.21995177 2
19369 18675 17346       32.39293228 2
19370 18675 17346       32.39293228 2
19371 17218 17580       25.86094066 2
19372 17218 17580       25.86094066 2
19373 18824 18848       31.56030038 1
19374 18824 18848       31.56030038 1
19375 17719 18684       31.50098810 1
19376 17719 18684       31.50098810 1
19377 17347 18939       29.82397141 2
19378 17347 18939       29.82397141 2
19379 18035 17332       27.96390289 2
19380 18035 17332       27.96390289 2
19381 18520 18841       25.85966682 2
19382 18520 18841       25.85966682 2
19383 17227 18550       26.81023658 1
19384 17227 18550       26.81023658 2
19385 17903 18657       28.97219523 1
19386 17903 18657       28.97219523 2
19387 17265 17800       27.53996147 1
19388 17265 17800       27.53996147 1
19389 17300 18533       30.14936090 1
19390 17300 18533       30.14936090 1
19391 18138 19059       30.37887546 2
19392 18138 19059       30.37887546 2
19393 18213 18253       28.13958603 1
19394 18213 18253       28.13958603 2
19395 19009 18890       32.03644587 2
19396 19009 18890       32.03644587 1
19397 19063 19080       28.53207802 1
19398 19063 19080       28.53207802 2
19399 18889 19000       24.59844096 1
19400 18889 19000       24.59844096 2
19401 18685 18242       32.69265509 1
19402 18685 18242       32.69265509 1
19403 18604 18810       23.45511474 2
19404 18604 18810       23.45511474 2
19405 17248 17170       26.54365594 1
19406 17248 17170       26.54365594 2
19407 17165 18750       30.71163148 2
19408 17165 18750       30.71163148 2
19409 18784 17241       36.75845036 1
19410 18784 17241       36.75845036 2
19411 17321 17164       26.21449235 2
19412 17321 17164       26.21449235 2
19413 18886 18946       32.08039255 2
19414 18886 18946       32.08039255 1
19415 18610 17513       31.89374420 2
19416 18610 17513       31.89374420 2
19417 19017 17400       29.40514711 2
19418 19017 17400       29.40514711 2
19419 17985 19088       27.22671748 2
19420 17985 19088       27.22671748 2
19421 19094 17385       23.83577155 1
19422 19094 17385       23.83577155 2
19423 17512 18973       30.61988837 1
19424 17512 18973       30.61988837 1
19425 17903 17931       27.02348937 2
19426 17903 17931       27.02348937 1
19427 18980 18938       27.92063636 2
19428 18980 18938       27.92063636 2
19429 17794 17150       30.47248815 2
19430 17794 17150       30.47248815 2
19431 19049 17544       26.01255233 2
19432 19049 17544       26.01255233 2
19433 18045 17744       24.66530642 1
19434 18045 17744       24.66530642 2
19435 17412 17139       26.81717823 2
19436 17412 17139       26.81717823 1
19437 18675 18778       29.66764988 1
19438 18675 18778       29.66764988 1
19439 19002 17143       25.35017590 2
19440 19002 17143       25.35017590 1
19441 18740 17937       24.80826169 1
19442 18740 17937       24.80826169 2
19443 17248 18676       29.97049281 1
19444 17248 18676       29.97049281 2
19445 18548 17123       24.13236837 2
19446 18548 17123       24.13236837 1
19447 18193 18436       28.17871069 2
19448 18193 18436       28.17871069 1
19449 18990 17927       20.76386066 1
19450 18990 17927       20.76386066 1
19451 18491 17565       33.87360417 2
19452 18491 17565       33.87360417 1
19453 18138 18431       25.89573957 2
19454 18138 18431       25.89573957 1
19455 18238 18182       31.94423125 1
19456 18238 18182       31.94423125 1
19457 17794 17949       31.80318579 1
19458 17794 17949       31.80318579 1
19459 17319 17764       26.48639888 1
19460 17319 17764       26.48639888 2
19461 18238 18071       26.86086252 2
19462 18238 18071       26.86086252 1
19463 18937 18100       30.01919273 2
19464 18937 18100       30.01919273 1
19465 18007 18437       29.55496556 1
19466 18007 18437       29.55496556 1
19467 17701 18744       29.54586331 1
19468 17701 18744       29.54586331 2
19469 18953 18574       26.93051112 2
19470 18953 18574       26.93051112 1
19471 18209 17494       30.14490331 1
19472 18209 17494       30.14490331 2
19473 19054 18122       29.14573832 2
19474 19054 18122       29.14573832 1
19475 18045 18653       20.85563669 1
19476 18045 18653       20.85563669 2
19477 17265 18403       26.48524158 2
19478 17265 18403       26.48524158 1
19479 18035 18898       29.96198268 2
19480 18035 18898       29.96198268 2
19481 17409 17417       23.37696015 2
19482 17409 17417       23.37696015 2
19483 17985 17556       25.44117607 2
19484 17985 17556       25.44117607 2
19485 17319 17435       26.10374571 2
19486 17319 17435       26.10374571 2
19487 17428 17856       37.07991600 1
19488 17428 17856       37.07991600 2
19489 17202 17340       30.75899506 1
19490 17202 17340       30.75899506 2
19491 18886 18807       31.54406511 2
19492 18886 18807       31.54406511 2
19493 17300 18549       26.65955980 2
19494 17300 18549       26.65955980 1
19495 19009 18768       36.79399296 2
19496 19009 18768       36.79399296 2
19497 19054 18196       29.09838176 2
19498 19054 18196       29.09838176 2
19499 18318 17899       27.87737775 2
19500 18318 17899       27.87737775 2
19501 17746 17999       24.90568202 1
19502 17746 17999       24.90568202 2
19503 17328 18680       29.45346182 2
19504 17328 18680       29.45346182 2
19505 17248 17541       34.17004376 2
19506 17248 17541       34.17004376 2
19507 17239 17831       31.18473323 1
19508 17239 17831       31.18473323 1
19509 18620 17592       30.82627602 1
19510 18620 17592       30.82627602 1
19511 18675 18421       26.69594595 1
19512 18675 18421       26.69594595 1
19513 17701 18682       34.87559375 2
19514 17701 18682       34.87559375 1
19515 18685 19092       34.08478692 1
19516 18685 19092       34.08478692 1
19517 18332 17718       24.08797696 1
19518 18332 17718       24.08797696 2
19519 18181 17570       21.31463897 2
19520 18181 17570       21.31463897 1
19521 17137 18393       34.05630947 1
19522 17137 18393       34.05630947 2
19523 17604 18705       28.80163416 2
19524 17604 18705       28.80163416 1
19525 17239 19016       32.92449833 1
19526 17239 19016       32.92449833 1
19527 18620 19046       28.78717128 1
19528 18620 19046       28.78717128 2
19529 18784 18417       33.92861800 1
19530 18784 18417       33.92861800 2
19531 19063 18330       25.73252620 1
19532 19063 18330       25.73252620 2
19533 18731 17585       27.66034425 1
19534 18731 17585       27.66034425 2
19535 18690 17484       26.04071473 1
19536 18690 17484       26.04071473 2
19537 18937 18497       25.72188200 2
19538 18937 18497       25.72188200 1
19539 18610 18543       25.84017414 2
19540 18610 18543       25.84017414 1
19541 17321 17363       29.58740679 2
19542 17321 17363       29.58740679 2
19543 18238 18239       30.83657986 1
19544 18238 18239       30.83657986 2
19545 18864 18101       26.95186966 1
19546 18864 18101       26.95186966 2
19547 17202 17705       31.02252433 2
19548 17202 17705       31.02252433 2
19549 18496 17140       30.24998223 2
19550 18496 17140       30.24998223 2
19551 17265 18664       27.15893224 2
19552 17265 18664       27.15893224 1
19553 18491 17333       29.25868939 2
19554 18491 17333       29.25868939 2
19555 19017 17758       28.54485393 1
19556 19017 17758       28.54485393 2
19557 19002 17913       24.64703296 1
19558 19002 17913       24.64703296 2
19559 17903 17490       28.79099829 2
19560 17903 17490       28.79099829 2
19561 17521 17808       28.82816194 1
19562 17521 17808       28.82816194 1
19563 18937 17108       23.52000626 1
19564 18937 17108       23.52000626 1
19565 18175 18872       26.54572880 1
19566 18175 18872       26.54572880 1
19567 19051 18984       33.93566347 1
19568 19051 18984       33.93566347 2
19569 17230 17533       29.28476812 1
19570 17230 17533       29.28476812 2
19571 17995 18028       28.76762877 2
19572 17995 18028       28.76762877 1
19573 19032 17562       31.93216795 1
19574 19032 17562       31.93216795 1
19575 17202 18683       33.14617320 2
19576 17202 18683       33.14617320 1
19577 17751 18299       33.95327908 2
19578 17751 18299       33.95327908 1
19579 18193 17912       26.55444844 1
19580 18193 17912       26.55444844 2
19581 17165 18537       29.49344797 1
19582 17165 18537       29.49344797 2
19583 17903 17624       28.53077249 1
19584 17903 17624       28.53077249 1
19585 17218 17579       25.46646222 1
19586 17218 17579       25.46646222 2
19587 18889 18999       24.73309486 1
19588 18889 18999       24.73309486 2
19589 17785 18340       28.95122012 2
19590 17785 18340       28.95122012 1
19591 18620 17557       27.01151536 1
19592 18620 17557       27.01151536 1
19593 17321 17244       24.96365309 1
19594 17321 17244       24.96365309 1
19595 19009 17742       33.57197294 1
19596 19009 17742       33.57197294 1
19597 17230 18474       34.47312805 1
19598 17230 18474       34.47312805 1
19599 18244 18409       26.48220810 2
19600 18244 18409       26.48220810 2
19601 19051 17206       33.57260926 2
19602 19051 17206       33.57260926 1
19603 17746 18934       29.06090192 2
19604 17746 18934       29.06090192 1
19605 18604 18515       22.66452624 1
19606 18604 18515       22.66452624 1
19607 17545 18306       31.45937641 1
19608 17545 18306       31.45937641 2
19609 18681 18769       29.48920145 2
19610 18681 18769       29.48920145 2
19611 17428 17780       28.88812541 1
19612 17428 17780       28.88812541 2
19613 18937 18247       24.71204605 1
19614 18937 18247       24.71204605 1
19615 18135 18234       24.48231080 1
19616 18135 18234       24.48231080 1
19617 17512 17372       28.60303374 2
19618 17512 17372       28.60303374 2
19619 17604 17708       31.82259973 2
19620 17604 17708       31.82259973 2
19621 17321 18116       24.32916125 2
19622 17321 18116       24.32916125 1
19623 17407 18558       31.15721309 2
19624 17407 18558       31.15721309 1
19625 17794 17516       27.15497170 1
19626 17794 17516       27.15497170 1
19627 18681 18343       29.15153541 2
19628 18681 18343       29.15153541 2
19629 18269 18158       32.74722619 1
19630 18269 18158       32.74722619 1
19631 17604 18451       25.96973671 1
19632 17604 18451       25.96973671 1
19633 17751 17217       33.18638570 1
19634 17751 17217       33.18638570 1
19635 18135 18031       20.82965067 1
19636 18135 18031       20.82965067 2
19637 17512 17729       37.39885160 1
19638 17512 17729       37.39885160 2
19639 18685 18565       32.07628280 1
19640 18685 18565       32.07628280 2
19641 18138 17451       29.59243666 1
19642 18138 17451       29.59243666 1
19643 17738 17495       24.36688041 2
19644 17738 17495       24.36688041 2
19645 17521 17130       31.23058599 2
19646 17521 17130       31.23058599 2
19647 17985 17958       24.62121201 1
19648 17985 17958       24.62121201 2
19649 17995 17633       23.87567444 1
19650 17995 17633       23.87567444 2
19651 17328 17424       29.77950142 1
19652 17328 17424       29.77950142 1
19653 18796 18806       27.64632050 1
19654 18796 18806       27.64632050 1
19655 17265 17452       31.04135351 2
19656 17265 17452       31.04135351 2
19657 17218 17161       30.20291565 1
19658 17218 17161       30.20291565 1
19659 17412 17331       26.71951651 2
19660 17412 17331       26.71951651 2
19661 18889 17284       29.34319655 1
19662 18889 17284       29.34319655 2
19663 17319 17236       28.64664690 2
19664 17319 17236       28.64664690 2
19665 18864 18079       26.94790828 1
19666 18864 18079       26.94790828 2
19667 18007 18211       28.14506965 1
19668 18007 18211       28.14506965 1
19669 17428 18383       31.74304421 2
19670 17428 18383       31.74304421 1
19671 18740 17723       24.24931219 2
19672 18740 17723       24.24931219 2
19673 18213 18001       35.65825867 1
19674 18213 18001       35.65825867 1
19675 17874 19039       35.08102443 2
19676 17874 19039       35.08102443 1
19677 18269 17986       26.17089929 2
19678 18269 17986       26.17089929 2
19679 17218 17752       32.14491959 2
19680 17218 17752       32.14491959 2
19681 17211 18931       29.60794843 2
19682 17211 18931       29.60794843 1
19683 18046 17467       28.66698165 1
19684 18046 17467       28.66698165 2
19685 17230 18011       27.59281627 1
19686 17230 18011       27.59281627 1
19687 19032 18194       30.90834671 1
19688 19032 18194       30.90834671 1
19689 18181 19074       30.26737355 2
19690 18181 19074       30.26737355 1
19691 18150 17671       26.39089022 1
19692 18150 17671       26.39089022 1
19693 18693 18092       37.07688607 2
19694 18693 18092       37.07688607 2
19695 19017 17548       29.36017515 1
19696 19017 17548       29.36017515 2
19697 17230 18599       28.32684171 2
19698 17230 18599       28.32684171 1
19699 18241 18074       22.20271647 2
19700 18241 18074       22.20271647 1
19701 18990 18688       31.29138554 1
19702 18990 18688       31.29138554 1
19703 19051 18976       31.79592759 1
19704 19051 18976       31.79592759 1
19705 18889 18517       22.46553555 2
19706 18889 18517       22.46553555 1
19707 18610 18942       24.75660516 1
19708 18610 18942       24.75660516 2
19709 18850 18512       24.38752429 2
19710 18850 18512       24.38752429 1
19711 18675 18373       29.82980078 2
19712 18675 18373       29.82980078 1
19713 17319 17318       29.25531586 2
19714 17319 17318       29.25531586 1
19715 18209 18105       28.04406026 1
19716 18209 18105       28.04406026 1
19717 17227 18506       31.17602146 2
19718 17227 18506       31.17602146 2
19719 17545 18878       29.85814438 1
19720 17545 18878       29.85814438 2
19721 18269 18956       27.02408133 2
19722 18269 18956       27.02408133 2
19723 17359 18113       24.72560358 1
19724 17359 18113       24.72560358 2
19725 18244 17955       24.80193332 1
19726 18244 17955       24.80193332 1
19727 18685 17388       29.17665344 2
19728 18685 17388       29.17665344 2
19729 17321 17167       28.89945424 2
19730 17321 17167       28.89945424 1
19731 18181 17408       32.67676545 1
19732 18181 17408       32.67676545 1
19733 18318 19093       23.65350126 1
19734 18318 19093       23.65350126 1
19735 17300 18708       29.57688170 1
19736 17300 18708       29.57688170 1
19737 18548 17344       22.78818077 2
19738 18548 17344       22.78818077 2
19739 17248 17184       29.09223443 1
19740 17248 17184       29.09223443 2
19741 17751 17976       31.83086861 2
19742 17751 17976       31.83086861 1
19743 17738 18879       26.89994490 1
19744 17738 18879       26.89994490 2
19745 17227 18485       30.75249449 1
19746 17227 18485       30.75249449 1
19747 18332 18096       31.01578834 1
19748 18332 18096       31.01578834 2
19749 18038 18641       21.01690189 2
19750 18038 18641       21.01690189 1
19751 17746 18698       27.14403375 2
19752 17746 18698       27.14403375 1
19753 18045 18225       22.61483994 1
19754 18045 18225       22.61483994 2
19755 17521 18924       27.37471581 2
19756 17521 18924       27.37471581 1
19757 18310 17845       29.23089859 1
19758 18310 17845       29.23089859 1
19759 17545 17291       35.17092173 2
19760 17545 17291       35.17092173 2
19761 18937 18737       28.03629427 2
19762 18937 18737       28.03629427 2
19763 18027 17819       27.33960813 2
19764 18027 17819       27.33960813 1
19765 17746 18523       28.44916561 1
19766 17746 18523       28.44916561 1
19767 17137 17868       32.96501919 2
19768 17137 17868       32.96501919 1
19769 18244 18505       33.95426165 2
19770 18244 18505       33.95426165 2
19771 17870 18847       27.28665249 2
19772 17870 18847       27.28665249 2
19773 17738 18042       23.30499195 1
19774 17738 18042       23.30499195 2
19775 18731 18944       33.35946395 1
19776 18731 18944       33.35946395 1
19777 17218 18514       31.76038028 1
19778 17218 18514       31.76038028 1
19779 18138 18041       23.38945058 2
19780 18138 18041       23.38945058 2
19781 19009 17741       33.40087951 1
19782 19009 17741       33.40087951 2
19783 19054 17587       24.94327939 1
19784 19054 17587       24.94327939 1
19785 19049 18837       29.46709947 2
19786 19049 18837       29.46709947 1
19787 17985 17555       25.87583025 2
19788 17985 17555       25.87583025 1
19789 17985 17984       27.82682311 1
19790 17985 17984       27.82682311 1
19791 18045 18598       30.54552813 2
19792 18045 18598       30.54552813 2
19793 17239 17675       26.97730002 2
19794 17239 17675       26.97730002 1
19795 18796 19070       32.38211930 1
19796 18796 19070       32.38211930 2
19797 17719 18219       30.00038544 1
19798 17719 18219       30.00038544 2
19799 18620 17804       25.74062698 1
19800 18620 17804       25.74062698 2
19801 18796 17336       35.68610069 2
19802 18796 17336       35.68610069 1
19803 19094 18351       21.80488183 2
19804 19094 18351       21.80488183 1
19805 18027 17129       31.67943223 2
19806 18027 17129       31.67943223 2
19807 18491 18243       30.47838302 2
19808 18491 18243       30.47838302 2
19809 17746 18833       31.71464845 2
19810 17746 18833       31.71464845 1
19811 18690 18830       29.56746820 2
19812 18690 18830       29.56746820 1
19813 18213 18780       29.10293285 2
19814 18213 18780       29.10293285 1
19815 18693 17320       33.68900881 1
19816 18693 17320       33.68900881 2
19817 18035 17680       27.55974521 2
19818 18035 17680       27.55974521 1
19819 17667 18307       28.32426531 2
19820 17667 18307       28.32426531 1
19821 17731 18851       30.06746635 1
19822 17731 18851       30.06746635 1
19823 18886 18808       33.26233070 2
19824 18886 18808       33.26233070 2
19825 18282 18972       24.92723018 2
19826 18282 18972       24.92723018 2
19827 17874 17641       32.86407228 2
19828 17874 17641       32.86407228 1
19829 18740 18132       28.88903229 2
19830 18740 18132       28.88903229 1
19831 19054 17882       24.45933417 2
19832 19054 17882       24.45933417 1
19833 18681 18770       30.21365057 1
19834 18681 18770       30.21365057 1
19835 17137 17189       31.78395357 1
19836 17137 17189       31.78395357 1
19837 17230 17872       26.36095441 1
19838 17230 17872       26.36095441 1
19839 17874 18067       25.03530161 1
19840 17874 18067       25.03530161 2
19841 17719 17908       28.87538975 1
19842 17719 17908       28.87538975 2
19843 18889 17355       29.51302380 2
19844 18889 17355       29.51302380 2
19845 17719 18965       28.81175386 2
19846 17719 18965       28.81175386 2
19847 17521 18030       27.43832580 2
19848 17521 18030       27.43832580 1
19849 18241 17259       23.01821137 2
19850 18241 17259       23.01821137 1
19851 17985 18671       23.97611639 2
19852 17985 18671       23.97611639 2
19853 18135 18930       22.18292799 2
19854 18135 18930       22.18292799 2
19855 18610 18941       26.51089149 1
19856 18610 18941       26.51089149 1
19857 18282 18004       21.62814407 1
19858 18282 18004       21.62814407 2
19859 18953 18149       31.17709469 2
19860 18953 18149       31.17709469 1
19861 18937 18498       27.29612949 2
19862 18937 18498       27.29612949 2
19863 17870 18628       29.84507980 2
19864 17870 18628       29.84507980 2
19865 19017 17532       25.89324238 2
19866 19017 17532       25.89324238 2
19867 18990 18901       20.14722228 2
19868 18990 18901       20.14722228 2
19869 18038 18618       28.33532070 2
19870 18038 18618       28.33532070 1
19871 17751 17443       26.80107929 2
19872 17751 17443       26.80107929 2
19873 17719 17518       30.86154417 2
19874 17719 17518       30.86154417 2
19875 17300 18508       24.98690546 1
19876 17300 18508       24.98690546 2
19877 17701 18836       28.46185852 2
19878 17701 18836       28.46185852 1
19879 17512 17614       35.37874621 1
19880 17512 17614       35.37874621 2
19881 18046 18827       30.42772420 1
19882 18046 18827       30.42772420 2
19883 18824 17850       37.24974929 2
19884 18824 17850       37.24974929 1
19885 18138 18669       29.69304722 2
19886 18138 18669       29.69304722 2
19887 17428 17377       29.17183624 2
19888 17428 17377       29.17183624 1
19889 19032 18057       29.91551961 1
19890 19032 18057       29.91551961 2
19891 17794 17391       31.84175351 2
19892 17794 17391       31.84175351 1
19893 18282 18359       28.54327035 2
19894 18282 18359       28.54327035 1
19895 18886 18658       30.67001039 2
19896 18886 18658       30.67001039 1
19897 17903 18709       28.43283791 2
19898 17903 18709       28.43283791 2
19899 18740 17938       23.74603496 2
19900 18740 17938       23.74603496 2
19901 18953 18021       29.92895847 1
19902 18953 18021       29.92895847 1
19903 19094 18996       28.90813576 1
19904 19094 18996       28.90813576 1
19905 17359 18866       27.21431157 2
19906 17359 18866       27.21431157 2
19907 18162 18235       29.56588190 1
19908 18162 18235       29.56588190 2
19909 18491 17910       31.12215973 2
19910 18491 17910       31.12215973 1
19911 17211 17308       24.38539168 2
19912 17211 17308       24.38539168 1
19913 18850 18642       23.43499046 2
19914 18850 18642       23.43499046 1
19915 19094 18540       28.15008294 1
19916 19094 18540       28.15008294 1
19917 18937 18606       27.63695169 2
19918 18937 18606       27.63695169 1
19919 17319 18348       24.30371952 2
19920 17319 18348       24.30371952 2
19921 17751 18281       26.36475326 2
19922 17751 18281       26.36475326 1
19923 17545 17761       28.30144861 2
19924 17545 17761       28.30144861 2
19925 17211 19086       27.03947830 2
19926 17211 19086       27.03947830 2
19927 18332 18426       31.70862632 1
19928 18332 18426       31.70862632 1
19929 17211 17223       29.58706737 2
19930 17211 17223       29.58706737 2
19931 18209 18730       28.86715832 2
19932 18209 18730       28.86715832 1
19933 18310 18216       26.00836819 2
19934 18310 18216       26.00836819 1
19935 18740 18820       26.69897486 1
19936 18740 18820       26.69897486 1
19937 18850 17286       22.00088815 2
19938 18850 17286       22.00088815 2
19939 18282 17209       24.25152360 1
19940 18282 17209       24.25152360 1
19941 19063 18961       29.14811924 1
19942 19063 18961       29.14811924 2
19943 17738 17970       26.77640177 1
19944 17738 17970       26.77640177 1
19945 17265 17240       32.05761069 1
19946 17265 17240       32.05761069 1
19947 17874 17646       29.05988988 2
19948 17874 17646       29.05988988 1
19949 19049 18126       26.68008367 2
19950 19049 18126       26.68008367 1
19951 18610 18843       30.24820690 2
19952 18610 18843       30.24820690 2
19953 18282 18012       21.02552066 2
19954 18282 18012       21.02552066 2
19955 18694 17852       35.00973593 1
19956 18694 17852       35.00973593 2
19957 18413 18476       34.25236197 1
19958 18413 18476       34.25236197 1
19959 17407 19048       28.12417782 1
19960 17407 19048       28.12417782 1
19961 18850 17632       23.98054485 2
19962 18850 17632       23.98054485 1
19963 18937 18157       29.52230603 1
19964 18937 18157       29.52230603 1
19965 18731 17679       23.88119151 2
19966 18731 17679       23.88119151 2
19967 18980 17101       28.26098798 2
19968 18980 17101       28.26098798 2
19969 18181 18489       30.69801135 1
19970 18181 18489       30.69801135 2
19971 17511 17114       32.65325653 2
19972 17511 17114       32.65325653 1
19973 17300 18612       29.42277016 2
19974 17300 18612       29.42277016 1
19975 17995 17441       25.17596303 2
19976 17995 17441       25.17596303 2
19977 17359 17991       24.19290689 2
19978 17359 17991       24.19290689 1
19979 18209 17930       27.70256821 1
19980 18209 17930       27.70256821 1
19981 17701 19078       29.76113683 2
19982 17701 19078       29.76113683 1
19983 19054 17777       31.44928616 1
19984 19054 17777       31.44928616 2
19985 17667 18840       32.28252755 1
19986 17667 18840       32.28252755 1
19987 17202 18713       31.47092710 2
19988 17202 18713       31.47092710 1
19989 17995 18405       37.42017990 2
19990 17995 18405       37.42017990 2
19991 17870 17473       33.94576710 1
19992 17870 17473       33.94576710 2
19993 18824 17601       29.20885963 2
19994 18824 17601       29.20885963 1
19995 19032 18561       30.87094906 1
19996 19032 18561       30.87094906 2
19997 19002 18008       26.39641534 1
19998 19002 18008       26.39641534 2
19999 17409 18631       25.56958335 2
20000 17409 18631       25.56958335 1
20001 17701 18637       28.85157563 1
20002 17701 18637       28.85157563 2
20003 18690 18686       34.11717743 2
20004 18690 18686       34.11717743 1
20005 17870 18315       25.05167862 2
20006 17870 18315       25.05167862 2
20007 17828 17725       23.90933628 1
20008 17828 17725       23.90933628 1
20009 17719 17907       26.64463992 2
20010 17719 17907       26.64463992 1
20011 17794 19057       26.57122849 1
20012 17794 19057       26.57122849 1
20013 17248 17148       32.48813031 2
20014 17248 17148       32.48813031 1
20015 18796 17649       25.86006842 1
20016 18796 17649       25.86006842 2
20017 18150 19067       24.92614211 2
20018 18150 19067       24.92614211 2
20019 17347 17628       31.94501161 1
20020 17347 17628       31.94501161 2
20021 18953 18950       31.30520731 2
20022 18953 18950       31.30520731 1
20023 18886 18486       34.05702443 2
20024 18886 18486       34.05702443 1
20025 18175 17287       28.27033940 2
20026 18175 17287       28.27033940 2
20027 18980 17215       27.73897118 1
20028 18980 17215       27.73897118 2
20029 17511 17192       35.95249460 2
20030 17511 17192       35.95249460 1
20031 18496 18921       23.87846149 1
20032 18496 18921       23.87846149 1
20033 18413 18581       26.09778355 1
20034 18413 18581       26.09778355 2
20035 18784 18914       32.96112832 1
20036 18784 18914       32.96112832 2
20037 17521 17251       33.60905021 1
20038 17521 17251       33.60905021 2
20039 18027 17847       31.40284847 1
20040 18027 17847       31.40284847 1
20041 18318 17109       32.23106543 2
20042 18318 17109       32.23106543 2
20043 19002 17830       27.12840172 2
20044 19002 17830       27.12840172 2
20045 18990 18700       23.92185481 2
20046 18990 18700       23.92185481 1
20047 18886 17183       30.15248933 1
20048 18886 17183       30.15248933 2
20049 17412 18870       23.08145641 2
20050 17412 18870       23.08145641 1
20051 19017 17757       28.00919030 1
20052 19017 17757       28.00919030 2
20053 17347 17816       31.40831683 2
20054 17347 17816       31.40831683 2
20055 19094 17386       27.32848778 2
20056 19094 17386       27.32848778 1
20057 19054 18736       23.43800040 2
20058 19054 18736       23.43800040 2
20059 18690 18147       26.12356378 2
20060 18690 18147       26.12356378 1
20061 18413 17873       32.81007489 2
20062 18413 17873       32.81007489 1
20063 18045 18151       28.55380957 2
20064 18045 18151       28.55380957 2
20065 17604 18723       26.62799228 1
20066 17604 18723       26.62799228 1
20067 17512 17730       35.74186204 1
20068 17512 17730       35.74186204 1
20069 18007 17889       26.03592309 1
20070 18007 17889       26.03592309 1
20071 17794 18885       33.42881871 2
20072 17794 18885       33.42881871 1
20073 18604 18082       29.19188297 2
20074 18604 18082       29.19188297 2
20075 17738 17422       27.13063454 1
20076 17738 17422       27.13063454 2
20077 17995 18263       28.91555659 1
20078 17995 18263       28.91555659 2
20079 18135 17277       24.43067788 2
20080 18135 17277       24.43067788 1
20081 18244 18785       30.82978312 2
20082 18244 18785       30.82978312 1
20083 17407 18832       28.32833428 1
20084 17407 18832       28.32833428 1
20085 19002 17237       32.43311904 2
20086 19002 17237       32.43311904 1
20087 18796 18177       34.59474452 1
20088 18796 18177       34.59474452 2
20089 17359 17833       28.78998116 2
20090 17359 17833       28.78998116 2
20091 17137 17201       28.42375311 2
20092 17137 17201       28.42375311 1
20093 17701 18201       24.62480969 2
20094 17701 18201       24.62480969 2
20095 18675 17888       30.41860127 1
20096 18675 17888       30.41860127 1
20097 18150 17564       29.51888158 1
20098 18150 17564       29.51888158 1
20099 18693 19062       34.90608145 2
20100 18693 19062       34.90608145 2
20101 17347 18324       31.44767931 2
20102 17347 18324       31.44767931 1
20103 18244 18877       25.24453341 2
20104 18244 18877       25.24453341 1
20105 18548 17181       24.24416752 2
20106 18548 17181       24.24416752 2
20107 18138 17755       27.85343070 2
20108 18138 17755       27.85343070 1
20109 17995 17419       27.48643776 2
20110 17995 17419       27.48643776 2
20111 17347 19058       27.85858332 1
20112 17347 19058       27.85858332 2
20113 17227 18495       31.37669057 1
20114 17227 18495       31.37669057 2
20115 17545 18662       33.23970159 1
20116 17545 18662       33.23970159 1
20117 19049 17261       26.72122122 1
20118 19049 17261       26.72122122 1
20119 18610 18844       30.85353116 1
20120 18610 18844       30.85353116 2
20121 17319 17825       27.70689476 2
20122 17319 17825       27.70689476 2
20123 19017 18444       24.19459607 2
20124 19017 18444       24.19459607 2
20125 17511 17310       38.44422009 1
20126 17511 17310       38.44422009 2
20127 18038 18510       26.17497109 2
20128 18038 18510       26.17497109 1
20129 18035 17917       28.39510984 1
20130 18035 17917       28.39510984 2
20131 19063 19079       27.35336972 1
20132 19063 19079       27.35336972 1
20133 18310 18350       27.01365051 2
20134 18310 18350       27.01365051 2
20135 18241 18073       26.81377656 2
20136 18241 18073       26.81377656 1
20137 19032 18459       31.28107119 1
20138 19032 18459       31.28107119 2
20139 18731 18000       25.63466291 1
20140 18731 18000       25.63466291 2
20141 17359 19077       29.82073659 2
20142 17359 19077       29.82073659 1
20143 17227 17769       31.20687838 2
20144 17227 17769       31.20687838 2
20145 18282 17298       24.21838837 2
20146 18282 17298       24.21838837 1
20147 17137 17398       29.27446530 1
20148 17137 17398       29.27446530 2
20149 18784 18246       31.22351681 2
20150 18784 18246       31.22351681 1
20151 17211 18719       29.15194600 2
20152 17211 18719       29.15194600 2
20153 18491 17566       31.03436480 2
20154 18491 17566       31.03436480 1
20155 17874 18392       28.58447771 2
20156 17874 18392       28.58447771 1
20157 18980 18327       33.36152209 2
20158 18980 18327       33.36152209 1
20159 17202 17339       28.82804912 1
20160 17202 17339       28.82804912 2
20161 17321 18536       21.54638215 2
20162 17321 18536       21.54638215 2
20163 17604 18230       23.35257903 2
20164 17604 18230       23.35257903 2
20165 18520 17477       22.56069328 2
20166 18520 17477       22.56069328 2
20167 17512 17225       29.13281904 2
20168 17512 17225       29.13281904 2
20169 17412 18261       25.01029683 2
20170 17412 18261       25.01029683 1
20171 18046 18097       28.85180946 2
20172 18046 18097       28.85180946 1
20173 19009 18755       30.41764291 1
20174 19009 18755       30.41764291 1
20175 19063 18703       24.62602627 1
20176 19063 18703       24.62602627 2
20177 19051 18975       31.45184900 1
20178 19051 18975       31.45184900 1
20179 18135 17791       27.58249275 2
20180 18135 17791       27.58249275 1
20181 17584 18725       28.28279412 1
20182 17584 18725       28.28279412 1
20183 19063 18155       24.82563361 1
20184 19063 18155       24.82563361 1
20185 18620 18583       28.92497377 2
20186 18620 18583       28.92497377 2
20187 17545 17926       31.56439442 1
20188 17545 17926       31.56439442 1
20189 18694 17522       31.62797764 1
20190 18694 17522       31.62797764 2
20191 17584 18044       28.95934564 2
20192 17584 18044       28.95934564 1
20193 17412 17312       26.99850787 1
20194 17412 17312       26.99850787 1
20195 17428 17590       28.02420393 2
20196 17428 17590       28.02420393 1
20197 18850 18511       25.25687758 2
20198 18850 18511       25.25687758 2
20199 17165 18809       25.68165842 1
20200 17165 18809       25.68165842 2
20201 18685 18623       31.53338215 1
20202 18685 18623       31.53338215 2
20203 19054 18445       27.46280758 2
20204 19054 18445       27.46280758 1
20205 17211 17307       25.19524115 1
20206 17211 17307       25.19524115 1
20207 17512 18586       34.27156578 2
20208 17512 18586       34.27156578 2
20209 17746 17520       27.63105581 2
20210 17746 17520       27.63105581 2
20211 18690 18876       32.11848336 1
20212 18690 18876       32.11848336 1
20213 18685 19091       33.84834517 1
20214 18685 19091       33.84834517 1
20215 18027 18601       25.47328877 2
20216 18027 18601       25.47328877 1
20217 17227 17594       28.25066361 2
20218 17227 17594       28.25066361 1
20219 17667 18127       29.30564254 1
20220 17667 18127       29.30564254 1
20221 18850 18529       27.90240207 1
20222 18850 18529       27.90240207 2
20223 17828 18595       28.76454718 1
20224 17828 18595       28.76454718 1
20225 18269 17936       33.96426285 1
20226 18269 17936       33.96426285 2
20227 17248 18650       30.60548907 1
20228 17248 18650       30.60548907 1
20229 17347 17276       30.89296446 2
20230 17347 17276       30.89296446 1
20231 18244 19015       32.84008024 1
20232 18244 19015       32.84008024 2
20233 17359 18304       30.06272702 2
20234 17359 18304       30.06272702 2
20235 18889 18342       31.57943855 2
20236 18889 18342       31.57943855 1
20237 17230 17141       31.76150814 1
20238 17230 17141       31.76150814 2
20239 18740 19095       26.11819626 1
20240 18740 19095       26.11819626 1
20241 17319 17622       26.53196150 2
20242 17319 17622       26.53196150 2
20243 17874 18391       26.31667463 2
20244 17874 18391       26.31667463 2
20245 18162 17699       28.77058911 1
20246 18162 17699       28.77058911 1
20247 17347 18051       32.40160870 1
20248 17347 18051       32.40160870 1
20249 18694 17815       30.09810009 2
20250 18694 17815       30.09810009 1
20251 17409 18068       23.13355063 1
20252 17409 18068       23.13355063 1
20253 17409 18899       24.93937671 1
20254 17409 18899       24.93937671 2
20255 17604 18974       26.75013490 1
20256 17604 18974       26.75013490 1
20257 18694 18289       30.48358704 2
20258 18694 18289       30.48358704 1
20259 18675 17942       30.10161816 2
20260 18675 17942       30.10161816 1
20261 18332 17550       33.41707297 1
20262 18332 17550       33.41707297 1
20263 17785 17905       31.67716039 2
20264 17785 17905       31.67716039 2
20265 18990 18687       28.36773117 2
20266 18990 18687       28.36773117 1
20267 18162 18401       32.81821375 1
20268 18162 18401       32.81821375 2
20269 17407 17350       28.57005329 2
20270 17407 17350       28.57005329 1
20271 17903 18553       33.61353926 2
20272 17903 18553       33.61353926 2
20273 17202 19025       29.09182553 1
20274 17202 19025       29.09182553 2
20275 17521 17763       29.69242289 2
20276 17521 17763       29.69242289 2
20277 17248 18863       31.81857189 1
20278 17248 18863       31.81857189 2
20279 18681 18367       30.99597508 1
20280 18681 18367       30.99597508 1
20281 17511 17113       34.33272627 1
20282 17511 17113       34.33272627 2
20283 17870 18751       40.35072934 1
20284 17870 18751       40.35072934 1
20285 17874 17645       28.77911020 1
20286 17874 17645       28.77911020 2
20287 18796 17487       33.80536897 1
20288 18796 17487       33.80536897 1
20289 18864 17200       23.74875969 1
20290 18864 17200       23.74875969 2
20291 17165 17186       30.86170781 2
20292 17165 17186       30.86170781 2
20293 17584 17574       29.93207223 1
20294 17584 17574       29.93207223 1
20295 18850 17952       23.61264855 2
20296 18850 17952       23.61264855 2
20297 17328 18707       30.36503239 2
20298 17328 18707       30.36503239 1
20299 18038 17636       26.26778841 1
20300 18038 17636       26.26778841 2
20301 19054 17588       21.06898061 2
20302 19054 17588       21.06898061 2
20303 17137 18086       27.24777180 1
20304 17137 18086       27.24777180 2
20305 17701 18743       29.90079200 2
20306 17701 18743       29.90079200 1
20307 18175 18871       27.44694758 2
20308 18175 18871       27.44694758 1
20309 17751 18483       32.53649757 1
20310 17751 18483       32.53649757 2
20311 18693 18259       33.84359582 1
20312 18693 18259       33.84359582 2
20313 17328 17267       33.01164791 2
20314 17328 17267       33.01164791 1
20315 18332 17549       31.59588338 2
20316 18332 17549       31.59588338 2
20317 18244 18492       29.49923686 2
20318 18244 18492       29.49923686 1
20319 18045 17990       27.10732910 1
20320 18045 17990       27.10732910 1
20321 19002 17638       23.56666760 1
20322 19002 17638       23.56666760 2
20323 17248 18935       32.07795714 1
20324 17248 18935       32.07795714 1
20325 18889 18341       32.55190416 2
20326 18889 18341       32.55190416 1
20327 18181 17514       29.91821444 1
20328 18181 17514       29.91821444 2
20329 18681 17229       35.52817366 1
20330 18681 17229       35.52817366 1
20331 18038 18433       24.94102138 2
20332 18038 18433       24.94102138 2
20333 17328 17954       38.37357354 1
20334 17328 17954       38.37357354 1
20335 18241 17639       27.29854164 2
20336 18241 17639       27.29854164 2
20337 18269 18845       31.85391280 2
20338 18269 18845       31.85391280 1
20339 19051 18484       32.02000572 1
20340 19051 18484       32.02000572 1
20341 18864 17193       29.59523259 1
20342 18864 17193       29.59523259 2
20343 18318 17900       28.57867979 2
20344 18318 17900       28.57867979 1
20345 17347 17781       29.84138774 2
20346 17347 17781       29.84138774 1
20347 17211 17947       30.53019572 2
20348 17211 17947       30.53019572 2
20349 18238 18494       31.32053507 2
20350 18238 18494       31.32053507 2
20351 17874 18032       24.16613416 1
20352 17874 18032       24.16613416 2
20353 18731 18613       27.61210357 1
20354 18731 18613       27.61210357 1
20355 18520 19050       27.00072481 2
20356 18520 19050       27.00072481 2
20357 17347 18231       33.37207171 2
20358 17347 18231       33.37207171 2
20359 18027 18265       28.07518415 2
20360 18027 18265       28.07518415 1
20361 18238 17797       34.59119352 2
20362 18238 17797       34.59119352 1
20363 18690 18199       27.86120270 1
20364 18690 18199       27.86120270 2
20365 17409 18900       22.64647342 2
20366 17409 18900       22.64647342 2
20367 17604 17818       30.23076227 2
20368 17604 17818       30.23076227 1
20369 18209 18363       31.89935728 1
20370 18209 18363       31.89935728 1
20371 19094 18625       30.90859505 1
20372 19094 18625       30.90859505 2
20373 17218 18029       29.35505536 2
20374 17218 18029       29.35505536 2
20375 17738 18880       26.68373784 2
20376 17738 18880       26.68373784 2
20377 18318 19038       27.01667196 2
20378 18318 19038       27.01667196 2
20379 18864 18034       28.41639053 1
20380 18864 18034       28.41639053 1
20381 18886 17309       34.65787987 1
20382 18886 17309       34.65787987 2
20383 18209 18106       27.75296643 2
20384 18209 18106       27.75296643 1
20385 17412 18389       26.00077603 1
20386 17412 18389       26.00077603 1
20387 18135 18607       26.54747604 2
20388 18135 18607       26.54747604 1
20389 18824 18331       35.46268492 2
20390 18824 18331       35.46268492 2
20391 18604 17185       29.10963512 2
20392 18604 17185       29.10963512 2
20393 17265 19040       34.93148524 1
20394 17265 19040       34.93148524 1
20395 18953 18760       25.02646972 2
20396 18953 18760       25.02646972 2
20397 17667 18176       29.48316090 1
20398 17667 18176       29.48316090 2
20399 18310 17492       30.45676837 2
20400 18310 17492       30.45676837 1
20401 17731 17915       27.48154640 2
20402 17731 17915       27.48154640 2
20403 18209 17582       29.15923546 1
20404 18209 17582       29.15923546 1
20405 17512 17226       31.38619681 2
20406 17512 17226       31.38619681 2
20407 18193 17911       27.01997226 2
20408 18193 17911       27.01997226 2
20409 18548 17366       21.80585679 2
20410 18548 17366       21.80585679 2
20411 17165 17685       31.38480769 1
20412 17165 17685       31.38480769 1
20413 17300 17946       30.63974440 1
20414 17300 17946       30.63974440 1
20415 18864 17669       28.03028122 2
20416 18864 17669       28.03028122 1
20417 18610 17998       25.14116598 1
20418 18610 17998       25.14116598 1
20419 18135 19083       27.47442341 2
20420 18135 19083       27.47442341 2
20421 17584 18309       30.43619366 2
20422 17584 18309       30.43619366 1
20423 18038 17902       26.64631714 2
20424 18038 17902       26.64631714 1
20425 18413 17219       32.02289083 2
20426 18413 17219       32.02289083 2
20427 18046 18597       28.28688230 1
20428 18046 18597       28.28688230 1
20429 17248 17886       30.95389050 2
20430 17248 17886       30.95389050 1
20431 18269 18798       29.58348443 2
20432 18269 18798       29.58348443 2
20433 18213 18450       29.42466261 1
20434 18213 18450       29.42466261 1
20435 17202 18435       28.64671180 1
20436 17202 18435       28.64671180 2
20437 18681 17660       30.80169936 1
20438 18681 17660       30.80169936 2
20439 18886 17464       30.40253761 1
20440 18886 17464       30.40253761 1
20441 19032 17625       28.64937872 2
20442 19032 17625       28.64937872 1
20443 18731 18614       28.56164709 1
20444 18731 18614       28.56164709 1
20445 17521 17709       30.00936401 2
20446 17521 17709       30.00936401 1
20447 17412 18033       27.24117727 2
20448 17412 18033       27.24117727 2
20449 18937 17280       24.08515348 2
20450 18937 17280       24.08515348 2
20451 17409 18580       25.90826599 2
20452 17409 18580       25.90826599 1
20453 18045 18896       24.68547600 1
20454 18045 18896       24.68547600 1
20455 19051 18594       31.84374852 1
20456 19051 18594       31.84374852 1
20457 18269 18979       28.24687296 1
20458 18269 18979       28.24687296 1
20459 18193 19031       32.61181446 1
20460 18193 19031       32.61181446 1
20461 19049 19061       30.80268876 1
20462 19049 19061       30.80268876 2
20463 17218 18849       27.24897171 1
20464 17218 18849       27.24897171 2
20465 17667 17413       32.71563554 2
20466 17667 17413       32.71563554 2
20467 18046 17576       28.02595827 1
20468 18046 17576       28.02595827 1
20469 17545 18305       31.90282968 2
20470 17545 18305       31.90282968 2
20471 17511 18585       34.59454665 1
20472 17511 18585       34.59454665 1
20473 17604 18217       29.94498976 2
20474 17604 18217       29.94498976 1
20475 17667 18616       29.44391830 1
20476 17667 18616       29.44391830 1
20477 18784 17119       32.09934830 2
20478 18784 17119       32.09934830 2
20479 17218 17471       30.61597610 2
20480 17218 17471       30.61597610 1
20481 18496 17502       32.37249211 1
20482 18496 17502       32.37249211 2
20483 19002 17914       25.38815484 2
20484 19002 17914       25.38815484 1
20485 18209 18905       24.66890711 2
20486 18209 18905       24.66890711 1
20487 17227 17379       29.17272451 2
20488 17227 17379       29.17272451 2
20489 17903 19042       26.24967362 1
20490 17903 19042       26.24967362 2
20491 17751 18236       28.16174745 2
20492 17751 18236       28.16174745 2
20493 17409 18814       27.42763185 2
20494 17409 18814       27.42763185 1
20495 17347 17610       33.39917875 1
20496 17347 17610       33.39917875 2
20497 17202 18567       32.31340958 2
20498 17202 18567       32.31340958 1
20499 18675 17887       30.58261982 2
20500 18675 17887       30.58261982 1
20501 17719 18952       28.97983289 1
20502 17719 18952       28.97983289 2
20503 17701 18232       31.13115725 2
20504 17701 18232       31.13115725 2
20505 18681 17635       29.87744176 2
20506 18681 17635       29.87744176 1
20507 18675 17869       33.60480399 1
20508 18675 17869       33.60480399 1
20509 17165 18063       25.36764074 2
20510 17165 18063       25.36764074 1
20511 18824 17950       39.18394337 2
20512 18824 17950       39.18394337 2
20513 18796 17296       27.10767656 1
20514 18796 17296       27.10767656 1
20515 18980 17801       29.14403249 2
20516 18980 17801       29.14403249 1
20517 18824 18415       36.14717708 1
20518 18824 18415       36.14717708 2
20519 18675 18320       29.48043819 2
20520 18675 18320       29.48043819 1
20521 18007 18388       25.21967078 1
20522 18007 18388       25.21967078 2
20523 18241 19008       29.11838840 2
20524 18241 19008       29.11838840 2
20525 18150 18206       26.74749533 2
20526 18150 18206       26.74749533 2
20527 18332 18458       32.74860365 1
20528 18332 18458       32.74860365 2
20529 17667 18334       29.95822340 2
20530 17667 18334       29.95822340 2
20531 18332 17103       27.53349694 2
20532 18332 17103       27.53349694 2
20533 17218 17875       28.14534131 1
20534 17218 17875       28.14534131 2
20535 18150 17290       27.51431661 1
20536 18150 17290       27.51431661 2
20537 18209 17988       31.46585273 1
20538 18209 17988       31.46585273 2
20539 18496 18857       34.23327649 2
20540 18496 18857       34.23327649 2
20541 18213 17647       29.61399042 1
20542 18213 17647       29.61399042 1
20543 19009 18767       35.98582140 1
20544 19009 18767       35.98582140 1
20545 17428 17380       29.90885094 1
20546 17428 17380       29.90885094 1
20547 17828 17776       20.81765617 1
20548 17828 17776       20.81765617 1
20549 18332 18457       31.23641169 2
20550 18332 18457       31.23641169 2
20551 17584 18945       29.70336136 1
20552 17584 18945       29.70336136 2
20553 17903 18643       31.34876403 2
20554 17903 18643       31.34876403 1
20555 17165 17683       31.28639465 1
20556 17165 17683       31.28639465 1
20557 17359 18648       28.51204225 1
20558 17359 18648       28.51204225 2
20559 17731 17879       23.52913349 1
20560 17731 17879       23.52913349 1
20561 17218 17876       29.48886881 1
20562 17218 17876       29.48886881 1
20563 18045 18356       24.14051087 1
20564 18045 18356       24.14051087 1
20565 17701 18559       35.61077700 2
20566 17701 18559       35.61077700 2
20567 18824 17666       35.87245135 2
20568 18824 17666       35.87245135 1
20569 18520 17334       30.20631630 1
20570 18520 17334       30.20631630 2
20571 18332 17104       30.43108405 1
20572 18332 17104       30.43108405 2
20573 18045 18904       28.45338654 2
20574 18045 18904       28.45338654 2
20575 18213 18531       27.42841378 2
20576 18213 18531       27.42841378 1
20577 17165 17715       30.94267800 1
20578 17165 17715       30.94267800 1
20579 18620 17535       24.54387782 1
20580 18620 17535       24.54387782 2
20581 17828 17877       20.10991284 1
20582 17828 17877       20.10991284 2
20583 17995 18060       27.47788455 1
20584 17995 18060       27.47788455 2
20585 18175 18749       25.32090130 1
20586 18175 18749       25.32090130 1
20587 18693 18826       35.86020371 1
20588 18693 18826       35.86020371 2
20589 18864 18136       24.33387304 2
20590 18864 18136       24.33387304 1
20591 17211 18493       29.40648869 1
20592 17211 18493       29.40648869 2
20593 17738 17655       22.71092740 2
20594 17738 17655       22.71092740 2
20595 18310 17174       27.76114310 1
20596 18310 17174       27.76114310 2
20597 17227 17770       33.45117896 2
20598 17227 17770       33.45117896 2
20599 18685 18466       29.43634384 2
20600 18685 18466       29.43634384 2
20601 18244 18131       26.27953176 2
20602 18244 18131       26.27953176 1
20603 18138 17163       28.75740845 1
20604 18138 17163       28.75740845 2
20605 17667 17357       30.18188624 2
20606 17667 17357       30.18188624 2
20607 17985 17177       28.66465396 1
20608 17985 17177       28.66465396 2
20609 17137 17607       30.83968416 2
20610 17137 17607       30.83968416 1
20611 18693 18970       32.29008429 1
20612 18693 18970       32.29008429 2
20613 18850 17696       24.93843443 1
20614 18850 17696       24.93843443 2
20615 18282 17153       22.14413887 1
20616 18282 17153       22.14413887 2
20617 18162 17593       30.68631221 1
20618 18162 17593       30.68631221 1
20619 18990 17928       20.82118468 1
20620 18990 17928       20.82118468 2
20621 18690 18361       31.24450125 2
20622 18690 18361       31.24450125 2
20623 17239 17376       35.05440365 1
20624 17239 17376       35.05440365 1
20625 18496 18732       28.84422299 2
20626 18496 18732       28.84422299 2
20627 18181 17727       23.87412437 1
20628 18181 17727       23.87412437 1
20629 17785 18120       21.29016899 2
20630 17785 18120       21.29016899 1
20631 17584 18185       28.56878431 2
20632 17584 18185       28.56878431 1
20633 17903 18710       27.40466233 1
20634 17903 18710       27.40466233 1
20635 18332 18617       30.42563824 2
20636 18332 18617       30.42563824 2
20637 18740 19036       26.02926111 2
20638 18740 19036       26.02926111 1
20639 18864 18869       26.44019955 2
20640 18864 18869       26.44019955 2
20641 17300 18040       27.41397913 2
20642 17300 18040       27.41397913 1
20643 18796 19014       28.70855123 2
20644 18796 19014       28.70855123 2
20645 17521 19066       31.31566534 2
20646 17521 19066       31.31566534 1
20647 17239 17133       29.19382191 2
20648 17239 17133       29.19382191 1
20649 18520 17674       28.94344098 1
20650 18520 17674       28.94344098 2
20651 19049 18811       28.60776397 2
20652 19049 18811       28.60776397 1
20653 17985 17198       27.05971918 1
20654 17985 17198       27.05971918 1
20655 18520 18842       28.31750236 1
20656 18520 18842       28.31750236 2
20657 18953 17822       26.90449338 1
20658 18953 17822       26.90449338 2
20659 18238 18907       25.84036917 2
20660 18238 18907       25.84036917 1
20661 18937 17279       24.60753526 2
20662 18937 17279       24.60753526 2
20663 18213 18609       32.71190647 2
20664 18213 18609       32.71190647 1
20665 17746 17455       32.24590989 2
20666 17746 17455       32.24590989 2
20667 19094 18539       26.47686252 1
20668 19094 18539       26.47686252 2
20669 18310 18215       26.76839064 2
20670 18310 18215       26.76839064 1
20671 19017 17606       30.14237688 2
20672 19017 17606       30.14237688 2
20673 18209 18364       28.27120992 2
20674 18209 18364       28.27120992 1
20675 18784 18365       36.67915734 1
20676 18784 18365       36.67915734 2
20677 17300 18611       28.38217273 1
20678 17300 18611       28.38217273 2
20679 17545 17292       35.39817868 1
20680 17545 17292       35.39817868 2
20681 18269 17546       36.68341669 2
20682 18269 17546       36.68341669 1
20683 18135 18929       23.47162123 1
20684 18135 18929       23.47162123 2
20685 18740 17597       24.87661103 1
20686 18740 17597       24.87661103 2
20687 18150 17630       32.02939340 2
20688 18150 17630       32.02939340 2
20689 17985 18667       27.14256737 1
20690 17985 18667       27.14256737 2
20691 17328 17479       29.25559914 2
20692 17328 17479       29.25559914 2
20693 17137 18544       28.86830145 1
20694 17137 18544       28.86830145 1
20695 18213 17977       31.84228968 1
20696 18213 17977       31.84228968 2
20697 19049 18910       25.27868030 2
20698 19049 18910       25.27868030 2
20699 18886 18715       27.88744403 2
20700 18886 18715       27.88744403 1
20701 17521 17710       30.06881088 2
20702 17521 17710       30.06881088 1
20703 18620 17367       22.06178643 1
20704 18620 17367       22.06178643 1
20705 18980 18602       23.47764477 1
20706 18980 18602       23.47764477 2
20707 18740 18593       28.58690098 2
20708 18740 18593       28.58690098 2
20709 18953 18959       27.51483581 2
20710 18953 18959       27.51483581 2
20711 17239 17713       31.64257648 2
20712 17239 17713       31.64257648 1
20713 17428 17583       31.04750245 2
20714 17428 17583       31.04750245 1
20715 18675 18622       30.63998356 2
20716 18675 18622       30.63998356 2
20717 17211 17275       27.03134607 1
20718 17211 17275       27.03134607 1
20719 18693 17795       34.43735380 1
20720 18693 17795       34.43735380 2
20721 17751 17975       31.13926030 2
20722 17751 17975       31.13926030 1
20723 17511 18218       31.53991547 1
20724 17511 18218       31.53991547 1
20725 18310 18994       26.35164304 2
20726 18310 18994       26.35164304 2
20727 18244 18729       25.89311196 2
20728 18244 18729       25.89311196 1
20729 18162 18797       29.03709326 2
20730 18162 18797       29.03709326 1
20731 17794 18745       33.21599083 1
20732 17794 18745       33.21599083 1
20733 17409 19027       24.58931460 1
20734 17409 19027       24.58931460 1
20735 18162 17196       32.53681904 2
20736 18162 17196       32.53681904 2
20737 18731 19012       24.19680440 2
20738 18731 19012       24.19680440 1
20739 17738 17745       28.66962328 2
20740 17738 17745       28.66962328 1
20741 18027 18782       26.37577168 2
20742 18027 18782       26.37577168 2
20743 17239 17375       33.94675030 2
20744 17239 17375       33.94675030 2
20745 18162 17774       31.56835599 2
20746 18162 17774       31.56835599 2
20747 18027 18926       28.25621537 1
20748 18027 18926       28.25621537 2
20749 17584 17849       29.18813093 1
20750 17584 17849       29.18813093 1
20751 18027 18925       25.69685467 2
20752 18027 18925       25.69685467 1
20753 19002 18855       24.24232878 2
20754 19002 18855       24.24232878 1
20755 17785 18339       28.56123499 1
20756 17785 18339       28.56123499 1
20757 18620 18569       23.42184364 1
20758 18620 18569       23.42184364 2
20759 19032 18460       29.81323132 1
20760 19032 18460       29.81323132 1
20761 18693 17171       39.67526861 2
20762 18693 17171       39.67526861 1
20763 17738 17969       24.13077975 2
20764 17738 17969       24.13077975 1
20765 18135 17373       25.40912664 1
20766 18135 17373       25.40912664 1
20767 18850 17378       25.08424101 1
20768 18850 17378       25.08424101 2
20769 17428 18083       27.48991778 2
20770 17428 18083       27.48991778 1
20771 18620 19045       27.26983501 2
20772 18620 19045       27.26983501 2
20773 19094 18873       27.92181924 1
20774 19094 18873       27.92181924 2
20775 18318 17897       25.24587076 1
20776 18318 17897       25.24587076 1
20777 17903 17884       33.89310942 2
20778 17903 17884       33.89310942 1
20779 17359 18865       26.70583951 1
20780 17359 18865       26.70583951 2
20781 18796 17322       29.75650571 1
20782 18796 17322       29.75650571 1
20783 18238 18137       30.08440431 1
20784 18238 18137       30.08440431 2
20785 17230 17222       28.19761249 2
20786 17230 17222       28.19761249 1
20787 17239 17180       26.77250489 1
20788 17239 17180       26.77250489 1
20789 18548 17341       30.25644034 2
20790 18548 17341       30.25644034 1
20791 18046 17698       26.83214532 2
20792 18046 17698       26.83214532 2
20793 18693 18603       33.00334865 2
20794 18693 18603       33.00334865 1
20795 17995 17243       26.06942261 1
20796 17995 17243       26.06942261 2
20797 18269 17642       33.31819190 2
20798 18269 17642       33.31819190 2
20799 17359 17401       27.30688227 1
20800 17359 17401       27.30688227 1
20801 18864 18346       26.08160281 2
20802 18864 18346       26.08160281 1
20803 18238 18908       28.04289264 1
20804 18238 18908       28.04289264 2
20805 18496 17394       32.50259095 2
20806 18496 17394       32.50259095 2
20807 18491 18787       30.40094556 1
20808 18491 18787       30.40094556 2
20809 19017 17399       32.49225927 2
20810 19017 17399       32.49225927 1
20811 17828 18527       24.81686210 2
20812 17828 18527       24.81686210 1
20813 18990 18462       24.98176113 2
20814 18990 18462       24.98176113 1
20815 18162 18402       29.44176032 2
20816 18162 18402       29.44176032 1
20817 18035 18897       26.64640129 2
20818 18035 18897       26.64640129 2
20819 19032 18170       27.57886279 1
20820 19032 18170       27.57886279 2
20821 17667 17861       26.65793562 2
20822 17667 17861       26.65793562 2
20823 17407 17814       29.52344718 1
20824 17407 17814       29.52344718 1
20825 18694 18825       32.19846938 2
20826 18694 18825       32.19846938 1
20827 18193 17805       31.11865822 1
20828 18193 17805       31.11865822 2
20829 19051 17706       33.81957586 1
20830 19051 17706       33.81957586 2
20831 17165 17686       29.80492343 1
20832 17165 17686       29.80492343 2
20833 17785 17486       27.24174177 1
20834 17785 17486       27.24174177 1
20835 17731 17789       29.64052672 2
20836 17731 17789       29.64052672 1
20837 17785 17967       31.75184840 1
20838 17785 17967       31.75184840 1
20839 18864 17228       28.06555189 1
20840 18864 17228       28.06555189 1
20841 17321 18432       25.89939688 1
20842 17321 18432       25.89939688 2
20843 18241 19019       31.08581684 1
20844 18241 19019       31.08581684 1
20845 18784 17759       32.25464742 2
20846 18784 17759       32.25464742 2
20847 18213 17978       28.88981589 1
20848 18213 17978       28.88981589 2
20849 18610 18214       30.42130303 1
20850 18610 18214       30.42130303 1
20851 19063 18962       28.29624959 2
20852 19063 18962       28.29624959 2
20853 19094 17324       25.70191631 1
20854 19094 17324       25.70191631 2
20855 19051 18763       29.32275211 2
20856 19051 18763       29.32275211 2
20857 18731 18887       23.36274526 2
20858 18731 18887       23.36274526 1
20859 17731 17221       29.51682119 2
20860 17731 17221       29.51682119 2
20861 18980 18957       23.42755364 2
20862 18980 18957       23.42755364 1
20863 17828 18775       23.29331080 1
20864 17828 18775       23.29331080 2
20865 19002 17144       25.21398629 1
20866 19002 17144       25.21398629 2
20867 18496 17393       31.10972887 2
20868 18496 17393       31.10972887 2
20869 18496 17501       32.47451879 1
20870 18496 17501       32.47451879 1
20871 18604 17786       26.54454568 1
20872 18604 17786       26.54454568 2
20873 17870 18109       29.23861363 2
20874 17870 18109       29.23861363 2
20875 18491 18881       29.83935306 1
20876 18491 18881       29.83935306 2
20877 18980 18328       32.17232395 1
20878 18980 18328       32.17232395 2
20879 19054 17867       30.78716543 2
20880 19054 17867       30.78716543 2
20881 17746 18524       28.31400617 2
20882 17746 18524       28.31400617 2
20883 18007 18608       26.84591771 2
20884 18007 18608       26.84591771 1
20885 18685 18822       30.79222511 1
20886 18685 18822       30.79222511 1
20887 18046 18903       28.32599471 1
20888 18046 18903       28.32599471 2
20889 17751 18619       30.46897113 2
20890 17751 18619       30.46897113 1
20891 18181 17305       29.39039981 1
20892 18181 17305       29.39039981 1
20893 18681 18368       29.61635889 2
20894 18681 18368       29.61635889 1
20895 17409 18702       27.99182558 1
20896 17409 18702       27.99182558 1
20897 18175 17668       31.88345808 2
20898 18175 17668       31.88345808 2
20899 18620 17620       26.09888463 2
20900 18620 17620       26.09888463 2
20901 18889 17732       29.59506738 1
20902 18889 17732       29.59506738 2
20903 18953 19097       30.15745660 2
20904 18953 19097       30.15745660 1
20905 17731 17916       25.19414250 2
20906 17731 17916       25.19414250 2
20907 17511 17246       34.00449476 1
20908 17511 17246       34.00449476 2
20909 17407 18557       31.76349282 2
20910 17407 18557       31.76349282 2
20911 17874 17489       27.86165845 2
20912 17874 17489       27.86165845 2
20913 17407 17813       27.25484941 1
20914 17407 17813       27.25484941 1
20915 17407 18660       24.08387653 2
20916 17407 18660       24.08387653 1
20917 18138 19082       24.79691024 2
20918 18138 19082       24.79691024 1
20919 18035 17285       24.37698706 2
20920 18035 17285       24.37698706 2
20921 17731 18779       25.95938757 2
20922 17731 18779       25.95938757 2
20923 18007 18294       26.69554292 1
20924 18007 18294       26.69554292 2
20925 17785 17458       26.76722944 2
20926 17785 17458       26.76722944 1
20927 18496 17224       28.61846622 1
20928 18496 17224       28.61846622 1
20929 18796 18178       33.89778676 1
20930 18796 18178       33.89778676 2
20931 18135 17278       23.32380340 1
20932 18135 17278       23.32380340 1
20933 18162 17773       33.52245696 1
20934 18162 17773       33.52245696 1
20935 18491 17965       33.05534400 1
20936 18491 17965       33.05534400 2
20937 17407 17493       30.80587190 2
20938 17407 17493       30.80587190 2
20939 18491 17909       29.62698640 1
20940 18491 17909       29.62698640 1
20941 18990 18902       17.74608240 2
20942 18990 18902       17.74608240 2
20943 18007 17118       30.53190696 2
20944 18007 17118       30.53190696 1
20945 18953 18800       28.76387204 1
20946 18953 18800       28.76387204 2
20947 17319 17395       28.29354118 2
20948 17319 17395       28.29354118 2
20949 17300 18507       26.20707674 1
20950 17300 18507       26.20707674 1
20951 18685 18291       33.10834868 1
20952 18685 18291       33.10834868 1
20953 19054 18427       30.16711513 2
20954 19054 18427       30.16711513 2
20955 18610 18103       25.66984237 2
20956 18610 18103       25.66984237 2
20957 17227 17538       31.63767595 1
20958 17227 17538       31.63767595 1
20959 18496 17992       26.17079434 2
20960 18496 17992       26.17079434 1
20961 18548 17993       24.66519923 1
20962 18548 17993       24.66519923 2
20963 18175 17923       29.51283703 2
20964 18175 17923       29.51283703 1
20965 19063 18286       28.37542502 2
20966 19063 18286       28.37542502 2
20967 17828 18591       28.26926622 2
20968 17828 18591       28.26926622 1
20969 17870 18110       29.63051515 1
20970 17870 18110       29.63051515 2
20971 17995 19005       28.17544625 2
20972 17995 19005       28.17544625 1
20973 18318 17898       24.91036669 1
20974 18318 17898       24.91036669 1
20975 17731 18372       26.32633294 2
20976 17731 18372       26.32633294 1
20977 18694 17369       30.66249760 1
20978 18694 17369       30.66249760 1
20979 18282 18771       21.09786900 1
20980 18282 18771       21.09786900 1
20981 17328 17953       36.83316160 2
20982 17328 17953       36.83316160 2
20983 18238 18408       34.23037238 1
20984 18238 18408       34.23037238 1
20985 17828 18528       27.40678647 2
20986 17828 18528       27.40678647 1
20987 19009 17132       30.59005571 2
20988 19009 17132       30.59005571 2
20989 17545 17996       35.66488209 1
20990 17545 17996       35.66488209 1
20991 18548 18449       19.94784607 2
20992 18548 18449       19.94784607 2
20993 17428 18909       27.42990335 1
20994 17428 18909       27.42990335 1
20995 18889 17809       31.20245413 2
20996 18889 17809       31.20245413 2
20997 18193 18036       29.81666122 1
20998 18193 18036       29.81666122 1
20999 18694 18260       34.58829692 1
21000 18694 18260       34.58829692 2
21001 17321 17748       31.19047948 2
21002 17321 17748       31.19047948 2
21003 18824 18055       34.94406302 1
21004 18824 18055       34.94406302 1
21005 18282 18400       22.49927058 1
21006 18282 18400       22.49927058 2
21007 19049 17499       28.14046214 2
21008 19049 17499       28.14046214 2
21009 18784 17242       36.28258627 1
21010 18784 17242       36.28258627 1
21011 18007 18438       29.62274836 1
21012 18007 18438       29.62274836 1
21013 19063 18578       23.69809035 2
21014 19063 18578       23.69809035 1
21015 18310 17865       29.16483313 1
21016 18310 17865       29.16483313 2
21017 17584 19043       30.41729029 1
21018 17584 19043       30.41729029 1
21019 18027 18303       29.20188469 1
21020 18027 18303       29.20188469 1
21021 17719 18288       27.04959106 2
21022 17719 18288       27.04959106 1
21023 17731 18006       29.99066645 2
21024 17731 18006       29.99066645 2
21025 18181 17569       24.06638310 2
21026 18181 17569       24.06638310 1
21027 17202 18590       26.72690087 2
21028 17202 18590       26.72690087 1
21029 18035 18915       30.58251117 2
21030 18035 18915       30.58251117 2
21031 17265 18191       32.27839333 1
21032 17265 18191       32.27839333 2
21033 19051 18335       30.93824192 1
21034 19051 18335       30.93824192 1
21035 18604 17304       30.78807088 1
21036 18604 17304       30.78807088 2
21037 17321 18795       29.30178123 2
21038 17321 18795       29.30178123 1
21039 18310 17173       23.71235911 2
21040 18310 17173       23.71235911 1
21041 18181 18490       29.80095183 1
21042 18181 18490       29.80095183 2
21043 18038 18640       25.50539402 2
21044 18038 18640       25.50539402 1
21045 18685 18821       30.91270652 1
21046 18685 18821       30.91270652 2
21047 18784 17247       33.96121762 2
21048 18784 17247       33.96121762 2
21049 18694 17979       30.37814009 2
21050 18694 17979       30.37814009 2
21051 18238 18050       29.48563305 2
21052 18238 18050       29.48563305 2
21053 17409 17799       23.02444592 2
21054 17409 17799       23.02444592 2
21055 17248 18936       33.36185484 1
21056 17248 18936       33.36185484 2
21057 18138 19011       25.30119343 2
21058 18138 19011       25.30119343 2
21059 19009 18164       34.00647785 1
21060 19009 18164       34.00647785 2
21061 18150 19023       23.42420071 1
21062 18150 19023       23.42420071 1
21063 17751 17712       27.78335138 1
21064 17751 17712       27.78335138 2
21065 18193 17508       28.79598717 2
21066 18193 17508       28.79598717 2
21067 18690 18891       31.78439902 1
21068 18690 18891       31.78439902 1
21069 18694 18861       33.04166558 2
21070 18694 18861       33.04166558 1
21071 17746 18588       24.58325925 1
21072 17746 18588       24.58325925 2
21073 17604 17470       25.86409044 2
21074 17604 17470       25.86409044 1
21075 18035 18649       30.61829287 1
21076 18035 18649       30.61829287 1
21077 17828 17878       20.72194747 1
21078 17828 17878       20.72194747 1
21079 18175 17676       22.82857700 1
21080 18175 17676       22.82857700 1
21081 17230 18600       26.66056923 2
21082 17230 18600       26.66056923 2
21083 18193 18988       25.52308370 2
21084 18193 18988       25.52308370 1
21085 18850 17951       25.54942685 2
21086 18850 17951       25.54942685 1
21087 18413 17212       32.46367122 1
21088 18413 17212       32.46367122 2
21089 19049 17116       31.32096513 1
21090 19049 17116       31.32096513 2
21091 17874 18296       26.06646300 1
21092 17874 18296       26.06646300 2
21093 18731 18111       24.50146332 2
21094 18731 18111       24.50146332 2
21095 18038 18095       29.74896087 1
21096 18038 18095       29.74896087 2
21097 18046 17743       28.32930569 2
21098 18046 17743       28.32930569 1
21099 18681 18344       28.84161053 2
21100 18681 18344       28.84161053 1
